vol_id,page,sentence_id,ent_id,entity,entity_type,start_char,end_char
ien.35558005375361,1,0,0,1936,CARDINAL,15,19
ien.35558005375361,3,1,0,OCT 2 8,DATE,27,34
ien.35558005375361,3,1,1,1936,DATE,35,39
ien.35558005375361,3,1,2,Chicago,GPE,88,95
ien.35558005375361,3,1,3,CHICAGO,GPE,159,166
ien.35558005375361,3,1,4,ILLINOIS,GPE,168,176
ien.35558005375361,5,0,0,The Negro Tuberculosis Problem in Chicago BY,WORK_OF_ART,0,44
ien.35558005375361,5,0,1,MARION NELSON,PERSON,45,58
ien.35558005375361,5,0,2,National Tuberculosis Association,ORG,82,115
ien.35558005375361,5,0,3,THE CHICAGO TUBERCULOSIS INSTITUTE,ORG,129,163
ien.35558005375361,5,0,4,"September, 1936",DATE,208,223
ien.35558005375361,6,1,0,the fall of 1935,DATE,66,82
ien.35558005375361,6,1,1,the Chicago Tuberculosis Institute,ORG,102,136
ien.35558005375361,6,1,2,Chicago,GPE,198,205
ien.35558005375361,6,2,0,1,CARDINAL,30,31
ien.35558005375361,6,2,1,2,CARDINAL,113,114
ien.35558005375361,6,3,0,the years 1933,DATE,35,49
ien.35558005375361,6,3,1,1934,DATE,57,61
ien.35558005375361,6,4,0,the Department of Health,ORG,67,91
ien.35558005375361,6,4,1,the City of Chicago,GPE,95,114
ien.35558005375361,7,0,0,Negroes,NORP,99,106
ien.35558005375361,7,0,1,Chicago,GPE,110,117
ien.35558005375361,7,1,0,four years,DATE,22,32
ien.35558005375361,7,1,1,1932,DATE,135,139
ien.35558005375361,7,1,2,first,ORDINAL,155,160
ien.35558005375361,7,1,3,Negro,NORP,188,193
ien.35558005375361,7,2,0,1932 through 1934,DATE,5,22
ien.35558005375361,7,2,1,second,ORDINAL,39,45
ien.35558005375361,7,3,0,seventh,ORDINAL,41,48
ien.35558005375361,7,3,1,each year,DATE,72,81
ien.35558005375361,7,3,2,1931,DATE,89,93
ien.35558005375361,7,3,3,the quinquennium 1930 to 1934,DATE,101,130
ien.35558005375361,7,3,4,1914,DATE,187,191
ien.35558005375361,7,3,5,first,ORDINAL,205,210
ien.35558005375361,7,4,0,that year,DATE,6,15
ien.35558005375361,7,4,1,one or two years,DATE,62,78
ien.35558005375361,7,4,2,1899,DATE,86,90
ien.35558005375361,7,4,3,a few years,DATE,164,175
ien.35558005375361,7,4,4,the early 1890's,DATE,183,199
ien.35558005375361,7,5,0,Negro,NORP,9,14
ien.35558005375361,7,5,1,the last five years,DATE,127,146
ien.35558005375361,7,5,2,almost one-third,CARDINAL,147,163
ien.35558005375361,7,5,3,Negro,NORP,222,227
ien.35558005375361,7,5,4,seven per cent,PERCENT,285,299
ien.35558005375361,7,6,0,the first decade of the present century,DATE,47,86
ien.35558005375361,7,6,1,Negroes,NORP,92,99
ien.35558005375361,7,6,2,about two per cent,PERCENT,112,130
ien.35558005375361,7,6,3,six per cent,PERCENT,170,182
ien.35558005375361,7,7,0,Negroes,NORP,79,86
ien.35558005375361,7,7,1,Negro,NORP,147,152
ien.35558005375361,7,8,0,only four per cent,PERCENT,8,26
ien.35558005375361,7,8,1,the 32 per cent,PERCENT,88,103
ien.35558005375361,7,8,2,25 per cent,PERCENT,143,154
ien.35558005375361,7,8,3,seven per cent,PERCENT,174,188
ien.35558005375361,7,9,0,Negro,NORP,12,17
ien.35558005375361,7,9,1,در 9059,EVENT,130,137
ien.35558005375361,8,0,0,the thirty-five years since 1900,DATE,0,32
ien.35558005375361,8,1,0,285,CARDINAL,20,23
ien.35558005375361,8,1,1,"100,000",CARDINAL,28,35
ien.35558005375361,8,1,2,Negro,NORP,43,48
ien.35558005375361,8,1,3,the quinquennium 1930-1934,DATE,64,90
ien.35558005375361,8,1,4,more than six,CARDINAL,95,108
ien.35558005375361,8,1,5,'four and one-half times,DATE,139,163
ien.35558005375361,8,1,6,64,CARDINAL,176,178
ien.35558005375361,8,2,0,two,CARDINAL,27,30
ien.35558005375361,8,3,0,the period 1930-1934,DATE,38,58
ien.35558005375361,8,3,1,"1,000",CARDINAL,74,79
ien.35558005375361,8,3,2,17.1,CARDINAL,109,113
ien.35558005375361,8,3,3,Negro,NORP,122,127
ien.35558005375361,8,3,4,one and two-thirds,CARDINAL,143,161
ien.35558005375361,8,4,0,the thirty-five years since 1900,DATE,7,39
ien.35558005375361,8,4,1,two,CARDINAL,106,109
ien.35558005375361,8,4,2,Negro,NORP,164,169
ien.35558005375361,8,4,3,between one and one-third,CARDINAL,227,252
ien.35558005375361,8,4,4,one and three-fourths,CARDINAL,257,278
ien.35558005375361,8,5,0,two,CARDINAL,91,94
ien.35558005375361,8,5,1,the fifteen years since 1920,DATE,116,144
ien.35558005375361,8,5,2,Negro,NORP,252,257
ien.35558005375361,8,6,0,the twenty-year,DATE,7,22
ien.35558005375361,8,6,1,1900 to 1920,DATE,35,47
ien.35558005375361,8,6,2,Negro,NORP,61,66
ien.35558005375361,8,6,3,three,CARDINAL,113,118
ien.35558005375361,8,6,4,the fifteen years since 1920,DATE,157,185
ien.35558005375361,8,6,5,Negro,NORP,198,203
ien.35558005375361,8,6,6,a little more than five,CARDINAL,218,241
ien.35558005375361,8,6,7,more than six,CARDINAL,327,340
ien.35558005375361,8,6,8,the latest quinquennium,DATE,371,394
ien.35558005375361,8,6,9,1930-1934,DATE,396,405
ien.35558005375361,8,7,0,1900-1904,DATE,83,92
ien.35558005375361,8,7,1,1930-1934,DATE,97,106
ien.35558005375361,8,7,2,72 per cent,PERCENT,123,134
ien.35558005375361,8,7,3,167,CARDINAL,168,171
ien.35558005375361,8,7,4,"100,000",CARDINAL,176,183
ien.35558005375361,8,7,5,46,CARDINAL,187,189
ien.35558005375361,8,8,0,Negro,NORP,4,9
ien.35558005375361,8,8,1,only 52 per cent,PERCENT,53,69
ien.35558005375361,8,8,2,600,CARDINAL,120,123
ien.35558005375361,8,8,3,285,CARDINAL,127,130
ien.35558005375361,8,8,4,"100,000",CARDINAL,135,142
ien.35558005375361,8,9,0,30 per cent,PERCENT,60,71
ien.35558005375361,8,9,1,Negro,NORP,89,94
ien.35558005375361,8,9,2,27 per cent,PERCENT,108,119
ien.35558005375361,8,9,3,two,CARDINAL,206,209
ien.35558005375361,8,10,0,14.4,CARDINAL,65,69
ien.35558005375361,8,10,1,"1,000",CARDINAL,74,79
ien.35558005375361,8,10,2,24.3,CARDINAL,109,113
ien.35558005375361,8,10,3,Negro,NORP,122,127
ien.35558005375361,8,10,4,10.2,CARDINAL,198,202
ien.35558005375361,8,10,5,17.1,CARDINAL,207,211
ien.35558005375361,9,1,0,75,CARDINAL,30,32
ien.35558005375361,9,1,1,the United States Census Bureau,ORG,83,114
ien.35558005375361,9,1,2,1930,DATE,118,122
ien.35558005375361,9,3,0,Chicago,GPE,74,81
ien.35558005375361,9,3,1,"January, 1934",DATE,98,111
ien.35558005375361,9,4,0,1930,DATE,177,181
ien.35558005375361,9,4,1,the years since 1930,DATE,291,311
ien.35558005375361,9,5,0,"January, 1934",DATE,48,61
ien.35558005375361,9,5,1,"236,305",CARDINAL,63,70
ien.35558005375361,9,5,2,"2,402",CARDINAL,100,105
ien.35558005375361,9,5,3,approximately 600,CARDINAL,110,127
ien.35558005375361,9,5,4,annually,DATE,128,136
ien.35558005375361,9,5,5,1930,DATE,157,161
ien.35558005375361,9,6,0,"about 12,000",CARDINAL,54,66
ien.35558005375361,9,6,1,annually,DATE,67,75
ien.35558005375361,9,6,2,the ten years between 1920 and 1930,DATE,83,118
ien.35558005375361,9,7,0,Eighty-two per cent,PERCENT,0,19
ien.35558005375361,9,7,1,"236,000",CARDINAL,34,41
ien.35558005375361,9,7,2,Negroes,NORP,42,49
ien.35558005375361,9,7,3,four,CARDINAL,70,74
ien.35558005375361,9,7,4,75,CARDINAL,82,84
ien.35558005375361,9,7,5,the Near West Side,LOC,110,128
ien.35558005375361,9,7,6,Douglas,GPE,130,137
ien.35558005375361,9,7,7,Grand Boulevard,FAC,139,154
ien.35558005375361,9,7,8,Washington Park,FAC,164,179
ien.35558005375361,9,7,9,Grand Boulevard,FAC,226,241
ien.35558005375361,9,7,10,"85,000 or",PERCENT,257,266
ien.35558005375361,9,7,11,36 per cent,PERCENT,267,278
ien.35558005375361,9,7,12,Negroes,NORP,297,304
ien.35558005375361,9,8,0,Douglas,LOC,4,11
ien.35558005375361,9,8,1,Washington Park,FAC,16,31
ien.35558005375361,9,8,2,"about 42,000",CARDINAL,74,86
ien.35558005375361,9,8,3,the Near West Side,LOC,91,109
ien.35558005375361,9,8,4,"24,000",CARDINAL,110,116
ien.35558005375361,9,8,5,four,CARDINAL,140,144
ien.35558005375361,9,8,6,"193,000",CARDINAL,158,165
ien.35558005375361,9,9,0,"An additional 38,000 or 16 per cent",PERCENT,0,35
ien.35558005375361,9,9,1,twelve,CARDINAL,62,68
ien.35558005375361,9,9,2,Woodlawn,GPE,86,94
ien.35558005375361,9,9,3,Morgan Park,FAC,96,107
ien.35558005375361,9,9,4,Oakland,GPE,109,116
ien.35558005375361,9,9,5,Near North Side,LOC,118,133
ien.35558005375361,9,9,6,Armour Square,FAC,135,148
ien.35558005375361,9,9,7,West Englewood,GPE,150,164
ien.35558005375361,9,9,8,Near South Side,LOC,166,181
ien.35558005375361,9,9,9,East Garfield Park,LOC,183,201
ien.35558005375361,9,9,10,Roseland,GPE,203,211
ien.35558005375361,9,9,11,Englewood,GPE,213,222
ien.35558005375361,9,9,12,South Lawndale,LOC,224,238
ien.35558005375361,9,9,13,Fuller Park,FAC,244,255
ien.35558005375361,9,9,14,Negroes,NORP,311,318
ien.35558005375361,9,9,15,"almost 10,000",CARDINAL,336,349
ien.35558005375361,9,9,16,Woodlawn,GPE,357,365
ien.35558005375361,9,9,17,"more than 1,100",CARDINAL,387,402
ien.35558005375361,9,9,18,Fuller Park,FAC,429,440
ien.35558005375361,9,10,0,"5,000",CARDINAL,14,19
ien.35558005375361,9,10,1,Negroes,NORP,20,27
ien.35558005375361,9,10,2,59,CARDINAL,82,84
ien.35558005375361,10,0,0,75,CARDINAL,15,17
ien.35558005375361,10,0,1,one hundred per cent,PERCENT,52,72
ien.35558005375361,10,1,0,three,CARDINAL,3,8
ien.35558005375361,10,1,1,Douglas,FAC,19,26
ien.35558005375361,10,1,2,Grand Boulevard,FAC,28,43
ien.35558005375361,10,1,3,Washington Park,FAC,49,64
ien.35558005375361,10,1,4,more than 90 per cent,PERCENT,82,103
ien.35558005375361,10,1,5,91,CARDINAL,162,164
ien.35558005375361,10,1,6,96,CARDINAL,166,168
ien.35558005375361,10,1,7,95,CARDINAL,174,176
ien.35558005375361,10,2,0,only six,CARDINAL,3,11
ien.35558005375361,10,2,1,Morgan Park,GPE,106,117
ien.35558005375361,10,2,2,Oakland,GPE,119,126
ien.35558005375361,10,2,3,the Near South Side,LOC,128,147
ien.35558005375361,10,2,4,the Near West Side,LOC,149,167
ien.35558005375361,10,2,5,Armour Square,FAC,169,182
ien.35558005375361,10,2,6,Woodlawn,GPE,188,196
ien.35558005375361,10,2,7,37 per cent,PERCENT,211,222
ien.35558005375361,10,2,8,Morgan Park,FAC,239,250
ien.35558005375361,10,2,9,16 per cent,PERCENT,259,270
ien.35558005375361,10,2,10,Woodlawn,GPE,274,282
ien.35558005375361,10,3,0,Armour Square,FAC,141,154
ien.35558005375361,10,3,1,Washington Park,FAC,155,170
ien.35558005375361,10,3,2,Near West Side,LOC,171,185
ien.35558005375361,10,4,0,Oakland,GPE,0,7
ien.35558005375361,10,4,1,"100,000",CARDINAL,36,43
ien.35558005375361,10,4,2,392.8,CARDINAL,55,60
ien.35558005375361,10,4,3,231.6,CARDINAL,61,66
ien.35558005375361,10,4,4,226.6,CARDINAL,67,72
ien.35558005375361,10,4,5,172.1,CARDINAL,73,78
ien.35558005375361,10,4,6,160.0,CARDINAL,79,84
ien.35558005375361,10,4,7,153.8,CARDINAL,85,90
ien.35558005375361,10,4,8,137.8,CARDINAL,91,96
ien.35558005375361,10,5,0,one,CARDINAL,5,8
ien.35558005375361,10,5,1,Negro,NORP,70,75
ien.35558005375361,10,5,2,Negroes,NORP,119,126
ien.35558005375361,10,6,0,Loop,FAC,21,25
ien.35558005375361,10,7,0,"only 3,530",CARDINAL,27,37
ien.35558005375361,10,7,1,1934,DATE,45,49
ien.35558005375361,10,7,2,75,CARDINAL,105,107
ien.35558005375361,10,9,0,approximately eleven per cent,PERCENT,43,72
ien.35558005375361,10,9,1,38 per cent,PERCENT,119,130
ien.35558005375361,10,10,0,approximately 17 per cent,PERCENT,136,161
ien.35558005375361,10,11,0,6,CARDINAL,127,128
ien.35558005375361,11,0,0,two to four,CARDINAL,0,11
ien.35558005375361,11,0,1,the Douglas district,LOC,101,121
ien.35558005375361,11,0,2,almost seven,CARDINAL,143,155
ien.35558005375361,11,2,0,only thirteen,CARDINAL,3,16
ien.35558005375361,11,2,1,75,CARDINAL,38,40
ien.35558005375361,11,3,0,eight,CARDINAL,148,153
ien.35558005375361,11,4,0,54,CARDINAL,21,23
ien.35558005375361,11,4,1,59,CARDINAL,90,92
ien.35558005375361,11,4,2,the twoyear period 1933-1934,DATE,97,125
ien.35558005375361,11,5,0,75,CARDINAL,28,30
ien.35558005375361,11,6,0,three,CARDINAL,11,16
ien.35558005375361,11,7,0,more than 100,CARDINAL,82,95
ien.35558005375361,11,7,1,"100,000",CARDINAL,100,107
ien.35558005375361,11,7,2,eight,CARDINAL,139,144
ien.35558005375361,11,7,3,59,CARDINAL,261,263
ien.35558005375361,11,7,4,less than 100,CARDINAL,293,306
ien.35558005375361,11,7,5,thirteen,CARDINAL,320,328
ien.35558005375361,11,7,6,59,CARDINAL,430,432
ien.35558005375361,11,7,7,54,CARDINAL,446,448
ien.35558005375361,11,8,0,three,CARDINAL,36,41
ien.35558005375361,11,8,1,"January, 1934",DATE,70,83
ien.35558005375361,11,8,2,"365,002",CARDINAL,89,96
ien.35558005375361,11,8,3,"531,503",CARDINAL,98,105
ien.35558005375361,11,8,4,"2,362,023",CARDINAL,111,120
ien.35558005375361,11,11,0,annually,DATE,119,127
ien.35558005375361,11,11,1,7,CARDINAL,166,167
ien.35558005375361,12,0,0,1908,DATE,0,4
ien.35558005375361,12,2,0,1929,DATE,76,80
ien.35558005375361,12,2,1,Negro,NORP,139,144
ien.35558005375361,12,4,0,six-year,DATE,9,17
ien.35558005375361,12,4,1,annual,DATE,101,107
ien.35558005375361,12,4,2,two,CARDINAL,179,182
ien.35558005375361,12,4,3,Negroes,NORP,245,252
ien.35558005375361,12,5,0,Negroes,NORP,74,81
ien.35558005375361,12,5,1,the six years,DATE,117,130
ien.35558005375361,12,5,2,2.91,CARDINAL,137,141
ien.35558005375361,12,5,3,2.22,CARDINAL,146,150
ien.35558005375361,12,6,0,year,DATE,46,50
ien.35558005375361,12,6,1,year,DATE,54,58
ien.35558005375361,12,8,0,1908,DATE,13,17
ien.35558005375361,12,8,1,that year,DATE,101,110
ien.35558005375361,12,8,2,more than four,CARDINAL,130,144
ien.35558005375361,12,8,3,the six years from 1918 through 1923,DATE,156,192
ien.35558005375361,12,8,4,1930-1934,DATE,231,240
ien.35558005375361,12,8,5,2.78,CARDINAL,245,249
ien.35558005375361,12,9,0,6,CARDINAL,93,94
ien.35558005375361,12,12,0,75,CARDINAL,53,55
ien.35558005375361,12,14,0,8,CARDINAL,131,132
ien.35558005375361,13,3,0,annual,DATE,38,44
ien.35558005375361,13,3,1,three,CARDINAL,59,64
ien.35558005375361,13,3,2,2.4,CARDINAL,120,123
ien.35558005375361,13,3,3,2.9,CARDINAL,125,128
ien.35558005375361,13,3,4,3.2,CARDINAL,134,137
ien.35558005375361,13,6,0,eight,CARDINAL,55,60
ien.35558005375361,13,6,1,38 per cent,PERCENT,106,117
ien.35558005375361,13,6,2,only 31 per cent,PERCENT,149,165
ien.35558005375361,13,6,3,43 per cent,PERCENT,251,262
ien.35558005375361,13,6,4,47 per cent,PERCENT,285,296
ien.35558005375361,13,7,0,two,CARDINAL,31,34
ien.35558005375361,13,9,0,Negroes,NORP,29,36
ien.35558005375361,13,9,1,more than half,CARDINAL,48,62
ien.35558005375361,13,9,2,56 per cent,PERCENT,64,75
ien.35558005375361,13,9,3,two,CARDINAL,234,237
ien.35558005375361,13,10,0,between the ages of 25 and 45,DATE,62,91
ien.35558005375361,13,13,0,9,CARDINAL,17,18
ien.35558005375361,14,3,0,1,CARDINAL,64,65
ien.35558005375361,14,3,1,2,CARDINAL,80,81
ien.35558005375361,14,3,2,3,CARDINAL,115,116
ien.35558005375361,14,3,3,"October, 1934",DATE,158,171
ien.35558005375361,14,3,4,4,CARDINAL,179,180
ien.35558005375361,14,5,0,4.8,CARDINAL,115,118
ien.35558005375361,14,5,1,4.2,CARDINAL,181,184
ien.35558005375361,14,5,2,3.8,CARDINAL,189,192
ien.35558005375361,14,6,0,4.0,CARDINAL,160,163
ien.35558005375361,14,8,0,"October, 1934",DATE,76,89
ien.35558005375361,14,8,1,46 per cent,PERCENT,101,112
ien.35558005375361,14,9,0,19 and,PERCENT,21,27
ien.35558005375361,14,9,1,9 per cent,PERCENT,28,38
ien.35558005375361,14,10,0,14 per cent,PERCENT,47,58
ien.35558005375361,14,11,0,The 46 per cent,PERCENT,0,15
ien.35558005375361,14,11,1,more than three,CARDINAL,66,81
ien.35558005375361,15,3,0,14,CARDINAL,60,62
ien.35558005375361,15,3,1,26,CARDINAL,64,66
ien.35558005375361,15,3,2,32,CARDINAL,72,74
ien.35558005375361,15,5,0,Negro,NORP,87,92
ien.35558005375361,15,10,0,the Municipal Tuberculosis Sanitarium,ORG,148,185
ien.35558005375361,15,10,1,the Home for Open Cases,ORG,187,210
ien.35558005375361,15,10,2,the Cook County Hospital,ORG,212,236
ien.35558005375361,15,10,3,the Cook County Tuberculosis Hospital at Oak Forest,ORG,242,293
ien.35558005375361,15,12,0,the Michael Reese Hospital,ORG,72,98
ien.35558005375361,15,12,1,the University of Chicago,ORG,100,125
ien.35558005375361,15,12,2,the Northwestern University Medical School,ORG,131,173
ien.35558005375361,15,13,0,St. Luke's Hospital,ORG,169,188
ien.35558005375361,15,13,1,Children's Memorial Hospital,ORG,190,218
ien.35558005375361,15,13,2,the University of Chicago,ORG,220,245
ien.35558005375361,15,13,3,the University of Illinois,ORG,251,277
ien.35558005375361,16,1,0,Negroes,NORP,17,24
ien.35558005375361,16,4,0,Negroes,NORP,261,268
ien.35558005375361,16,6,0,the Municipal Tuberculosis Sanitarium,ORG,15,52
ien.35558005375361,16,6,1,"27,838",CARDINAL,121,127
ien.35558005375361,16,6,2,Negroes,NORP,128,135
ien.35558005375361,16,6,3,1934,DATE,139,143
ien.35558005375361,16,6,4,"26,524",CARDINAL,148,154
ien.35558005375361,16,6,5,1933,DATE,158,162
ien.35558005375361,16,6,6,"27,181",CARDINAL,199,205
ien.35558005375361,16,6,7,approximately 11.5 per cent,PERCENT,207,234
ien.35558005375361,16,7,0,almost half,CARDINAL,83,94
ien.35558005375361,16,7,1,46 per cent,PERCENT,96,107
ien.35558005375361,16,8,0,Approximately 40 per cent,PERCENT,0,25
ien.35558005375361,16,8,1,60 per cent,PERCENT,84,95
ien.35558005375361,16,8,2,under sixteen years of age,DATE,105,131
ien.35558005375361,16,9,0,yearly,DATE,19,25
ien.35558005375361,16,9,1,999,CARDINAL,37,40
ien.35558005375361,16,9,2,eight per cent,PERCENT,44,58
ien.35558005375361,16,10,0,Eighty-eight per cent,PERCENT,0,21
ien.35558005375361,16,10,1,12 per cent,PERCENT,90,101
ien.35558005375361,16,11,0,Eighty-seven per cent,PERCENT,0,21
ien.35558005375361,16,11,1,13 per cent,PERCENT,38,49
ien.35558005375361,16,11,2,under sixteen,DATE,64,77
ien.35558005375361,16,12,0,Twenty-five per cent,PERCENT,0,20
ien.35558005375361,16,12,1,46 per cent,PERCENT,55,66
ien.35558005375361,16,12,2,29 per cent,PERCENT,95,106
ien.35558005375361,16,13,0,"1,305",CARDINAL,53,58
ien.35558005375361,16,13,1,1934,DATE,62,66
ien.35558005375361,16,13,2,"1,103",CARDINAL,71,76
ien.35558005375361,16,13,3,1933,DATE,80,84
ien.35558005375361,16,13,4,the two years,DATE,104,117
ien.35558005375361,16,13,5,"1,204",CARDINAL,121,126
ien.35558005375361,16,14,0,Forty-eight per cent,PERCENT,0,20
ien.35558005375361,16,14,1,52 per cent,PERCENT,46,57
ien.35558005375361,16,15,0,Negro,NORP,49,54
ien.35558005375361,16,15,1,"74,829",CARDINAL,93,99
ien.35558005375361,16,15,2,1934,DATE,103,107
ien.35558005375361,16,15,3,"68,870",CARDINAL,112,118
ien.35558005375361,16,15,4,1933,DATE,122,126
ien.35558005375361,16,15,5,yearly,DATE,133,139
ien.35558005375361,16,15,6,"71,850",CARDINAL,151,157
ien.35558005375361,16,16,0,"38,762",CARDINAL,93,99
ien.35558005375361,16,16,1,1934,DATE,103,107
ien.35558005375361,16,16,2,"37,602",CARDINAL,112,118
ien.35558005375361,16,16,3,1933,DATE,122,126
ien.35558005375361,16,16,4,yearly,DATE,130,136
ien.35558005375361,16,16,5,"38,182",CARDINAL,148,154
ien.35558005375361,16,17,0,12,CARDINAL,0,2
ien.35558005375361,17,1,0,Cook County Hospital,ORG,89,109
ien.35558005375361,17,2,0,The Municipal Tuberculosis Sanitarium,ORG,0,37
ien.35558005375361,17,2,1,the Home for Open Cases,ORG,39,62
ien.35558005375361,17,2,2,the Cook County Tuberculosis Hospital,ORG,68,105
ien.35558005375361,17,2,3,Oak Forest,FAC,109,119
ien.35558005375361,17,3,0,Cook County Hospital,ORG,15,35
ien.35558005375361,17,3,1,1934,DATE,55,59
ien.35558005375361,17,3,2,743,CARDINAL,71,74
ien.35558005375361,17,4,0,Five hundred and ninety-three,CARDINAL,0,29
ien.35558005375361,17,4,1,80 per cent,PERCENT,33,44
ien.35558005375361,17,4,2,150 or 20 per cent,PERCENT,93,111
ien.35558005375361,17,5,0,Three hundred and forty-four,CARDINAL,0,28
ien.35558005375361,17,5,1,58 per cent,PERCENT,32,43
ien.35558005375361,17,5,2,92 days,DATE,119,126
ien.35558005375361,17,6,0,249,CARDINAL,18,21
ien.35558005375361,17,6,1,110 days,DATE,107,115
ien.35558005375361,17,7,0,150,CARDINAL,7,10
ien.35558005375361,17,7,1,65,CARDINAL,32,34
ien.35558005375361,17,7,2,43 per cent,PERCENT,39,50
ien.35558005375361,17,7,3,27 days,DATE,109,116
ien.35558005375361,17,8,0,85,CARDINAL,14,16
ien.35558005375361,17,8,1,45 days,DATE,84,91
ien.35558005375361,17,9,0,About two-thirds,CARDINAL,0,16
ien.35558005375361,17,10,0,third,ORDINAL,14,19
ien.35558005375361,17,12,0,The Municipal Tuberculosis Sanitarium,ORG,0,37
ien.35558005375361,17,12,1,169,CARDINAL,47,50
ien.35558005375361,17,12,2,165,CARDINAL,81,84
ien.35558005375361,17,12,3,1934,DATE,92,96
ien.35558005375361,17,13,0,Seventy-five per cent,PERCENT,0,21
ien.35558005375361,17,13,1,under fifteen,DATE,59,72
ien.35558005375361,17,14,0,seven,CARDINAL,8,13
ien.35558005375361,17,14,1,333 days,DATE,107,115
ien.35558005375361,17,15,0,The Home for Open Cases,ORG,0,23
ien.35558005375361,17,15,1,42,CARDINAL,33,35
ien.35558005375361,17,15,2,22,CARDINAL,51,53
ien.35558005375361,17,15,3,1934,DATE,76,80
ien.35558005375361,17,16,0,five months,DATE,52,63
ien.35558005375361,17,17,0,13,CARDINAL,0,2
ien.35558005375361,18,0,0,The Cook County Tuberculosis Hospital at Oak Forest,ORG,0,51
ien.35558005375361,18,0,1,57,CARDINAL,61,63
ien.35558005375361,18,0,2,50,CARDINAL,79,81
ien.35558005375361,18,0,3,1934,DATE,104,108
ien.35558005375361,18,0,4,121 days,DATE,144,152
ien.35558005375361,18,1,0,Fifteen,CARDINAL,0,7
ien.35558005375361,18,1,1,35,CARDINAL,61,63
ien.35558005375361,18,2,0,Negroes,NORP,73,80
ien.35558005375361,18,2,1,four,CARDINAL,110,114
ien.35558005375361,18,3,0,more than one,CARDINAL,71,84
ien.35558005375361,18,3,1,the single year 1934,DATE,100,120
ien.35558005375361,18,4,0,four,CARDINAL,206,210
ien.35558005375361,18,5,0,Negroes,NORP,167,174
ien.35558005375361,18,7,0,Chicago,GPE,95,102
ien.35558005375361,18,7,1,the American Public Health Association,ORG,357,395
ien.35558005375361,18,8,0,two,CARDINAL,154,157
ien.35558005375361,18,9,0,Negro,NORP,77,82
ien.35558005375361,18,9,1,Negroes,NORP,313,320
ien.35558005375361,18,10,0,"71,850",CARDINAL,22,28
ien.35558005375361,18,10,1,Negro,NORP,39,44
ien.35558005375361,18,10,2,the Municipal Tuberculosis Sanitarium,ORG,77,114
ien.35558005375361,18,10,3,more than seven 14,CARDINAL,118,136
ien.35558005375361,19,0,0,"approximately 10,000",CARDINAL,19,39
ien.35558005375361,19,0,1,15,CARDINAL,77,79
ien.35558005375361,19,0,2,annual,DATE,96,102
ien.35558005375361,19,2,0,15 per cent,PERCENT,170,181
ien.35558005375361,19,3,0,the two-year period 1933-34,DATE,36,63
ien.35558005375361,19,3,1,25 per cent,PERCENT,75,86
ien.35558005375361,19,3,2,the former year,DATE,130,145
ien.35558005375361,19,3,3,23 per cent,PERCENT,152,163
ien.35558005375361,19,3,4,the latter year,DATE,172,187
ien.35558005375361,19,3,5,28 per cent,PERCENT,188,199
ien.35558005375361,19,4,0,three,CARDINAL,97,102
ien.35558005375361,19,5,0,two-year,DATE,26,34
ien.35558005375361,19,5,1,only 1.21,CARDINAL,53,62
ien.35558005375361,19,6,0,the two years,DATE,8,21
ien.35558005375361,19,6,1,1.02,CARDINAL,84,88
ien.35558005375361,19,6,2,1933,DATE,92,96
ien.35558005375361,19,6,3,1.42,CARDINAL,100,104
ien.35558005375361,19,6,4,1934,DATE,108,112
ien.35558005375361,19,7,0,50,CARDINAL,138,140
ien.35558005375361,19,7,1,annual,DATE,157,163
ien.35558005375361,19,8,0,"more than 38,000",CARDINAL,13,29
ien.35558005375361,19,8,1,59,CARDINAL,52,54
ien.35558005375361,19,9,0,approximately 57 per cent,PERCENT,76,101
ien.35558005375361,19,9,1,350 patient days,DATE,163,179
ien.35558005375361,19,10,0,1934,DATE,127,131
ien.35558005375361,19,10,1,44 per cent,PERCENT,220,231
ien.35558005375361,19,10,2,1934,DATE,277,281
ien.35558005375361,19,11,0,the 25 per cent,PERCENT,45,60
ien.35558005375361,20,1,0,Negro,NORP,54,59
ien.35558005375361,20,1,1,Chicago,GPE,84,91
ien.35558005375361,20,1,2,1,CARDINAL,122,123
ien.35558005375361,20,1,3,Negro,NORP,129,134
ien.35558005375361,20,1,4,285,CARDINAL,201,204
ien.35558005375361,20,1,5,"100,000",CARDINAL,209,216
ien.35558005375361,20,1,6,Negro,NORP,224,229
ien.35558005375361,20,1,7,the quinquennium 1930-1934,DATE,248,274
ien.35558005375361,20,1,8,more than six,CARDINAL,279,292
ien.35558005375361,20,1,9,46,CARDINAL,317,319
ien.35558005375361,20,1,10,the same period,DATE,324,339
ien.35558005375361,20,2,0,2,CARDINAL,0,1
ien.35558005375361,20,2,1,second,ORDINAL,27,33
ien.35558005375361,20,2,2,Negro,NORP,59,64
ien.35558005375361,20,3,0,as recently as 1932,DATE,6,25
ien.35558005375361,20,3,1,first,ORDINAL,37,42
ien.35558005375361,20,4,0,One-third,CARDINAL,0,9
ien.35558005375361,20,4,1,Negro,NORP,60,65
ien.35558005375361,20,4,2,seven per cent,PERCENT,123,137
ien.35558005375361,20,5,0,4,CARDINAL,0,1
ien.35558005375361,20,6,0,Negro,NORP,81,86
ien.35558005375361,20,8,0,Negro,NORP,82,87
ien.35558005375361,20,8,1,the years since 1920,DATE,119,139
ien.35558005375361,20,9,0,6,CARDINAL,0,1
ien.35558005375361,20,10,0,Eight,CARDINAL,0,5
ien.35558005375361,20,10,1,75,CARDINAL,20,22
ien.35558005375361,20,10,2,38 per cent,PERCENT,47,58
ien.35558005375361,20,11,0,11 per cent,PERCENT,41,52
ien.35558005375361,20,11,1,86 per cent,PERCENT,91,102
ien.35558005375361,20,12,0,7,CARDINAL,0,1
ien.35558005375361,20,13,0,eight,CARDINAL,46,51
ien.35558005375361,20,14,0,8,CARDINAL,0,1
ien.35558005375361,20,17,0,Negro,NORP,24,29
ien.35558005375361,20,19,0,Negroes,NORP,39,46
ien.35558005375361,21,0,0,Chicago,GPE,57,64
ien.35558005375361,21,4,0,one,CARDINAL,236,239
ien.35558005375361,21,4,1,annual,DATE,253,259
ien.35558005375361,21,5,0,Chicago,GPE,129,136
ien.35558005375361,21,6,0,Negro,NORP,47,52
ien.35558005375361,21,7,0,Negroes,NORP,11,18
ien.35558005375361,22,0,0,1,CARDINAL,6,7
ien.35558005375361,22,0,1,1900-1934,DATE,103,112
ien.35558005375361,22,0,2,1910 1911 1912,DATE,585,599
ien.35558005375361,22,0,3,1920 1921,DATE,895,904
ien.35558005375361,22,0,4,1925 1926,DATE,1062,1071
ien.35558005375361,22,0,5,1931 1932,DATE,1253,1262
ien.35558005375361,22,2,0,Negroes,NORP,9,16
ien.35558005375361,23,0,0,2,CARDINAL,6,7
ien.35558005375361,23,0,1,1900-1934,DATE,62,71
ien.35558005375361,23,0,2,"100,000",CARDINAL,104,111
ien.35558005375361,23,0,3,1900-1904,DATE,489,498
ien.35558005375361,23,0,4,1905-1909,DATE,712,721
ien.35558005375361,23,0,5,1916-1919,DATE,1199,1208
ien.35558005375361,23,0,6,1925-1929,DATE,1662,1671
ien.35558005375361,23,0,7,1930-1934,DATE,1892,1901
ien.35558005375361,24,0,0,3,CARDINAL,6,7
ien.35558005375361,24,0,1,1900-1934,DATE,60,69
ien.35558005375361,24,0,2,"1,000",CARDINAL,102,107
ien.35558005375361,24,0,3,1900-1904,DATE,490,499
ien.35558005375361,24,0,4,1905-1909,DATE,714,723
ien.35558005375361,24,0,5,1910-1914,DATE,960,969
ien.35558005375361,24,0,6,1916-1919,DATE,1207,1216
ien.35558005375361,24,0,7,1925-1929,DATE,1704,1713
ien.35558005375361,24,0,8,1930-1934,DATE,1951,1960
ien.35558005375361,25,0,0,4,CARDINAL,6,7
ien.35558005375361,25,0,1,1900-1934,DATE,129,138
ien.35558005375361,25,0,2,1900-1904,DATE,582,591
ien.35558005375361,25,1,0,1905-1909,DATE,0,9
ien.35558005375361,25,1,1,1915-1919,DATE,405,414
ien.35558005375361,25,1,2,1925-1929,DATE,814,823
ien.35558005375361,25,1,3,1930-1934,DATE,1022,1031
ien.35558005375361,26,0,0,5,CARDINAL,6,7
ien.35558005375361,26,0,1,1900-1934,DATE,89,98
ien.35558005375361,26,0,2,1900-1904,DATE,686,695
ien.35558005375361,26,0,3,1905-1909,DATE,901,910
ien.35558005375361,26,0,4,1910-1914,DATE,1141,1150
ien.35558005375361,26,0,5,1915-1919,DATE,1375,1384
ien.35558005375361,26,0,6,1920-1924,DATE,1609,1618
ien.35558005375361,26,0,7,1925-1929,DATE,1842,1851
ien.35558005375361,26,1,0,Negroes,NORP,9,16
ien.35558005375361,26,2,0,22,CARDINAL,0,2
ien.35558005375361,27,0,0,6,CARDINAL,6,7
ien.35558005375361,27,0,1,1908-1934,DATE,86,95
ien.35558005375361,27,0,2,1908 1909,DATE,220,229
ien.35558005375361,27,0,3,1910 1911,DATE,264,273
ien.35558005375361,27,0,4,1910-1914,DATE,375,384
ien.35558005375361,27,0,5,1915 1916,DATE,404,413
ien.35558005375361,27,0,6,1915-1919,DATE,519,528
ien.35558005375361,27,0,7,1920-1924,DATE,662,671
ien.35558005375361,27,0,8,1925 1926,DATE,691,700
ien.35558005375361,27,0,9,1925-1929,DATE,833,842
ien.35558005375361,27,0,10,1930-1934,DATE,1132,1141
ien.35558005375361,27,0,11,1929-1934,DATE,1196,1205
ien.35558005375361,28,0,0,7,CARDINAL,6,7
ien.35558005375361,28,0,1,75,CARDINAL,58,60
ien.35558005375361,28,0,2,Chicago,GPE,80,87
ien.35558005375361,28,0,3,"January, 1934",DATE,88,101
ien.35558005375361,28,0,4,"3,258,528",CARDINAL,272,281
ien.35558005375361,28,1,0,Rogers Park,FAC,0,11
ien.35558005375361,28,2,0,West Ridge,FAC,0,10
ien.35558005375361,28,4,0,Lincoln Square,FAC,0,14
ien.35558005375361,28,5,0,North Center,FAC,0,12
ien.35558005375361,28,6,0,"58,687",CARDINAL,0,6
ien.35558005375361,28,7,0,Lakeview,FAC,0,8
ien.35558005375361,28,8,0,Lincoln Park,FAC,0,12
ien.35558005375361,28,10,0,Edison Park,FAC,0,11
ien.35558005375361,28,11,0,Norwood Park,FAC,0,12
ien.35558005375361,28,13,0,Jefferson Park,FAC,0,14
ien.35558005375361,28,14,0,Forest Glen,FAC,0,11
ien.35558005375361,28,15,0,North Park,FAC,0,10
ien.35558005375361,28,16,0,Albany Park,FAC,0,11
ien.35558005375361,28,17,0,Portage Park,FAC,0,12
ien.35558005375361,28,19,0,Irving Park,FAC,0,11
ien.35558005375361,28,20,0,Dunning Montclare,ORG,0,17
ien.35558005375361,28,21,0,Belmont Cragin,FAC,0,14
ien.35558005375361,28,22,0,Hermosa,GPE,0,7
ien.35558005375361,28,23,0,Logan Square,FAC,0,12
ien.35558005375361,28,24,0,Humboldt Park,FAC,0,13
ien.35558005375361,28,26,0,Austin,GPE,0,6
ien.35558005375361,28,27,0,"47,335",CARDINAL,0,6
ien.35558005375361,28,38,0,Douglas,PERSON,0,7
ien.35558005375361,28,39,0,"58,467",CARDINAL,0,6
ien.35558005375361,28,41,0,Fuller Park,FAC,0,11
ien.35558005375361,28,42,0,"12,679",CARDINAL,0,6
ien.35558005375361,28,43,0,Less than one one-hundredth of one,CARDINAL,1,35
ien.35558005375361,28,44,0,24,CARDINAL,0,2
ien.35558005375361,29,0,0,7,CARDINAL,6,7
ien.35558005375361,29,0,1,38,CARDINAL,183,185
ien.35558005375361,29,1,0,Kenwood,GPE,0,7
ien.35558005375361,29,2,0,Washington Pk,ORG,0,13
ien.35558005375361,29,3,0,"88,741",CARDINAL,0,6
ien.35558005375361,29,4,0,Woodlawn,GPE,0,8
ien.35558005375361,29,6,0,Chatham,GPE,0,7
ien.35558005375361,29,7,0,Avalon Park,ORG,0,11
ien.35558005375361,29,8,0,"43,258",CARDINAL,0,6
ien.35558005375361,29,10,0,Burnside,GPE,0,8
ien.35558005375361,29,11,0,Calumet Hgts,ORG,0,12
ien.35558005375361,29,12,0,Roseland,GPE,0,8
ien.35558005375361,29,13,0,Pullman,GPE,0,7
ien.35558005375361,29,17,0,Pullman,GPE,5,12
ien.35558005375361,29,18,0,Riverdale,GPE,0,9
ien.35558005375361,29,19,0,Hegewisch,GPE,0,9
ien.35558005375361,29,22,0,Archer Heights,GPE,0,14
ien.35558005375361,29,24,0,McKinley Park,FAC,0,13
ien.35558005375361,29,25,0,Bridgeport,GPE,0,10
ien.35558005375361,29,26,0,New City..,GPE,0,10
ien.35558005375361,29,27,0,Elsdon,GPE,5,11
ien.35558005375361,29,28,0,Gage Park,FAC,0,9
ien.35558005375361,29,29,0,Clearing,GPE,0,8
ien.35558005375361,29,33,0,Englewood,GPE,5,14
ien.35558005375361,29,34,0,Englewood,GPE,0,9
ien.35558005375361,29,37,0,"48,128",CARDINAL,0,6
ien.35558005375361,29,38,0,Auburn Gresham,ORG,0,14
ien.35558005375361,29,39,0,Beverly,GPE,0,7
ien.35558005375361,29,40,0,Washington Hgts.,ORG,0,16
ien.35558005375361,29,42,0,Morgan Park,ORG,0,11
ien.35558005375361,29,43,0,"58,546 14,429",CARDINAL,0,13
ien.35558005375361,29,43,1,Less than one one-hundredth of one,CARDINAL,116,150
ien.35558005375361,29,44,0,25,CARDINAL,0,2
ien.35558005375361,30,0,0,8,CARDINAL,6,7
ien.35558005375361,30,0,1,75,CARDINAL,76,78
ien.35558005375361,30,0,2,Chicago,GPE,98,105
ien.35558005375361,30,0,3,Annual,DATE,142,148
ien.35558005375361,30,0,4,1933-34,DATE,157,164
ien.35558005375361,30,0,5,Annual,DATE,192,198
ien.35558005375361,30,0,6,1933-34,DATE,207,214
ien.35558005375361,30,1,0,"100,000",CARDINAL,37,44
ien.35558005375361,30,2,0,Rogers Park,FAC,0,11
ien.35558005375361,30,3,0,West Ridge,FAC,0,10
ien.35558005375361,30,5,0,Lincoln Square,FAC,0,14
ien.35558005375361,30,6,0,North Center,FAC,0,12
ien.35558005375361,30,7,0,Lakeview,GPE,0,8
ien.35558005375361,30,8,0,Lincoln Park,FAC,0,12
ien.35558005375361,30,10,0,Edison Park,FAC,0,11
ien.35558005375361,30,11,0,Norwood Park,FAC,0,12
ien.35558005375361,30,12,0,Jefferson Park,FAC,0,14
ien.35558005375361,30,13,0,Forest Glen,FAC,0,11
ien.35558005375361,30,15,0,Albany Park,FAC,0,11
ien.35558005375361,30,16,0,Portage Park,FAC,0,12
ien.35558005375361,30,17,0,Irving Park,FAC,106,117
ien.35558005375361,30,18,0,Dunning,GPE,15,22
ien.35558005375361,30,19,0,Montclare,GPE,0,9
ien.35558005375361,30,20,0,Belmont Cragin,ORG,0,14
ien.35558005375361,30,21,0,Hermosa,GPE,0,7
ien.35558005375361,30,22,0,0.70 21%,PERCENT,39,47
ien.35558005375361,30,24,0,Logan Square,FAC,0,12
ien.35558005375361,30,25,0,Humboldt Park,FAC,0,13
ien.35558005375361,30,27,0,Austin,GPE,0,6
ien.35558005375361,30,37,0,Armour Square,FAC,0,13
ien.35558005375361,30,39,0,Oakland,GPE,135,142
ien.35558005375361,30,40,0,Fuller Park,FAC,0,11
ien.35558005375361,30,40,1,Grand Boulevard,FAC,15,30
ien.35558005375361,30,41,0,Washington Park,FAC,13,28
ien.35558005375361,30,43,0,"the two years,",DATE,13,27
ien.35558005375361,30,43,1,1933,DATE,28,32
ien.35558005375361,30,43,2,1934,DATE,37,41
ien.35558005375361,30,43,3,252,CARDINAL,54,57
ien.35558005375361,31,0,0,8,CARDINAL,6,7
ien.35558005375361,31,0,1,Annual,DATE,54,60
ien.35558005375361,31,0,2,1933-34,DATE,69,76
ien.35558005375361,31,0,3,Annual,DATE,104,110
ien.35558005375361,31,0,4,1933-34,DATE,119,126
ien.35558005375361,31,1,0,"100,000",CARDINAL,37,44
ien.35558005375361,31,1,1,41,CARDINAL,114,116
ien.35558005375361,31,2,0,Hyde Park,GPE,0,9
ien.35558005375361,31,3,0,Woodlawn,GPE,0,8
ien.35558005375361,31,4,0,South Shore.,PERSON,0,12
ien.35558005375361,31,5,0,Chatham,GPE,0,7
ien.35558005375361,31,6,0,Avalon Park,FAC,0,11
ien.35558005375361,31,7,0,4272,CARDINAL,0,4
ien.35558005375361,31,8,0,Chicago,GPE,6,13
ien.35558005375361,31,9,0,Burnside,GPE,0,8
ien.35558005375361,31,10,0,Calumet Hgts,GPE,0,12
ien.35558005375361,31,11,0,Roseland,GPE,0,8
ien.35558005375361,31,12,0,Pullman,GPE,0,7
ien.35558005375361,31,13,0,8272,CARDINAL,0,4
ien.35558005375361,31,16,0,West Pullman,GPE,0,12
ien.35558005375361,31,17,0,Riverdale,GPE,0,9
ien.35558005375361,31,18,0,Hegewisch,GPE,0,9
ien.35558005375361,31,20,0,Garfield Ridge,GPE,0,14
ien.35558005375361,31,21,0,Archer Heights..,GPE,0,16
ien.35558005375361,31,22,0,Brighton Park.,GPE,0,14
ien.35558005375361,31,23,0,McKinley Park,ORG,0,13
ien.35558005375361,31,23,1,Bridgeport,GPE,14,24
ien.35558005375361,31,24,0,New City,GPE,131,139
ien.35558005375361,31,27,0,West Lawn,ORG,0,9
ien.35558005375361,31,28,0,139,CARDINAL,0,3
ien.35558005375361,31,33,0,4142,CARDINAL,0,4
ien.35558005375361,31,34,0,Auburn Gresham,ORG,0,14
ien.35558005375361,31,35,0,Beverly,GPE,0,7
ien.35558005375361,31,36,0,Washington Hgts.,ORG,0,16
ien.35558005375361,31,38,0,Morgan Park,ORG,0,11
ien.35558005375361,31,39,0,4372,CARDINAL,0,4
ien.35558005375361,31,39,1,22.7 13.4 57.4,PERCENT,95,109
ien.35558005375361,31,40,0,"the two years,",DATE,13,27
ien.35558005375361,31,40,1,1933,DATE,28,32
ien.35558005375361,31,40,2,1934,DATE,37,41
ien.35558005375361,31,40,3,252,CARDINAL,54,57
ien.35558005375361,31,41,0,27,CARDINAL,0,2
ien.35558005375361,32,0,0,9,CARDINAL,6,7
ien.35558005375361,32,0,1,Chicago,GPE,34,41
ien.35558005375361,32,0,2,75,CARDINAL,44,46
ien.35558005375361,32,0,3,January 1934,DATE,185,197
ien.35558005375361,32,1,0,1930,CARDINAL,21,25
ien.35558005375361,32,1,1,1934,CARDINAL,54,58
ien.35558005375361,32,2,0,West Side,LOC,5,14
ien.35558005375361,32,3,0,137.8,CARDINAL,0,5
ien.35558005375361,32,4,0,226.6,CARDINAL,0,5
ien.35558005375361,32,5,0,South Side,LOC,5,15
ien.35558005375361,32,6,0,Armour Square,FAC,6,19
ien.35558005375361,32,7,0,Douglas,FAC,6,13
ien.35558005375361,32,8,0,392.8,CARDINAL,0,5
ien.35558005375361,32,8,1,Oakland,GPE,6,13
ien.35558005375361,32,9,0,114.4,CARDINAL,0,5
ien.35558005375361,32,9,1,Grand Blvd,FAC,6,16
ien.35558005375361,32,11,0,Washington Pk,FAC,0,13
ien.35558005375361,32,12,0,8,CARDINAL,297,298
ien.35558005375361,32,14,0,Woodlawn,GPE,5,13
ien.35558005375361,32,17,0,Archer Heights,GPE,50,64
ien.35558005375361,32,18,0,McKinley Park,GPE,5,18
ien.35558005375361,32,19,0,Bridgeport,GPE,5,15
ien.35558005375361,32,20,0,Ashburn,GPE,5,12
ien.35558005375361,32,21,0,13,CARDINAL,434,436
ien.35558005375361,32,22,0,Rogers Park,FAC,0,11
ien.35558005375361,32,22,1,West Ridge,FAC,21,31
ien.35558005375361,32,23,0,Uptown,GPE,5,11
ien.35558005375361,32,24,0,Lincoln Square,ORG,5,19
ien.35558005375361,32,25,0,25.2,CARDINAL,0,4
ien.35558005375361,32,25,1,Lakeview,FAC,26,34
ien.35558005375361,32,26,0,Lincoln Park,ORG,5,17
ien.35558005375361,32,28,0,44.3,CARDINAL,0,4
ien.35558005375361,32,28,1,Norwood Park,FAC,5,17
ien.35558005375361,32,29,0,Jefferson Park,FAC,5,19
ien.35558005375361,32,30,0,35.5,CARDINAL,0,4
ien.35558005375361,32,30,1,Forest Glen,FAC,5,16
ien.35558005375361,32,31,0,North Park,ORG,5,15
ien.35558005375361,32,32,0,52.2,CARDINAL,0,4
ien.35558005375361,32,32,1,Albany Park,FAC,5,16
ien.35558005375361,32,33,0,23.3,CARDINAL,0,4
ien.35558005375361,32,33,1,Portage Park,FAC,5,17
ien.35558005375361,32,34,0,47.4,CARDINAL,0,4
ien.35558005375361,32,34,1,Irving Park,ORG,5,16
ien.35558005375361,32,35,0,32.6,CARDINAL,0,4
ien.35558005375361,32,35,1,Dunning,GPE,5,12
ien.35558005375361,32,35,2,Montclare,GPE,18,27
ien.35558005375361,32,36,0,33.6,CARDINAL,0,4
ien.35558005375361,32,36,1,Belmont Cragin,ORG,5,19
ien.35558005375361,32,37,0,27.0,CARDINAL,0,4
ien.35558005375361,32,37,1,Hermosa,GPE,5,12
ien.35558005375361,32,38,0,Avondale,GPE,5,13
ien.35558005375361,32,39,0,41.2,CARDINAL,0,4
ien.35558005375361,32,39,1,Logan Square,FAC,5,17
ien.35558005375361,32,40,0,49.4,CARDINAL,0,4
ien.35558005375361,32,40,1,Humboldt Park,FAC,5,18
ien.35558005375361,32,41,0,Austin,GPE,5,11
ien.35558005375361,32,42,0,Next Page,ORG,684,693
ien.35558005375361,33,0,0,9,CARDINAL,6,7
ien.35558005375361,33,0,1,January 1934,DATE,81,93
ien.35558005375361,33,0,2,1930,DATE,116,120
ien.35558005375361,33,0,3,1934,DATE,163,167
ien.35558005375361,33,0,4,1934,DATE,198,202
ien.35558005375361,33,4,0,34.3,CARDINAL,0,4
ien.35558005375361,33,5,0,46.1,CARDINAL,0,4
ien.35558005375361,33,5,1,Lawndale,GPE,9,17
ien.35558005375361,33,6,0,31.0,CARDINAL,0,4
ien.35558005375361,33,7,0,Lawndale,GPE,4,12
ien.35558005375361,33,8,0,40.5,CARDINAL,0,4
ien.35558005375361,33,8,1,Kenwood,GPE,5,12
ien.35558005375361,33,9,0,22.6,CARDINAL,0,4
ien.35558005375361,33,9,1,Hyde Park,GPE,5,14
ien.35558005375361,33,10,0,22.0,CARDINAL,0,4
ien.35558005375361,33,10,1,South Shore,GPE,5,16
ien.35558005375361,33,11,0,24.9,CARDINAL,0,4
ien.35558005375361,33,11,1,Chatham,GPE,5,12
ien.35558005375361,33,12,0,25.7,CARDINAL,0,4
ien.35558005375361,33,12,1,Burnside,GPE,5,13
ien.35558005375361,33,13,0,14.8,CARDINAL,0,4
ien.35558005375361,33,13,1,Calumet Hgts,GPE,5,17
ien.35558005375361,33,14,0,21.5,CARDINAL,0,4
ien.35558005375361,33,14,1,Roseland,GPE,5,13
ien.35558005375361,33,15,0,27.6,CARDINAL,0,4
ien.35558005375361,33,15,1,Pullman,GPE,5,12
ien.35558005375361,33,15,2,32.2,CARDINAL,13,17
ien.35558005375361,33,15,3,East Side,GPE,18,27
ien.35558005375361,33,16,0,50.5,CARDINAL,0,4
ien.35558005375361,33,17,0,West Pullman,GPE,0,12
ien.35558005375361,33,17,1,29.2,CARDINAL,13,17
ien.35558005375361,33,17,2,Riverdale,GPE,18,27
ien.35558005375361,33,18,0,38.5,CARDINAL,0,4
ien.35558005375361,33,18,1,Hegewisch,GPE,5,14
ien.35558005375361,33,18,2,Brighton Pk,ORG,20,31
ien.35558005375361,33,19,0,42.7,CARDINAL,0,4
ien.35558005375361,33,20,0,New City,GPE,0,8
ien.35558005375361,33,21,0,56.7,CARDINAL,0,4
ien.35558005375361,33,21,1,West Elsdon..,GPE,5,18
ien.35558005375361,33,22,0,51.5,CARDINAL,0,4
ien.35558005375361,33,22,1,Gage Park,GPE,5,14
ien.35558005375361,33,23,0,25.9,CARDINAL,0,4
ien.35558005375361,33,23,1,Clearing,GPE,5,13
ien.35558005375361,33,24,0,37.1,CARDINAL,0,4
ien.35558005375361,33,24,1,West Lawn,GPE,5,14
ien.35558005375361,33,25,0,53.5,CARDINAL,0,4
ien.35558005375361,33,25,1,Chicago Lawn,GPE,5,17
ien.35558005375361,33,26,0,24.9,CARDINAL,0,4
ien.35558005375361,33,27,0,37.1,CARDINAL,0,4
ien.35558005375361,33,27,1,Englewood,GPE,5,14
ien.35558005375361,33,27,2,Beverly,GPE,64,71
ien.35558005375361,33,28,0,17.3,CARDINAL,0,4
ien.35558005375361,33,31,0,Morgan Park,ORG,19,30
ien.35558005375361,34,0,0,CHICAGO,GPE,19,26
ien.35558005375361,34,3,0,CHICAGO,GPE,106,113
ien.35558005375361,34,3,1,1933-1934,DATE,159,168
ien.35558005375361,34,5,0,More than 100,CARDINAL,0,13
ien.35558005375361,34,5,1,"100,000",CARDINAL,18,25
ien.35558005375361,34,5,2,"100,000",CARDINAL,84,91
ien.35558005375361,34,5,3,LAWRENCE,GPE,103,111
ien.35558005375361,34,5,4,Less than 59,CARDINAL,117,129
ien.35558005375361,34,5,5,"100,000",CARDINAL,134,141
ien.35558005375361,34,5,6,IRVING PARK,GPE,153,164
ien.35558005375361,34,6,0,CHATHAM,GPE,290,297
ien.35558005375361,34,6,1,ROSELAND,GPE,437,445
ien.35558005375361,34,6,2,RIVERDALE,GPE,582,591
ien.35558005375361,34,6,3,DUNNING,GPE,595,602
ien.35558005375361,34,6,4,MONTCLARE,GPE,619,628
ien.35558005375361,34,6,5,BELMONT CRAGIN,GPE,650,664
ien.35558005375361,34,6,6,HERMOSA,GPE,686,693
ien.35558005375361,34,6,7,AVONDALE,GPE,714,722
ien.35558005375361,34,6,8,BRIDGEPORT,GPE,759,769
ien.35558005375361,34,6,9,NEW CITY,GPE,790,798
ien.35558005375361,34,6,10,AUSTIN,GPE,830,836
ien.35558005375361,34,6,11,ENGLEWOOD,GPE,1009,1018
ien.35558005375361,34,6,12,BEVERLY,GPE,1135,1142
ien.35558005375361,34,6,13,DOUGLAS,GPE,1146,1153
ien.35558005375361,34,6,14,OAKLAND,GPE,1176,1183
ien.35558005375361,35,0,0,3200,CARDINAL,0,4
ien.35558005375361,35,0,1,CHICAGO,GPE,24,31
ien.35558005375361,35,1,0,1930,DATE,0,4
ien.35558005375361,35,2,0,CHICAGO,GPE,113,120
ien.35558005375361,35,2,1,More than 90 per cent,PERCENT,178,199
ien.35558005375361,35,2,2,10 to 40 per cent,PERCENT,256,273
ien.35558005375361,35,2,3,LAWRENCE,GPE,298,306
ien.35558005375361,35,2,4,1 to 10 per cent,PERCENT,312,328
ien.35558005375361,35,2,5,IRVING,GPE,353,359
ien.35558005375361,35,2,6,Less than 1 per cent,PERCENT,391,411
ien.35558005375361,35,3,0,CHICAGO,GPE,0,7
ien.35558005375361,35,5,0,LAKEVIEW,GPE,270,278
ien.35558005375361,35,5,1,CHATHAM,GPE,282,289
ien.35558005375361,35,5,2,ROSELAND,GPE,434,442
ien.35558005375361,35,5,3,DUNNING,GPE,589,596
ien.35558005375361,35,5,4,MONTCLARE,GPE,613,622
ien.35558005375361,35,5,5,BELMONT CRAGIN,GPE,644,658
ien.35558005375361,35,5,6,ARCHER HEIGHTS,GPE,662,676
ien.35558005375361,35,5,7,HERMOSA,GPE,680,687
ien.35558005375361,35,6,0,AVONDALE,GPE,17,25
ien.35558005375361,35,6,1,BRIDGEPORT,GPE,62,72
ien.35558005375361,35,6,2,AUSTIN,GPE,133,139
ien.35558005375361,35,7,0,36,CARDINAL,0,2
ien.35558005375361,35,7,1,OAKLAND,GPE,3,10
ien.35558005375361,36,0,0,"100,000",CARDINAL,35,42
ien.35558005375361,36,0,1,200,CARDINAL,54,57
ien.35558005375361,36,0,2,1900 1934,DATE,165,174
ien.35558005375361,36,0,3,32,CARDINAL,175,177
ien.35558005375361,39,1,0,877188,CARDINAL,9,15
ien.35558005375361,39,1,1,"GAYLORD BROS, Inc.",ORG,32,50
ien.35558005375361,39,1,2,Syracuse,GPE,51,59
ien.35558005375361,39,1,3,N. Y.,GPE,61,66
ien.35558005375361,39,1,4,Stockton,GPE,67,75
ien.35558005375361,39,1,5,Calif.,GPE,77,83
ien.35558005375361,39,4,0,Nelson,PERSON,0,6
ien.35558005375361,39,4,1,Marion,PERSON,8,14
ien.35558005375361,39,4,2,Chicago,GPE,49,56
ien.35558005375361,39,5,0,Mar10'41 fa erro Mar847 Oct31 42,DATE,15,47
ien.35558005375361,39,5,1,Echelle Dot31,PERSON,48,61
ien.35558005375361,39,6,0,Chicago,GPE,92,99
ien.35558005375361,39,6,1,Illinois,GPE,100,108
