vol_id,page,sentence_id,ent_id,entity,entity_type,start_char,end_char
mdp.39015086661843,1,0,0,58,CARDINAL,11,13
mdp.39015086661843,1,0,1,National Negro Health Week,EVENT,30,56
mdp.39015086661843,1,0,2,1930,DATE,86,90
mdp.39015086661843,1,0,3,"Sunday, March 30",DATE,92,108
mdp.39015086661843,1,0,4,"Sunday, April 6",DATE,113,128
mdp.39015086661843,1,1,0,the year 1930,DATE,14,27
mdp.39015086661843,1,1,1,THE UNITED STATES PUBLIC HEALTH SERVICE,ORG,83,122
mdp.39015086661843,1,1,2,WASHINGTON,GPE,124,134
mdp.39015086661843,1,1,3,D. C.,GPE,136,141
mdp.39015086661843,2,0,0,"SUNDAY, MARCH 30 MONDAY, MARCH 31 TUESDAY, APRIL 1 WEDNESDAY, APRIL 2 THURSDAY, APRIL 3 FRIDAY, APRIL 4 SATURDAY, APRIL 5",DATE,43,164
mdp.39015086661843,2,0,1,"SUNDAY, APRIL 6",DATE,165,180
mdp.39015086661843,2,8,0,Health Week,EVENT,42,53
mdp.39015086661843,2,8,1,Health Week,EVENT,163,174
mdp.39015086661843,2,11,0,1,CARDINAL,142,143
mdp.39015086661843,2,14,0,3,CARDINAL,19,20
mdp.39015086661843,2,14,1,National Negro,ORG,62,76
mdp.39015086661843,2,15,0,4,CARDINAL,73,74
mdp.39015086661843,2,15,1,the commuHealth Week,EVENT,103,123
mdp.39015086661843,2,16,0,5,CARDINAL,38,39
mdp.39015086661843,2,16,1,mittee,ORG,81,87
mdp.39015086661843,2,18,0,6,CARDINAL,81,82
mdp.39015086661843,2,24,0,THE YEAR 1930,DATE,14,27
mdp.39015086661843,2,26,0,this day,DATE,30,38
mdp.39015086661843,2,26,1,Apr. 5,DATE,50,56
mdp.39015086661843,2,26,2,Booker T. Washington,PERSON,121,141
mdp.39015086661843,2,26,3,National Health Week,EVENT,154,174
mdp.39015086661843,2,28,0,National Clean Up and Paint Up Bureau,ORG,2,39
mdp.39015086661843,2,28,1,New York City,GPE,41,54
mdp.39015086661843,2,29,0,N. B.—It,ORG,0,8
mdp.39015086661843,2,30,0,First,ORDINAL,5,10
mdp.39015086661843,2,32,0,R. R. Moton,PERSON,81,92
mdp.39015086661843,2,32,1,Tuskegee Instituie,GPE,105,123
mdp.39015086661843,2,32,2,Ala.,GPE,125,129
mdp.39015086661843,2,32,3,the National Negro Health Week Committee,ORG,152,192
mdp.39015086661843,3,0,0,1930 1930,DATE,0,9
mdp.39015086661843,3,0,1,National Negro Health Week,EVENT,10,36
mdp.39015086661843,3,0,2,"Sunday, March 30, to Sunday, April 6",DATE,37,73
mdp.39015086661843,3,0,3,Sixteenth,ORDINAL,78,87
mdp.39015086661843,3,0,4,The Annual Tuskegee Negro Conference,EVENT,128,164
mdp.39015086661843,3,0,5,The National Negro Business League,ORG,169,203
mdp.39015086661843,3,0,6,The United States,GPE,224,241
mdp.39015086661843,3,0,7,THE UNITED STATES,GPE,392,409
mdp.39015086661843,3,0,8,United States,GPE,432,445
mdp.39015086661843,3,0,9,Washington,GPE,473,483
mdp.39015086661843,3,0,10,1930,DATE,486,490
mdp.39015086661843,3,0,11,the Superintendent of Documents,PERSON,503,534
mdp.39015086661843,3,0,12,Washington,GPE,536,546
mdp.39015086661843,3,0,13,D. C.,GPE,548,553
mdp.39015086661843,3,0,14,5 cents,MONEY,560,567
mdp.39015086661843,4,0,0,THE YEAR 1930,DATE,14,27
mdp.39015086661843,4,0,1,Sunday MondayTuesday,DATE,73,93
mdp.39015086661843,4,0,2,WednesdayThursday,DATE,94,111
mdp.39015086661843,4,0,3,FridaySaturday,DATE,112,126
mdp.39015086661843,4,1,0,Home Health Day,DATE,0,15
mdp.39015086661843,4,2,0,Community Sanitation Day,DATE,0,24
mdp.39015086661843,4,2,1,School Health Day,DATE,26,43
mdp.39015086661843,4,3,0,Adults' Health Day,DATE,0,18
mdp.39015086661843,4,4,0,Special Campaign Day,DATE,0,20
mdp.39015086661843,4,5,0,General Clean-up Day,DATE,0,20
mdp.39015086661843,4,7,0,NATIONAL NEGRO HEALTH WEEK,DATE,0,26
mdp.39015086661843,4,7,1,Roscoe C. Brown,PERSON,41,56
mdp.39015086661843,4,7,2,MONROE N. WORK,PERSON,71,85
mdp.39015086661843,4,7,3,F. RIVERS BARXWELL,PERSON,102,120
mdp.39015086661843,4,7,4,ALGERXOX B. JACKSON R. MAURICE Moss,PERSON,125,160
mdp.39015086661843,4,7,5,NEGRO HEALTH WEEK,EVENT,203,220
mdp.39015086661843,4,7,6,TUSKEGEE INSTITUTE,ORG,232,250
mdp.39015086661843,4,7,7,ALABAMA HEALTH WEEK,EVENT,252,271
mdp.39015086661843,4,8,0,5 cents,MONEY,53,60
mdp.39015086661843,4,8,1,100,CARDINAL,78,81
mdp.39015086661843,4,8,2,1.25,MONEY,92,96
mdp.39015086661843,4,8,3,100,CARDINAL,101,104
mdp.39015086661843,4,9,0,National Negro Health Week,EVENT,0,26
mdp.39015086661843,4,9,1,5 cents,MONEY,50,57
mdp.39015086661843,4,9,2,100,CARDINAL,75,78
mdp.39015086661843,4,9,3,1,MONEY,89,90
mdp.39015086661843,4,9,4,100,CARDINAL,95,98
mdp.39015086661843,5,0,0,THE UNITED STATES OF AMERICA,GPE,13,41
mdp.39015086661843,5,0,1,National Negro Health Week Committee,ORG,63,99
mdp.39015086661843,5,0,2,Tuskegee Institute,ORG,101,119
mdp.39015086661843,5,0,3,Ala.,GPE,121,125
mdp.39015086661843,5,1,0,NATIONAL NEGRO HEALTH WEEK,EVENT,25,51
mdp.39015086661843,5,1,1,"March 30-April 6, 1930",DATE,60,82
mdp.39015086661843,5,1,2,FOUR,CARDINAL,102,106
mdp.39015086661843,5,2,0,One,CARDINAL,4,7
mdp.39015086661843,5,2,1,"over 100,000",CARDINAL,22,34
mdp.39015086661843,5,3,0,One,CARDINAL,4,7
mdp.39015086661843,5,3,1,"under 100,000",CARDINAL,22,35
mdp.39015086661843,5,4,0,One,CARDINAL,4,7
mdp.39015086661843,5,5,0,One,CARDINAL,4,7
mdp.39015086661843,5,13,0,one,CARDINAL,49,52
mdp.39015086661843,5,14,0,National Negro Health Week Committee,ORG,52,88
mdp.39015086661843,5,14,1,Tuskegee Institute,ORG,90,108
mdp.39015086661843,5,14,2,Ala.,GPE,110,114
mdp.39015086661843,5,14,3,"May 10, 1930",DATE,131,143
mdp.39015086661843,5,15,0,Health Week,EVENT,16,27
mdp.39015086661843,5,16,0,the National Negro Business League,ORG,52,86
mdp.39015086661843,5,16,1,"August, 1930",DATE,90,102
mdp.39015086661843,6,0,0,1,CARDINAL,0,1
mdp.39015086661843,7,1,0,396,CARDINAL,56,59
mdp.39015086661843,7,8,0,1930 MARCH 30 TO APRIL 6,DATE,139,163
mdp.39015086661843,7,8,1,THE NATIONAL NEGRO BUSINESS LEAGUE,ORG,186,220
mdp.39015086661843,7,10,0,First,ORDINAL,102,107
mdp.39015086661843,7,10,1,1,CARDINAL,125,126
mdp.39015086661843,7,10,2,2,CARDINAL,131,132
mdp.39015086661843,7,11,0,THE NATIONAL NEGRO HEALTH WEEK COMMITTEE Tuskegee Institute,ORG,81,140
mdp.39015086661843,7,11,1,Alabama,GPE,142,149
mdp.39015086661843,8,0,0,NATIONAL NEGRO HEALTH WEEK,EVENT,26,52
mdp.39015086661843,8,0,1,YEAR 1930,DATE,54,63
mdp.39015086661843,8,0,2,March 30 to April 6,DATE,64,83
mdp.39015086661843,8,2,0,Deseribe,GPE,0,8
mdp.39015086661843,8,4,0,25 feet,QUANTITY,59,66
mdp.39015086661843,8,34,0,Health Week,EVENT,20,31
mdp.39015086661843,8,34,1,National Negro Health Week Committee,ORG,74,110
mdp.39015086661843,8,34,2,Tuskegee Institute,ORG,112,130
mdp.39015086661843,8,34,3,Alabama,GPE,132,139
mdp.39015086661843,9,0,0,National  Negro Health Week,EVENT,12,39
mdp.39015086661843,9,1,0,FIRST,ORDINAL,0,5
mdp.39015086661843,9,2,0,"Sunday, March 30, to Sunday, April 6, 1930",DATE,0,42
mdp.39015086661843,9,5,0,Negro Health Week,EVENT,90,107
mdp.39015086661843,9,11,0,first,ORDINAL,27,32
mdp.39015086661843,9,14,0,Negro Health Week,EVENT,89,106
mdp.39015086661843,9,16,0,nine,CARDINAL,127,131
mdp.39015086661843,9,19,0,6,CARDINAL,1,2
mdp.39015086661843,9,19,1,the special days,DATE,40,56
mdp.39015086661843,9,19,2,Negro Health Week,EVENT,60,77
mdp.39015086661843,9,20,0,day,DATE,121,124
mdp.39015086661843,9,21,0,weekly,DATE,103,109
mdp.39015086661843,9,21,1,daily,DATE,140,145
mdp.39015086661843,9,21,2,the Health Week,EVENT,153,168
mdp.39015086661843,10,0,0,NATIONAL NEGRO HEALTH WEEK,EVENT,2,28
mdp.39015086661843,10,11,0,Negro Health Week,EVENT,75,92
mdp.39015086661843,10,15,0,9,CARDINAL,1,2
mdp.39015086661843,10,16,0,Health Week,EVENT,100,111
mdp.39015086661843,10,16,1,the day,DATE,203,210
mdp.39015086661843,10,17,0,Negro Health Week,EVENT,105,122
mdp.39015086661843,10,18,0,March 30,DATE,81,89
mdp.39015086661843,10,26,0,1,CARDINAL,23,24
mdp.39015086661843,10,28,0,2,CARDINAL,0,1
mdp.39015086661843,10,29,0,3,CARDINAL,0,1
mdp.39015086661843,10,30,0,4,CARDINAL,0,1
mdp.39015086661843,10,31,0,5,CARDINAL,0,1
mdp.39015086661843,10,32,0,6,CARDINAL,0,1
mdp.39015086661843,10,32,1,7,CARDINAL,116,117
mdp.39015086661843,11,0,0,FIRST,ORDINAL,0,5
mdp.39015086661843,11,1,0,the many years,DATE,216,230
mdp.39015086661843,11,1,1,Health Week,EVENT,238,249
mdp.39015086661843,11,2,0,Health Week,EVENT,61,72
mdp.39015086661843,11,3,0,Health Week,EVENT,102,113
mdp.39015086661843,11,4,0,1,CARDINAL,19,20
mdp.39015086661843,11,5,0,2,CARDINAL,0,1
mdp.39015086661843,11,6,0,3,CARDINAL,0,1
mdp.39015086661843,11,7,0,4,CARDINAL,0,1
mdp.39015086661843,11,8,0,5,CARDINAL,0,1
mdp.39015086661843,11,9,0,6,CARDINAL,0,1
mdp.39015086661843,11,11,0,7,CARDINAL,0,1
mdp.39015086661843,11,12,0,8,CARDINAL,0,1
mdp.39015086661843,11,14,0,9,CARDINAL,0,1
mdp.39015086661843,11,16,0,10,CARDINAL,0,2
mdp.39015086661843,11,17,0,11,CARDINAL,0,2
mdp.39015086661843,11,18,0,Boy Scouts,ORG,0,10
mdp.39015086661843,11,19,0,12,CARDINAL,0,2
mdp.39015086661843,11,20,0,Camp Fire Girls,ORG,0,15
mdp.39015086661843,11,21,0,13,CARDINAL,0,2
mdp.39015086661843,11,23,0,14,CARDINAL,0,2
mdp.39015086661843,11,25,0,15,CARDINAL,0,2
mdp.39015086661843,11,27,0,16,CARDINAL,0,2
mdp.39015086661843,11,28,0,YEAR 1929,DATE,64,73
mdp.39015086661843,11,28,1,LOUISVILLE,GPE,104,114
mdp.39015086661843,11,28,2,TWO,CARDINAL,119,122
mdp.39015086661843,11,28,3,FIRST,ORDINAL,130,135
mdp.39015086661843,11,28,4,FIRST,ORDINAL,153,158
mdp.39015086661843,11,29,0,Louisville,GPE,36,46
mdp.39015086661843,11,29,1,the Class A prize,WORK_OF_ART,59,76
mdp.39015086661843,11,29,2,1929,DATE,150,154
mdp.39015086661843,11,29,3,National Negro Health Week,EVENT,155,181
mdp.39015086661843,11,29,4,two,CARDINAL,194,197
mdp.39015086661843,11,29,5,Louisville,GPE,265,275
mdp.39015086661843,11,29,6,"the week of March 31-April 7, 1929",DATE,283,317
mdp.39015086661843,11,29,7,first,ORDINAL,327,332
mdp.39015086661843,11,29,8,second,ORDINAL,351,357
mdp.39015086661843,11,29,9,60,CARDINAL,461,463
mdp.39015086661843,11,30,0,the Louisville Negro Health Week Committee,ORG,52,94
mdp.39015086661843,11,32,0,the University Medical School,ORG,78,107
mdp.39015086661843,11,32,1,the Kentucky Inter-racial Commission,ORG,159,195
mdp.39015086661843,11,33,0,five years',DATE,48,59
mdp.39015086661843,12,0,0,NATIONAL NEGRO HEALTH WEEK,EVENT,2,28
mdp.39015086661843,12,1,0,1929,DATE,27,31
mdp.39015086661843,12,1,1,the first of the year,DATE,75,96
mdp.39015086661843,12,1,2,Health Week,EVENT,111,122
mdp.39015086661843,12,1,3,past years,DATE,135,145
mdp.39015086661843,12,3,0,Negro,NORP,113,118
mdp.39015086661843,12,3,1,Negro,NORP,151,156
mdp.39015086661843,12,11,0,Negro,NORP,31,36
mdp.39015086661843,12,12,0,the week,DATE,151,159
mdp.39015086661843,12,13,0,the Louisville City Hospital,ORG,70,98
mdp.39015086661843,12,13,1,Waverly Hill Tuberculosis Sanatorium,ORG,103,139
mdp.39015086661843,12,16,0,Louisville,GPE,48,58
mdp.39015086661843,12,20,0,Negro,NORP,68,73
mdp.39015086661843,12,20,1,Negroes,NORP,223,230
mdp.39015086661843,12,21,0,Forty,CARDINAL,0,5
mdp.39015086661843,12,21,1,morning,TIME,37,44
mdp.39015086661843,12,21,2,evening,TIME,48,55
mdp.39015086661843,12,22,0,Negro,NORP,71,76
mdp.39015086661843,12,25,0,each year,DATE,42,51
mdp.39015086661843,12,25,1,1929,DATE,93,97
mdp.39015086661843,12,25,2,the State board of health,ORG,142,167
mdp.39015086661843,12,25,3,"1,462",CARDINAL,171,176
mdp.39015086661843,12,25,4,5,CARDINAL,211,212
mdp.39015086661843,12,26,0,under 10 years,DATE,107,121
mdp.39015086661843,12,27,0,Louisville,GPE,34,44
mdp.39015086661843,12,27,1,Health Week,EVENT,126,137
mdp.39015086661843,13,0,0,FIRST,ORDINAL,0,5
mdp.39015086661843,13,2,0,Negro Health Week,EVENT,33,50
mdp.39015086661843,13,2,1,the Louisville Negro Health Week Committee,ORG,67,109
mdp.39015086661843,13,2,2,The Health Council of the Community Chest,ORG,132,173
mdp.39015086661843,13,2,3,the Negro Health Committee,ORG,362,388
mdp.39015086661843,13,3,0,first,ORDINAL,10,15
mdp.39015086661843,13,3,1,Negro Health Week,EVENT,30,47
mdp.39015086661843,13,3,2,Louisville,GPE,51,61
mdp.39015086661843,13,3,3,1925,DATE,65,69
mdp.39015086661843,13,5,0,1925,DATE,0,4
mdp.39015086661843,13,5,1,The Public Health Nursing Association,ORG,6,43
mdp.39015086661843,13,5,2,weekly,DATE,58,64
mdp.39015086661843,13,6,0,1927,DATE,0,4
mdp.39015086661843,13,7,0,Sunshine Center,FAC,76,91
mdp.39015086661843,13,8,0,1927,DATE,0,4
mdp.39015086661843,13,9,0,the Waverly-Hill Sanatorium,ORG,80,107
mdp.39015086661843,13,10,0,1928,DATE,0,4
mdp.39015086661843,13,12,0,1928,DATE,0,4
mdp.39015086661843,13,13,0,two,CARDINAL,32,35
mdp.39015086661843,13,14,0,"MARY L, Hicks",PERSON,5,18
mdp.39015086661843,13,14,1,Health Council of the Louisville Community Chest,ORG,41,89
mdp.39015086661843,13,15,0,WACO,GPE,0,4
mdp.39015086661843,13,15,1,TEXAS,GPE,6,11
mdp.39015086661843,13,15,2,FIRST,ORDINAL,13,18
mdp.39015086661843,13,15,3,"100,000",CARDINAL,43,50
mdp.39015086661843,13,15,4,"8,500",CARDINAL,80,85
mdp.39015086661843,13,15,5,1928,DATE,87,91
mdp.39015086661843,13,16,0,The Waco Volunteer Health League,ORG,0,32
mdp.39015086661843,13,16,1,the National Negro Health Week,EVENT,42,72
mdp.39015086661843,13,17,0,each day,DATE,38,46
mdp.39015086661843,13,17,1,"Sunday, March 31,",DATE,59,76
mdp.39015086661843,13,17,2,morning,TIME,157,164
mdp.39015086661843,13,17,3,evening,TIME,168,175
mdp.39015086661843,13,19,0,"Monday, April 1",DATE,0,15
mdp.39015086661843,13,20,0,"Tuesday, April 2",DATE,0,16
mdp.39015086661843,13,20,1,four,CARDINAL,114,118
mdp.39015086661843,13,21,0,"Wednesday, April 3",DATE,0,18
mdp.39015086661843,13,22,0,the day,DATE,31,38
mdp.39015086661843,13,22,1,night,TIME,65,70
mdp.39015086661843,13,22,2,Moore High School,ORG,91,108
mdp.39015086661843,13,22,3,School Health Day,DATE,114,131
mdp.39015086661843,13,23,0,"Thursday, April 4",DATE,0,17
mdp.39015086661843,13,26,0,the evening,TIME,3,14
mdp.39015086661843,13,26,1,one,CARDINAL,42,45
mdp.39015086661843,13,27,0,"Friday, April 5",DATE,0,15
mdp.39015086661843,13,27,1,Negro Health Week,EVENT,137,154
mdp.39015086661843,13,27,2,Booker T. Washington,PERSON,156,176
mdp.39015086661843,13,28,0,"Saturday, April 6",DATE,0,17
mdp.39015086661843,13,30,0,"Monday, April 8",DATE,0,15
mdp.39015086661843,14,0,0,6,CARDINAL,0,1
mdp.39015086661843,14,0,1,NATIONAL NEGRO HEALTH WEEK,EVENT,2,28
mdp.39015086661843,14,2,0,the Negroes of Waco,PERSON,10,29
mdp.39015086661843,14,7,0,R. V. ESTELLE,PERSON,5,18
mdp.39015086661843,14,7,1,Volunteer Health League,ORG,31,54
mdp.39015086661843,14,7,2,Waco,GPE,56,60
mdp.39015086661843,14,7,3,Tex,GPE,62,65
mdp.39015086661843,14,8,0,ANNE ARUNDEL COUNTY,PERSON,0,19
mdp.39015086661843,14,8,1,MARYLAND,GPE,21,29
mdp.39015086661843,14,8,2,FIRST,ORDINAL,39,44
mdp.39015086661843,14,9,0,National Negro Health Week,EVENT,91,117
mdp.39015086661843,14,9,1,the United States Public Health Service,ORG,158,197
mdp.39015086661843,14,9,2,State,ORG,202,207
mdp.39015086661843,14,10,0,"March 11, 1929",DATE,73,87
mdp.39015086661843,14,10,1,State,ORG,112,117
mdp.39015086661843,14,10,2,fifteenth,ORDINAL,165,174
mdp.39015086661843,14,10,3,Negro Health Week,EVENT,196,213
mdp.39015086661843,14,10,4,annual,DATE,289,295
mdp.39015086661843,14,10,5,year,DATE,337,341
mdp.39015086661843,14,11,0,State,ORG,37,42
mdp.39015086661843,14,11,1,the State department of health,ORG,245,275
mdp.39015086661843,14,15,0,Home Health Day,EVENT,0,15
mdp.39015086661843,14,17,0,Community Sanitation Day,EVENT,18,42
mdp.39015086661843,14,19,0,School Health Day,DATE,0,17
mdp.39015086661843,14,20,0,The entire day,DATE,0,14
mdp.39015086661843,14,22,0,the State department of health,ORG,58,88
mdp.39015086661843,15,0,0,FIRST,ORDINAL,0,5
mdp.39015086661843,15,1,0,the Bureau of Child Welfare,ORG,62,89
mdp.39015086661843,15,3,0,R. H. RILEY,PERSON,0,11
mdp.39015086661843,15,3,1,State of Maryland Department of Health,ORG,23,61
mdp.39015086661843,15,4,0,Project for the Study of Negro Health,ORG,41,78
mdp.39015086661843,15,4,1,Tennessee,GPE,82,91
mdp.39015086661843,15,4,2,E. L. BISHOP,PERSON,95,107
mdp.39015086661843,15,4,3,Tennessee,GPE,126,135
mdp.39015086661843,15,6,0,Tennessee,GPE,48,57
mdp.39015086661843,15,6,1,three,CARDINAL,71,76
mdp.39015086661843,15,6,2,three,CARDINAL,164,169
mdp.39015086661843,15,6,3,Negro,NORP,232,237
mdp.39015086661843,15,11,0,the department of public health,ORG,81,112
mdp.39015086661843,15,11,1,a dozen years,DATE,134,147
mdp.39015086661843,15,13,0,II,CARDINAL,9,11
mdp.39015086661843,15,14,0,Negroes,NORP,49,56
mdp.39015086661843,15,14,1,two,CARDINAL,91,94
mdp.39015086661843,15,16,0,III,CARDINAL,9,12
mdp.39015086661843,15,17,0,the department of public health,ORG,115,146
mdp.39015086661843,15,20,0,A. H. FLICKWIR,PERSON,49,63
mdp.39015086661843,15,20,1,A. P. H. A.,ORG,80,91
mdp.39015086661843,15,20,2,Dallas,GPE,93,99
mdp.39015086661843,15,20,3,Texas,GPE,101,106
mdp.39015086661843,15,23,0,years ago,DATE,97,106
mdp.39015086661843,16,0,0,8 NATIONAL NEGRO HEALTH WEEK,DATE,0,28
mdp.39015086661843,16,3,0,the old days,DATE,41,53
mdp.39015086661843,18,0,0,1,CARDINAL,0,1
mdp.39015086661843,19,0,0,370 Seventh Avenue,FAC,68,86
mdp.39015086661843,19,0,1,New York City,GPE,88,101
mdp.39015086661843,19,0,2,Seventeenth and D Streets,LOC,123,148
mdp.39015086661843,19,0,3,Washington,GPE,154,164
mdp.39015086661843,19,0,4,D. C.,GPE,166,171
mdp.39015086661843,19,1,0,AMERICAN SOCIAL HYGIENE ASSOCIATION,ORG,0,35
mdp.39015086661843,19,1,1,370 Seventh Avenue,FAC,37,55
mdp.39015086661843,19,1,2,New York City,GPE,57,70
mdp.39015086661843,19,2,0,AMERICAN SOCIETY FOR THE CONTROL OF CANCER,ORG,0,42
mdp.39015086661843,19,2,1,New York City,GPE,72,85
mdp.39015086661843,19,3,0,ASSOCIATED NEGRO PRESS,ORG,0,22
mdp.39015086661843,19,3,1,3423 Indiana Avenue,FAC,24,43
mdp.39015086661843,19,3,2,Chicago,GPE,45,52
mdp.39015086661843,19,3,3,45,CARDINAL,82,84
mdp.39015086661843,19,3,4,New York City,GPE,110,123
mdp.39015086661843,19,4,0,Palmer Building,FAC,39,54
mdp.39015086661843,19,4,1,Atlanta,GPE,56,63
mdp.39015086661843,19,4,2,Ga.,GPE,65,68
mdp.39015086661843,19,4,3,UNITED STATES,GPE,88,101
mdp.39015086661843,19,4,4,Washington,GPE,129,139
mdp.39015086661843,19,4,5,Washington,GPE,223,233
mdp.39015086661843,19,4,6,D. C.,GPE,235,240
mdp.39015086661843,19,4,7,Washington,GPE,290,300
mdp.39015086661843,19,4,8,D. C.,GPE,302,307
mdp.39015086661843,19,4,9,METROPOLITAN LIFE INSURANCE Co.,ORG,308,339
mdp.39015086661843,19,4,10,Madison Avenue,FAC,363,377
mdp.39015086661843,19,4,11,New York City,GPE,379,392
mdp.39015086661843,19,5,0,370,CARDINAL,49,52
mdp.39015086661843,19,5,1,New York City,GPE,69,82
mdp.39015086661843,19,6,0,1114,CARDINAL,39,43
mdp.39015086661843,19,6,1,Washington,GPE,58,68
mdp.39015086661843,19,6,2,D. C. NATIONAL BOARD,ORG,70,90
mdp.39015086661843,19,6,3,New York City,GPE,127,140
mdp.39015086661843,19,7,0,310,CARDINAL,48,51
mdp.39015086661843,19,7,1,New York City,GPE,77,90
mdp.39015086661843,19,8,0,NATIONAL COUNCIL,ORG,0,16
mdp.39015086661843,19,8,1,347,CARDINAL,31,34
mdp.39015086661843,19,8,2,Madison Avenue,FAC,35,49
mdp.39015086661843,19,8,3,New York City,GPE,51,64
mdp.39015086661843,19,9,0,NATIONAL DAIRY COUNCIL,ORG,0,22
mdp.39015086661843,19,9,1,910,CARDINAL,24,27
mdp.39015086661843,19,9,2,Chicago,GPE,51,58
mdp.39015086661843,19,9,3,Ill.,GPE,60,64
mdp.39015086661843,19,10,0,NATIONAL HEALTH COUNCIL,ORG,0,23
mdp.39015086661843,19,10,1,370,CARDINAL,25,28
mdp.39015086661843,19,10,2,Seventh Avenue,FAC,29,43
mdp.39015086661843,19,10,3,New York City,GPE,45,58
mdp.39015086661843,19,11,0,NATIONAL MEDICAL ASSOCIATION,ORG,0,28
mdp.39015086661843,19,11,1,136,CARDINAL,30,33
mdp.39015086661843,19,11,2,Newark,GPE,54,60
mdp.39015086661843,19,11,3,N. J.,GPE,62,67
mdp.39015086661843,19,12,0,NATIONAL NEGRO BUSINESS LEAGUE,ORG,0,30
mdp.39015086661843,19,12,1,Tuskegee Institute,ORG,32,50
mdp.39015086661843,19,12,2,Ala.,GPE,52,56
mdp.39015086661843,19,13,0,NATIONAL NEGRO HEALTH WEEK,ORG,0,26
mdp.39015086661843,19,13,1,Tuskegee Institute,ORG,38,56
mdp.39015086661843,19,13,2,Ala.,GPE,58,62
mdp.39015086661843,19,14,0,NATIONAL ORGANIZATION FOR PUBLIC HEALTH NURSING,ORG,0,47
mdp.39015086661843,19,14,1,370 Seventh Avenue,FAC,49,67
mdp.39015086661843,19,14,2,New York City,GPE,69,82
mdp.39015086661843,19,15,0,NATIONAL TUBERCULOSIS ASSOCIATION,ORG,0,33
mdp.39015086661843,19,15,1,370 Seventh Avenue,FAC,35,53
mdp.39015086661843,19,15,2,New York City,GPE,55,68
mdp.39015086661843,19,17,0,the National Tuberculosis Association,ORG,37,74
mdp.39015086661843,19,18,0,NATIONAL URBAN LEAGUE,ORG,0,21
mdp.39015086661843,19,18,1,Madison Avenue,FAC,26,40
mdp.39015086661843,19,18,2,New York City,GPE,42,55
mdp.39015086661843,19,19,0,NEGRO ORGANIZATION SOCIETY,ORG,0,26
mdp.39015086661843,19,19,1,Third and Clay Streets,LOC,28,50
mdp.39015086661843,19,19,2,Richmond,GPE,52,60
mdp.39015086661843,19,19,3,Va.,GPE,62,65
mdp.39015086661843,19,20,0,NORTH CAROLINA MUTUAL LIFE INSURANCE Co.,ORG,0,40
mdp.39015086661843,19,20,1,Durham,GPE,42,48
mdp.39015086661843,19,20,2,N. C.,GPE,50,55
mdp.39015086661843,19,21,0,PLAYGROUND AND RECREATION ASSOCIATION OF AMERICA,ORG,0,48
mdp.39015086661843,19,21,1,315 Fourth Avenue,FAC,50,67
mdp.39015086661843,19,21,2,New York City,GPE,69,82
mdp.39015086661843,19,22,0,TUSKEGEE INSTITUTE,ORG,0,18
mdp.39015086661843,19,22,1,Tuskegee Institute,ORG,20,38
mdp.39015086661843,19,22,2,Alabama,GPE,40,47
mdp.39015086661843,19,24,0,STATE HEALTH DEPARTMENT,ORG,0,23
mdp.39015086661843,19,25,0,UNITED STATES,ORG,0,13
mdp.39015086661843,19,25,1,Washington,GPE,37,47
mdp.39015086661843,19,25,2,D. C.,GPE,49,54
mdp.39015086661843,19,26,0,the National Negro Health Week Committee,ORG,51,91
mdp.39015086661843,19,26,1,Tuskegee Institute,ORG,93,111
mdp.39015086661843,19,26,2,Alabama,GPE,113,120
mdp.39015086661843,19,26,3,Health Week,DATE,174,185
mdp.39015086661843,20,0,0,3 9015,CARDINAL,24,30
mdp.39015086661843,20,0,1,TEXAS,GPE,52,57
mdp.39015086661843,20,6,0,year,DATE,35,39
mdp.39015086661843,20,6,1,year,DATE,43,47
mdp.39015086661843,20,11,0,New York Tuberculosis and Health Association,ORG,13,57
