vol_id,page,sentence_id,ent_id,entity,entity_type,start_char,end_char
mdp.39015002602343,1,0,0,183 OCT 4,DATE,2,11
mdp.39015002602343,1,0,1,FIVE-YEAR,DATE,59,68
mdp.39015002602343,1,0,2,TENNESSEE,GPE,103,112
mdp.39015002602343,1,0,3,MICHAEL J. BENT,PERSON,126,141
mdp.39015002602343,1,0,4,ELLEN F. GREENE,PERSON,152,167
mdp.39015002602343,1,0,5,JULIUS ROSENWALD FUND SOUTHERN OFFICE,ORG,269,306
mdp.39015002602343,1,0,6,NASHVILLE,GPE,307,316
mdp.39015002602343,1,0,7,TENNESSEE,GPE,318,327
mdp.39015002602343,1,0,8,1937,DATE,328,332
mdp.39015002602343,2,0,0,2017,DATE,3,7
mdp.39015002602343,3,0,0,185.82,CARDINAL,0,6
mdp.39015002602343,5,0,0,185.8,CARDINAL,2,7
mdp.39015002602343,5,0,1,74,CARDINAL,11,13
mdp.39015002602343,7,0,0,FIVE-YEAR,DATE,33,42
mdp.39015002602343,7,0,1,TENNESSEE,GPE,77,86
mdp.39015002602343,7,1,0,MICHAEL J. BENT,PERSON,3,18
mdp.39015002602343,7,1,1,ELLEN F. GREENE,PERSON,30,45
mdp.39015002602343,7,1,2,THE JOINT HEALTH EDUCATION COMMITTEE 1erfectis,ORG,57,103
mdp.39015002602343,7,1,3,JALD ROS VLIVS,PERSON,104,118
mdp.39015002602343,7,1,4,JULIUS ROSENWALD,PERSON,164,180
mdp.39015002602343,7,1,5,NASHVILLE,GPE,202,211
mdp.39015002602343,7,1,6,TENNESSEE,GPE,213,222
mdp.39015002602343,7,1,7,1937,DATE,223,227
mdp.39015002602343,8,0,0,185.88,CARDINAL,2,8
mdp.39015002602343,8,0,1,74,CARDINAL,11,13
mdp.39015002602343,9,6,0,7 11,CARDINAL,15,19
mdp.39015002602343,9,11,0,18 19 21,CARDINAL,16,24
mdp.39015002602343,9,15,0,Second,ORDINAL,0,6
mdp.39015002602343,9,16,0,32,CARDINAL,85,87
mdp.39015002602343,9,16,1,1932,DATE,148,152
mdp.39015002602343,9,16,2,1934,DATE,154,158
mdp.39015002602343,9,16,3,1936,DATE,163,167
mdp.39015002602343,9,17,0,35,CARDINAL,0,2
mdp.39015002602343,9,19,0,37,CARDINAL,0,2
mdp.39015002602343,10,0,0,47,CARDINAL,35,37
mdp.39015002602343,10,3,0,VI,CARDINAL,9,11
mdp.39015002602343,10,6,0,VII,CARDINAL,9,12
mdp.39015002602343,10,7,0,52,CARDINAL,0,2
mdp.39015002602343,11,0,0,NASHVILLE,GPE,33,42
mdp.39015002602343,11,0,1,TENNESSEE,GPE,44,53
mdp.39015002602343,11,0,2,P. L. HARNED,PERSON,54,66
mdp.39015002602343,11,0,3,1931-33,DATE,78,85
mdp.39015002602343,11,0,4,WALTER D. COCKING,PERSON,119,136
mdp.39015002602343,11,0,5,1933-37,DATE,148,155
mdp.39015002602343,11,0,6,W. A. BASS,PERSON,189,199
mdp.39015002602343,11,0,7,S. L. SMITH,PERSON,250,261
mdp.39015002602343,11,0,8,Julius Rosenwald,PERSON,312,328
mdp.39015002602343,11,0,9,E. L. BISHOP,PERSON,334,346
mdp.39015002602343,11,0,10,1931-35,DATE,348,355
mdp.39015002602343,11,0,11,W. C. WILLIAMS,PERSON,386,400
mdp.39015002602343,11,0,12,1935-,DATE,402,407
mdp.39015002602343,11,0,13,W. J. HALE,PERSON,438,448
mdp.39015002602343,11,0,14,THOMAS E. JONES,PERSON,483,498
mdp.39015002602343,11,0,15,Fisk University,ORG,509,524
mdp.39015002602343,11,0,16,J. J. MULLOWNEY,PERSON,525,540
mdp.39015002602343,11,0,17,Meharry Medical College,ORG,551,574
mdp.39015002602343,11,0,18,ROBERT H. WHITE,PERSON,575,590
mdp.39015002602343,11,0,19,University of Tennessee,ORG,667,690
mdp.39015002602343,11,0,20,the Tennessee Valley Authority,ORG,695,725
mdp.39015002602343,12,0,0,ROBERT H. WHITE,PERSON,17,32
mdp.39015002602343,12,0,1,ELLEN F. GREENE,PERSON,43,58
mdp.39015002602343,12,0,2,WAYLAND J. HAYES,PERSON,70,86
mdp.39015002602343,12,0,3,Vanderbilt University,ORG,111,132
mdp.39015002602343,12,0,4,ULLIN W. LEAVELL,PERSON,133,149
mdp.39015002602343,12,0,5,George Peabody College,ORG,174,196
mdp.39015002602343,12,0,6,W. E. TURNER,PERSON,197,209
mdp.39015002602343,12,0,7,J. H. HALE,PERSON,244,254
mdp.39015002602343,12,0,8,A. and I. Stute College,ORG,268,291
mdp.39015002602343,12,0,9,Meharry Medical College,ORG,309,332
mdp.39015002602343,12,0,10,CHARLES S. JOHNSON,PERSON,333,351
mdp.39015002602343,12,1,0,Fisk University,ORG,6,21
mdp.39015002602343,12,1,1,M. J. BENT,PERSON,34,44
mdp.39015002602343,12,1,2,ELLEN F. GREENE PAUL JESSEN,PERSON,55,82
mdp.39015002602343,13,1,0,Tennessee,GPE,4,13
mdp.39015002602343,13,1,1,E. L. Bishop,PERSON,42,54
mdp.39015002602343,13,1,2,the Social Science Department,ORG,76,105
mdp.39015002602343,13,1,3,Fisk University,ORG,109,124
mdp.39015002602343,13,1,4,the Laura Spelman Rockefeller Memorial Fund,ORG,144,187
mdp.39015002602343,13,1,5,1929,DATE,216,220
mdp.39015002602343,13,2,0,Elbridge Sibley,PERSON,38,53
mdp.39015002602343,13,2,1,Columbia University,ORG,68,87
mdp.39015002602343,13,2,2,the Fisk University Press,ORG,110,135
mdp.39015002602343,13,2,3,1930,DATE,139,143
mdp.39015002602343,13,3,0,second,ORDINAL,33,39
mdp.39015002602343,13,4,0,the Julius Rosenwald Fund,ORG,99,124
mdp.39015002602343,13,5,0,M. J. Bent,PERSON,4,14
mdp.39015002602343,13,5,1,Meharry Medical Collegé,ORG,18,41
mdp.39015002602343,13,5,2,the State Department of Health,ORG,68,98
mdp.39015002602343,13,5,3,about two years,DATE,103,118
mdp.39015002602343,13,6,0,Charles S. Johnson,PERSON,4,22
mdp.39015002602343,13,6,1,the Social Science Department,ORG,36,65
mdp.39015002602343,13,6,2,Fisk University,ORG,69,84
mdp.39015002602343,13,7,0,the United States Public Health Service,ORG,61,100
mdp.39015002602343,13,8,0,third,ORDINAL,91,96
mdp.39015002602343,13,8,1,Negro,NORP,189,194
mdp.39015002602343,13,9,0,State,ORG,51,56
mdp.39015002602343,13,9,1,Departments of Health,ORG,68,89
mdp.39015002602343,13,9,2,third,ORDINAL,102,107
mdp.39015002602343,13,10,0,a Joint Health Education Committee,ORG,24,58
mdp.39015002602343,13,10,1,A. and I. State College,ORG,159,182
mdp.39015002602343,13,10,2,Fisk University,ORG,201,216
mdp.39015002602343,14,0,0,Meharry Medical College,ORG,21,44
mdp.39015002602343,14,2,0,Committee,ORG,4,13
mdp.39015002602343,14,2,1,S. L. Smith,PERSON,32,43
mdp.39015002602343,14,3,0,1935,DATE,3,7
mdp.39015002602343,14,3,1,Robert H. White,PERSON,13,28
mdp.39015002602343,14,3,2,Departments of Health and Education,ORG,53,88
mdp.39015002602343,14,3,3,the University of Tennessee,ORG,90,117
mdp.39015002602343,14,3,4,the Tennessee Valley Authority,ORG,122,152
mdp.39015002602343,14,3,5,Committee,ORG,182,191
mdp.39015002602343,14,4,0,this Joint Committee,ORG,25,45
mdp.39015002602343,14,5,0,M. J. Bent,PERSON,4,14
mdp.39015002602343,14,5,1,Meharry Medical College,ORG,18,41
mdp.39015002602343,14,5,2,three,CARDINAL,107,112
mdp.39015002602343,14,5,3,the Julius Rosenwald Fund,ORG,171,196
mdp.39015002602343,14,7,0,Negroes,NORP,113,120
mdp.39015002602343,14,8,0,the State Department of Health,ORG,73,103
mdp.39015002602343,14,8,1,three,CARDINAL,126,131
mdp.39015002602343,14,8,2,Davidson County,GPE,171,186
mdp.39015002602343,14,8,3,one,CARDINAL,189,192
mdp.39015002602343,14,8,4,two,CARDINAL,204,207
mdp.39015002602343,14,8,5,three,CARDINAL,223,228
mdp.39015002602343,14,9,0,three,CARDINAL,26,31
mdp.39015002602343,14,9,1,W. C. Dodson,PERSON,55,67
mdp.39015002602343,14,9,2,John J. Lentz,PERSON,100,113
mdp.39015002602343,14,9,3,the Davidson County Health Unit,ORG,127,158
mdp.39015002602343,14,10,0,Paul Jessen,PERSON,4,15
mdp.39015002602343,14,10,1,Peabody College,ORG,28,43
mdp.39015002602343,14,10,2,three,CARDINAL,128,133
mdp.39015002602343,14,10,3,Bent,PERSON,190,194
mdp.39015002602343,15,0,0,1,CARDINAL,20,21
mdp.39015002602343,15,0,1,three,CARDINAL,84,89
mdp.39015002602343,15,0,2,2,CARDINAL,104,105
mdp.39015002602343,15,1,0,Jessen,PERSON,4,10
mdp.39015002602343,15,1,1,Bent,PERSON,22,26
mdp.39015002602343,15,1,2,five-year,DATE,74,83
mdp.39015002602343,15,2,0,1934,DATE,3,7
mdp.39015002602343,15,2,1,1936,DATE,12,16
mdp.39015002602343,15,3,0,three,CARDINAL,48,53
mdp.39015002602343,15,4,0,Ellen F. Greene,PERSON,43,58
mdp.39015002602343,15,4,1,the Joint Health Education Committee,ORG,149,185
mdp.39015002602343,15,4,2,Bent,PERSON,206,210
mdp.39015002602343,15,5,0,one,CARDINAL,26,29
mdp.39015002602343,15,5,1,three,CARDINAL,45,50
mdp.39015002602343,15,5,2,Brentwood,GPE,77,86
mdp.39015002602343,15,5,3,Briersville,GPE,88,99
mdp.39015002602343,15,5,4,Haynes,GPE,105,111
mdp.39015002602343,15,6,0,the year,DATE,17,25
mdp.39015002602343,15,8,0,the Advisory Council,ORG,42,62
mdp.39015002602343,15,9,0,about fifty,CARDINAL,38,49
mdp.39015002602343,15,9,1,1937-1938,DATE,118,127
mdp.39015002602343,15,10,0,the year,DATE,47,55
mdp.39015002602343,15,10,1,Committee,ORG,84,93
mdp.39015002602343,15,10,2,the State Department of Education,ORG,97,130
mdp.39015002602343,15,12,0,the fall of 1935,DATE,3,19
mdp.39015002602343,15,12,1,five-year,DATE,59,68
mdp.39015002602343,15,12,2,the Joint Committee,ORG,78,97
mdp.39015002602343,15,12,3,an Advisory Council on Health Education,ORG,104,143
mdp.39015002602343,15,12,4,Robert H. White,PERSON,161,176
mdp.39015002602343,15,12,5,Wayland J. Hayes,PERSON,192,208
mdp.39015002602343,15,12,6,Vanderbilt University,ORG,234,255
mdp.39015002602343,15,12,7,Charles S. Johnson,PERSON,261,279
mdp.39015002602343,15,12,8,Fisk University,ORG,320,335
mdp.39015002602343,15,12,9,J. H. Hale,PERSON,341,351
mdp.39015002602343,15,12,10,A. and I. State College,ORG,366,389
mdp.39015002602343,16,0,0,Meharry Medical College,ORG,10,33
mdp.39015002602343,16,3,0,W. E. Turner,PERSON,4,16
mdp.39015002602343,16,4,0,Council,ORG,4,11
mdp.39015002602343,16,4,1,one afternoon,TIME,16,29
mdp.39015002602343,16,4,2,Bent,PERSON,104,108
mdp.39015002602343,16,4,3,Greene,PERSON,118,124
mdp.39015002602343,16,6,0,The Advisory Council,ORG,0,20
mdp.39015002602343,16,6,1,three,CARDINAL,82,87
mdp.39015002602343,16,6,2,1,CARDINAL,106,107
mdp.39015002602343,16,6,3,Bent,PERSON,220,224
mdp.39015002602343,16,6,4,five-year,DATE,249,258
mdp.39015002602343,16,6,5,2,CARDINAL,268,269
mdp.39015002602343,16,6,6,Greene,PERSON,362,368
mdp.39015002602343,16,6,7,Bent,PERSON,397,401
mdp.39015002602343,16,6,8,three,CARDINAL,410,415
mdp.39015002602343,16,6,9,3,CARDINAL,441,442
mdp.39015002602343,16,6,10,2,CARDINAL,504,505
mdp.39015002602343,16,7,0,five-year,DATE,11,20
mdp.39015002602343,16,7,1,1929 to 1931,DATE,126,138
mdp.39015002602343,16,7,2,Bent,PERSON,147,151
mdp.39015002602343,16,7,3,two,CARDINAL,190,193
mdp.39015002602343,16,8,0,seven-year,DATE,43,53
mdp.39015002602343,16,8,1,Negroes,NORP,132,139
mdp.39015002602343,16,8,2,270.5,CARDINAL,175,180
mdp.39015002602343,16,8,3,1928,DATE,184,188
mdp.39015002602343,16,8,4,170.6,CARDINAL,192,197
mdp.39015002602343,16,8,5,1935,DATE,201,205
mdp.39015002602343,16,9,0,The Joint Health Education Committee,ORG,0,36
mdp.39015002602343,16,9,1,the United States Public Health Service,ORG,144,183
mdp.39015002602343,16,9,2,the Julius Rosenwald Fund,ORG,305,330
mdp.39015002602343,16,10,0,Committee,ORG,4,13
mdp.39015002602343,16,10,1,Robert H. White,PERSON,44,59
mdp.39015002602343,16,10,2,Charles S. Johnson,PERSON,65,83
mdp.39015002602343,16,10,3,Ullin W. Leavell,PERSON,93,109
mdp.39015002602343,16,11,0,"June 1, 1937",DATE,0,12
mdp.39015002602343,16,12,0,S. L. SMITH,PERSON,0,11
mdp.39015002602343,16,12,1,Joint Health Education Committee,ORG,33,65
mdp.39015002602343,16,13,0,10,CARDINAL,2,4
mdp.39015002602343,17,0,0,One,CARDINAL,5,8
mdp.39015002602343,17,0,1,SIBLEY,PERSON,34,40
mdp.39015002602343,17,1,0,Elbridge Sibley,PERSON,4,19
mdp.39015002602343,17,1,1,Negro,NORP,66,71
mdp.39015002602343,17,1,2,Tennessee,GPE,86,95
mdp.39015002602343,17,2,0,Negro,NORP,22,27
mdp.39015002602343,17,2,1,the ages between five and fifteen years,DATE,90,129
mdp.39015002602343,17,2,2,one,CARDINAL,164,167
mdp.39015002602343,17,2,3,the age of sixty-five,DATE,218,239
mdp.39015002602343,17,2,4,two,CARDINAL,258,261
mdp.39015002602343,17,3,0,sixty-five years of age,DATE,7,30
mdp.39015002602343,17,3,1,Negro,NORP,35,40
mdp.39015002602343,17,4,0,Negro,NORP,48,53
mdp.39015002602343,17,4,1,the age period,DATE,79,93
mdp.39015002602343,17,4,2,twenty to twenty-four years,DATE,97,124
mdp.39015002602343,17,4,3,age fifty,DATE,167,176
mdp.39015002602343,17,5,0,Negro,NORP,14,19
mdp.39015002602343,17,5,1,the age periods fifteen to nineteen years,DATE,95,136
mdp.39015002602343,17,5,2,about eight,CARDINAL,143,154
mdp.39015002602343,17,5,3,one,CARDINAL,158,161
mdp.39015002602343,17,6,0,the age sixty,DATE,7,20
mdp.39015002602343,17,6,1,Negro,NORP,25,30
mdp.39015002602343,17,7,0,two,CARDINAL,106,109
mdp.39015002602343,17,9,0,Sibley,PERSON,13,19
mdp.39015002602343,17,9,1,second,ORDINAL,48,54
mdp.39015002602343,17,9,2,Negroes,NORP,167,174
mdp.39015002602343,17,10,0,West Tennessee,LOC,40,54
mdp.39015002602343,17,10,1,East Tennessee,LOC,88,102
mdp.39015002602343,17,13,0,Stewart,PERSON,57,64
mdp.39015002602343,17,13,1,the State Department of Health,ORG,68,98
mdp.39015002602343,17,13,2,Tennessee,GPE,102,111
mdp.39015002602343,18,1,0,539,CARDINAL,110,113
mdp.39015002602343,18,1,1,678,CARDINAL,132,135
mdp.39015002602343,18,1,2,265,CARDINAL,182,185
mdp.39015002602343,18,2,0,four,CARDINAL,86,90
mdp.39015002602343,18,2,1,eleven,CARDINAL,129,135
mdp.39015002602343,18,2,2,7.42,CARDINAL,183,187
mdp.39015002602343,18,2,3,"1,000",CARDINAL,192,197
mdp.39015002602343,18,2,4,16.22,CARDINAL,215,220
mdp.39015002602343,18,3,0,4.32 years,DATE,110,120
mdp.39015002602343,18,3,1,3.91 years,DATE,144,154
mdp.39015002602343,18,4,0,"1,000",CARDINAL,28,33
mdp.39015002602343,18,4,1,1.72,CARDINAL,66,70
mdp.39015002602343,18,4,2,4.15,CARDINAL,95,99
mdp.39015002602343,18,5,0,the period 1920-1929,DATE,54,74
mdp.39015002602343,18,5,1,1.00,CARDINAL,199,203
mdp.39015002602343,18,5,2,"1,000",CARDINAL,208,213
mdp.39015002602343,18,5,3,2.35,CARDINAL,254,258
mdp.39015002602343,18,5,4,"1,000",CARDINAL,263,268
mdp.39015002602343,18,6,0,1.72,CARDINAL,92,96
mdp.39015002602343,18,6,1,4.15,CARDINAL,101,105
mdp.39015002602343,18,7,0,539,CARDINAL,16,19
mdp.39015002602343,18,7,1,678,CARDINAL,38,41
mdp.39015002602343,18,7,2,1,CARDINAL,101,102
mdp.39015002602343,18,7,3,Approximately one-half,CARDINAL,104,126
mdp.39015002602343,18,7,4,under five years of age,DATE,173,196
mdp.39015002602343,18,8,0,about eighty-five per cent,PERCENT,49,75
mdp.39015002602343,18,10,0,2,CARDINAL,1,2
mdp.39015002602343,18,10,1,five to fourteen,DATE,73,89
mdp.39015002602343,18,11,0,12,CARDINAL,2,4
mdp.39015002602343,19,0,0,3,CARDINAL,1,2
mdp.39015002602343,19,1,0,4,CARDINAL,1,2
mdp.39015002602343,19,1,1,twenty-eight per cent,PERCENT,60,81
mdp.39015002602343,19,1,2,thirty-four per cent,PERCENT,122,142
mdp.39015002602343,19,3,0,8.5 per cent,PERCENT,66,78
mdp.39015002602343,19,3,1,29.7 per cent,PERCENT,96,109
mdp.39015002602343,19,4,0,6,CARDINAL,1,2
mdp.39015002602343,19,6,0,Gibson County,GPE,21,34
mdp.39015002602343,19,7,0,E. L. Bishop,PERSON,32,44
mdp.39015002602343,19,7,1,H. C. Stewart,PERSON,53,66
mdp.39015002602343,19,7,2,the Section on Preventive and Industrial Medicine and Public Health,ORG,90,157
mdp.39015002602343,19,7,3,the Eighty-Third Annual Session of the American Medical Association,EVENT,161,228
mdp.39015002602343,19,7,4,New Orleans,GPE,230,241
mdp.39015002602343,19,7,5,"May 11, 1932",DATE,243,255
mdp.39015002602343,19,7,6,Kingsport,GPE,341,350
mdp.39015002602343,19,7,7,Tennessee,GPE,363,372
mdp.39015002602343,19,7,8,"15,000",CARDINAL,396,402
mdp.39015002602343,19,7,9,the Appalachian Mountains,LOC,431,456
mdp.39015002602343,19,8,0,Gibson County,GPE,65,78
mdp.39015002602343,19,9,0,Only about 600,CARDINAL,0,14
mdp.39015002602343,19,10,0,Negro,NORP,37,42
mdp.39015002602343,19,11,0,Negroes,NORP,4,11
mdp.39015002602343,19,11,1,Tennessee,GPE,85,94
mdp.39015002602343,19,11,2,Negroes,NORP,192,199
mdp.39015002602343,20,2,0,Nearly ten per cent,PERCENT,0,19
mdp.39015002602343,20,2,1,Negroes,NORP,29,36
mdp.39015002602343,20,2,2,four per cent,PERCENT,107,120
mdp.39015002602343,20,2,3,six per cent,PERCENT,131,143
mdp.39015002602343,20,3,0,thirteen per cent,PERCENT,51,68
mdp.39015002602343,20,3,1,under five years,DATE,86,102
mdp.39015002602343,20,3,2,sixty-one per cent,PERCENT,104,122
mdp.39015002602343,20,3,3,five to nine-year,DATE,130,147
mdp.39015002602343,20,3,4,seventy-five per cent,PERCENT,155,176
mdp.39015002602343,20,3,5,ten to fourteen-year,DATE,184,204
mdp.39015002602343,20,3,6,ninety per cent,PERCENT,215,230
mdp.39015002602343,20,3,7,those over fifteen years,DATE,234,258
mdp.39015002602343,20,5,0,Negro,NORP,60,65
mdp.39015002602343,20,6,0,Kingsport,GPE,54,63
mdp.39015002602343,20,8,0,Kingsport,GPE,16,25
mdp.39015002602343,20,8,1,7.5,CARDINAL,247,250
mdp.39015002602343,20,8,2,thousand,CARDINAL,255,263
mdp.39015002602343,20,9,0,from one to four years,DATE,100,122
mdp.39015002602343,20,10,0,Thirty-two,CARDINAL,0,10
mdp.39015002602343,20,10,1,eight-tenths,CARDINAL,15,27
mdp.39015002602343,20,10,2,thousand,CARDINAL,32,40
mdp.39015002602343,20,10,3,ten to nineteen years,DATE,143,164
mdp.39015002602343,20,10,4,twenty to thirty-nine-year,DATE,177,203
mdp.39015002602343,20,10,5,257,CARDINAL,240,243
mdp.39015002602343,20,10,6,thousand,CARDINAL,248,256
mdp.39015002602343,20,11,0,16.5,CARDINAL,83,87
mdp.39015002602343,20,11,1,thousand,CARDINAL,92,100
mdp.39015002602343,20,14,0,Crabtree,PERSON,20,28
mdp.39015002602343,20,14,1,the Section of Preventive and Industrial Medicine and Public Health,ORG,52,119
mdp.39015002602343,20,14,2,the Eighty-Fourth Session of the American Medical Association,EVENT,123,184
mdp.39015002602343,20,14,3,Milwaukee,GPE,186,195
mdp.39015002602343,20,14,4,"June 16, 1933",DATE,197,210
mdp.39015002602343,20,14,5,556,CARDINAL,223,226
mdp.39015002602343,20,14,6,550,CARDINAL,291,294
mdp.39015002602343,21,0,0,twenty-four,CARDINAL,26,37
mdp.39015002602343,21,1,0,238,CARDINAL,7,10
mdp.39015002602343,21,1,1,one,CARDINAL,47,50
mdp.39015002602343,21,1,2,twenty-seven,CARDINAL,118,130
mdp.39015002602343,21,1,3,fifty-two,CARDINAL,216,225
mdp.39015002602343,21,2,0,2,CARDINAL,1,2
mdp.39015002602343,21,2,1,three,CARDINAL,327,332
mdp.39015002602343,21,3,0,3,CARDINAL,1,2
mdp.39015002602343,21,5,0,234,CARDINAL,43,46
mdp.39015002602343,21,5,1,thousand,CARDINAL,51,59
mdp.39015002602343,21,6,0,Two,CARDINAL,0,3
mdp.39015002602343,21,6,1,eleven,CARDINAL,11,17
mdp.39015002602343,21,6,2,more than two per cent,PERCENT,60,82
mdp.39015002602343,21,8,0,4,CARDINAL,1,2
mdp.39015002602343,21,8,1,seventy-five,CARDINAL,7,19
mdp.39015002602343,21,8,2,four,CARDINAL,134,138
mdp.39015002602343,21,8,3,eleven,CARDINAL,155,161
mdp.39015002602343,21,8,4,one-year,DATE,195,203
mdp.39015002602343,21,9,0,Three per cent,PERCENT,4,18
mdp.39015002602343,21,9,1,six per cent,PERCENT,51,63
mdp.39015002602343,21,9,2,nineteen per cent,PERCENT,81,98
mdp.39015002602343,21,9,3,a year,DATE,132,138
mdp.39015002602343,21,10,0,One-fourth,CARDINAL,0,10
mdp.39015002602343,21,10,1,the year,DATE,87,95
mdp.39015002602343,21,10,2,more than one-half,CARDINAL,133,151
mdp.39015002602343,21,11,0,6,CARDINAL,1,2
mdp.39015002602343,21,12,0,one,CARDINAL,68,71
mdp.39015002602343,21,14,0,more than 200,CARDINAL,9,22
mdp.39015002602343,21,14,1,hundred,CARDINAL,50,57
mdp.39015002602343,22,1,0,twenty-one,CARDINAL,6,16
mdp.39015002602343,22,1,1,67.4,CARDINAL,95,99
mdp.39015002602343,22,1,2,thousand,CARDINAL,104,112
mdp.39015002602343,22,2,0,twelve,CARDINAL,7,13
mdp.39015002602343,22,2,1,five,CARDINAL,50,54
mdp.39015002602343,22,2,2,the first year,DATE,71,85
mdp.39015002602343,22,4,0,third,ORDINAL,79,84
mdp.39015002602343,22,4,1,five-year,DATE,101,110
mdp.39015002602343,22,4,2,two,CARDINAL,142,145
mdp.39015002602343,22,4,3,three,CARDINAL,165,170
mdp.39015002602343,22,4,4,Nashville,GPE,193,202
mdp.39015002602343,22,5,0,two,CARDINAL,43,46
mdp.39015002602343,22,5,1,first,ORDINAL,56,61
mdp.39015002602343,22,5,2,Negro,NORP,104,109
mdp.39015002602343,22,5,3,Tennessee,GPE,126,135
mdp.39015002602343,22,5,4,second,ORDINAL,141,147
mdp.39015002602343,22,6,0,five-year,DATE,63,72
mdp.39015002602343,22,6,1,1,CARDINAL,103,104
mdp.39015002602343,22,6,2,2,CARDINAL,178,179
mdp.39015002602343,22,6,3,Negroes,NORP,267,274
mdp.39015002602343,22,6,4,3,CARDINAL,277,278
mdp.39015002602343,22,6,5,seven,CARDINAL,327,332
mdp.39015002602343,22,7,0,six,CARDINAL,78,81
mdp.39015002602343,22,7,1,1,CARDINAL,120,121
mdp.39015002602343,22,7,2,2,CARDINAL,132,133
mdp.39015002602343,22,7,3,3,CARDINAL,184,185
mdp.39015002602343,22,7,4,4,CARDINAL,213,214
mdp.39015002602343,22,8,0,6,CARDINAL,0,1
mdp.39015002602343,22,10,0,1,CARDINAL,114,115
mdp.39015002602343,23,0,0,3,CARDINAL,0,1
mdp.39015002602343,23,0,1,4,CARDINAL,62,63
mdp.39015002602343,23,2,0,first,ORDINAL,4,9
mdp.39015002602343,23,2,1,three,CARDINAL,156,161
mdp.39015002602343,23,4,0,FIRST,ORDINAL,11,16
mdp.39015002602343,23,5,0,three,CARDINAL,35,40
mdp.39015002602343,23,5,1,Paul Jessen,PERSON,118,129
mdp.39015002602343,23,5,2,Bent,PERSON,154,158
mdp.39015002602343,23,6,0,The GatesStrang Health Knowledge Test,WORK_OF_ART,0,37
mdp.39015002602343,23,6,1,fourth,ORDINAL,101,107
mdp.39015002602343,23,6,2,fifth,ORDINAL,109,114
mdp.39015002602343,23,6,3,sixth,ORDINAL,116,121
mdp.39015002602343,23,6,4,seventh,ORDINAL,123,130
mdp.39015002602343,23,6,5,eighth,ORDINAL,135,141
mdp.39015002602343,23,7,0,ninety-four,CARDINAL,40,51
mdp.39015002602343,23,7,1,nineteen,CARDINAL,84,92
mdp.39015002602343,24,1,0,a Health Habit Questionnaire,WORK_OF_ART,33,61
mdp.39015002602343,24,1,1,twenty-nine,CARDINAL,74,85
mdp.39015002602343,24,1,2,six,CARDINAL,106,109
mdp.39015002602343,24,1,3,only 54.3 per cent,PERCENT,345,363
mdp.39015002602343,24,2,0,Twenty-five per cent,PERCENT,0,20
mdp.39015002602343,24,3,0,79.5 per cent,PERCENT,125,138
mdp.39015002602343,24,3,1,63.2 per cent,PERCENT,191,204
mdp.39015002602343,24,3,2,40.8 per cent,PERCENT,287,300
mdp.39015002602343,24,3,3,40.0 per cent,PERCENT,359,372
mdp.39015002602343,24,3,4,14.5 per cent,PERCENT,422,435
mdp.39015002602343,24,3,5,4.0 per cent,PERCENT,462,474
mdp.39015002602343,24,3,6,57.0 per cent,PERCENT,516,529
mdp.39015002602343,24,3,7,70.0 per cent,PERCENT,558,571
mdp.39015002602343,24,3,8,more than two hours,TIME,579,598
mdp.39015002602343,24,4,0,18,CARDINAL,115,117
mdp.39015002602343,25,0,0,54.3 per cent,PERCENT,56,69
mdp.39015002602343,25,1,0,140,CARDINAL,7,10
mdp.39015002602343,25,1,1,11,CARDINAL,27,29
mdp.39015002602343,25,1,2,122,CARDINAL,61,64
mdp.39015002602343,25,1,3,136,CARDINAL,88,91
mdp.39015002602343,25,1,4,58,CARDINAL,125,127
mdp.39015002602343,25,4,0,seventy-three per cent,PERCENT,32,54
mdp.39015002602343,25,6,0,Forty-one,CARDINAL,0,9
mdp.39015002602343,25,6,1,139,CARDINAL,17,20
mdp.39015002602343,25,6,2,twenty-five,CARDINAL,62,73
mdp.39015002602343,25,6,3,a few inches,QUANTITY,112,124
mdp.39015002602343,25,7,0,six,CARDINAL,3,6
mdp.39015002602343,25,9,0,Sixty per cent,PERCENT,0,14
mdp.39015002602343,25,10,0,sixteen,CARDINAL,21,28
mdp.39015002602343,25,12,0,Sixty,CARDINAL,0,5
mdp.39015002602343,25,12,1,ninety-eight,CARDINAL,13,25
mdp.39015002602343,25,16,0,Sixty per cent,PERCENT,0,14
mdp.39015002602343,25,17,0,Only two,CARDINAL,0,8
mdp.39015002602343,25,17,1,forty-six,CARDINAL,29,38
mdp.39015002602343,25,17,2,19,CARDINAL,59,61
mdp.39015002602343,26,3,0,twenty-seven,CARDINAL,0,12
mdp.39015002602343,26,4,0,Twenty-four,CARDINAL,0,11
mdp.39015002602343,26,4,1,twenty-three,CARDINAL,75,87
mdp.39015002602343,26,5,0,Twenty-five,CARDINAL,0,11
mdp.39015002602343,26,6,0,eighteen,CARDINAL,42,50
mdp.39015002602343,26,6,1,three,CARDINAL,103,108
mdp.39015002602343,26,9,0,Four,CARDINAL,0,4
mdp.39015002602343,26,10,0,One,CARDINAL,0,3
mdp.39015002602343,26,10,1,Bent,PERSON,15,19
mdp.39015002602343,26,10,2,three,CARDINAL,81,86
mdp.39015002602343,26,10,3,one,CARDINAL,105,108
mdp.39015002602343,26,12,0,Seven,CARDINAL,0,5
mdp.39015002602343,26,13,0,Nine,CARDINAL,0,4
mdp.39015002602343,26,13,1,thirty-two,CARDINAL,49,59
mdp.39015002602343,26,14,0,Nineteen,CARDINAL,0,8
mdp.39015002602343,26,14,1,eleven,CARDINAL,32,38
mdp.39015002602343,26,15,0,fourteen,CARDINAL,35,43
mdp.39015002602343,26,15,1,more than one hundred yards,QUANTITY,68,95
mdp.39015002602343,26,16,0,Six,CARDINAL,0,3
mdp.39015002602343,26,16,1,nine,CARDINAL,5,9
mdp.39015002602343,26,16,2,ten,CARDINAL,15,18
mdp.39015002602343,26,16,3,three,CARDINAL,52,57
mdp.39015002602343,26,18,0,Thirty,CARDINAL,0,6
mdp.39015002602343,26,18,1,sixteen,CARDINAL,34,41
mdp.39015002602343,26,18,2,thirty-one,CARDINAL,79,89
mdp.39015002602343,26,19,0,Eleven,CARDINAL,0,6
mdp.39015002602343,26,19,1,nine,CARDINAL,18,22
mdp.39015002602343,26,19,2,ten,CARDINAL,38,41
mdp.39015002602343,26,19,3,thirty,CARDINAL,56,62
mdp.39015002602343,26,19,4,200 feet,QUANTITY,98,106
mdp.39015002602343,26,20,0,two,CARDINAL,70,73
mdp.39015002602343,26,21,0,Only one,CARDINAL,0,8
mdp.39015002602343,26,21,1,20,CARDINAL,56,58
mdp.39015002602343,27,3,0,seventeen,CARDINAL,11,20
mdp.39015002602343,27,3,1,only eight,CARDINAL,58,68
mdp.39015002602343,27,4,0,twenty-nine,CARDINAL,14,25
mdp.39015002602343,27,5,0,only twenty,CARDINAL,36,47
mdp.39015002602343,27,5,1,eight,CARDINAL,106,111
mdp.39015002602343,27,6,0,five,CARDINAL,113,117
mdp.39015002602343,27,6,1,two,CARDINAL,139,142
mdp.39015002602343,27,12,0,several inches,QUANTITY,27,41
mdp.39015002602343,27,13,0,one,CARDINAL,22,25
mdp.39015002602343,27,13,1,one-foot,QUANTITY,164,172
mdp.39015002602343,27,14,0,clear days,DATE,3,13
mdp.39015002602343,27,14,1,between eight and twenty-foot,QUANTITY,42,71
mdp.39015002602343,27,16,0,two,CARDINAL,50,53
mdp.39015002602343,27,19,0,eighty to ninety degrees,QUANTITY,148,172
mdp.39015002602343,27,19,1,fifty degrees,QUANTITY,210,223
mdp.39015002602343,27,20,0,school hours,TIME,45,57
mdp.39015002602343,27,22,0,21,CARDINAL,6,8
mdp.39015002602343,28,1,0,the County Health Department,ORG,118,146
mdp.39015002602343,28,2,0,Public Health,ORG,5,18
mdp.39015002602343,28,2,1,annual,DATE,38,44
mdp.39015002602343,28,4,0,the Joint Health Committee,ORG,111,137
mdp.39015002602343,28,4,1,the Health Education Experiment,ORG,198,229
mdp.39015002602343,28,5,0,1,CARDINAL,30,31
mdp.39015002602343,28,6,0,2,CARDINAL,0,1
mdp.39015002602343,28,6,1,every hour of the day,TIME,104,125
mdp.39015002602343,28,7,0,3,CARDINAL,0,1
mdp.39015002602343,28,7,1,Bent,PERSON,73,77
mdp.39015002602343,28,7,2,the A. and I. State Teachers College,ORG,81,117
mdp.39015002602343,28,8,0,4,CARDINAL,0,1
mdp.39015002602343,28,9,0,5,CARDINAL,0,1
mdp.39015002602343,28,10,0,6,CARDINAL,0,1
mdp.39015002602343,28,10,1,22,CARDINAL,159,161
mdp.39015002602343,29,0,0,the County Health Unit,ORG,18,40
mdp.39015002602343,29,2,0,Negro,NORP,6,11
mdp.39015002602343,29,3,0,two,CARDINAL,7,10
mdp.39015002602343,29,5,0,the Joint Health Committee,ORG,85,111
mdp.39015002602343,29,7,0,weekly,DATE,35,41
mdp.39015002602343,29,7,1,three,CARDINAL,54,59
mdp.39015002602343,29,8,0,weekly,DATE,9,15
mdp.39015002602343,29,11,0,1,CARDINAL,40,41
mdp.39015002602343,29,11,1,2,CARDINAL,59,60
mdp.39015002602343,29,18,0,23,CARDINAL,63,65
mdp.39015002602343,30,0,0,16,CARDINAL,0,2
mdp.39015002602343,30,2,0,the first year's,DATE,83,99
mdp.39015002602343,30,2,1,weekly,DATE,144,150
mdp.39015002602343,30,3,0,"the beginning of the school year, 1934-1935",DATE,31,74
mdp.39015002602343,30,3,1,1,CARDINAL,132,133
mdp.39015002602343,30,3,2,ten-minute,TIME,137,147
mdp.39015002602343,30,3,3,3,CARDINAL,318,319
mdp.39015002602343,30,5,0,Daily,DATE,0,5
mdp.39015002602343,30,5,1,one,CARDINAL,126,129
mdp.39015002602343,30,5,2,two,CARDINAL,133,136
mdp.39015002602343,30,9,0,the Health Knowledge Test,WORK_OF_ART,112,137
mdp.39015002602343,30,10,0,24,CARDINAL,89,91
mdp.39015002602343,31,3,0,Health Education,ORG,89,105
mdp.39015002602343,31,5,0,FISK AND A. AND I. STATE COLLEGE,ORG,20,52
mdp.39015002602343,31,6,0,the Joint Health Committee,ORG,88,114
mdp.39015002602343,31,6,1,the A. and I. State College,ORG,178,205
mdp.39015002602343,31,6,2,Fisk University,ORG,210,225
mdp.39015002602343,31,6,3,three,CARDINAL,278,283
mdp.39015002602343,31,9,0,the A. and I. State College,ORG,3,30
mdp.39015002602343,31,10,0,Fisk University,ORG,22,37
mdp.39015002602343,31,11,0,Meharry Medical College,ORG,24,47
mdp.39015002602343,31,11,1,eight,CARDINAL,124,129
mdp.39015002602343,31,12,0,three,CARDINAL,417,422
mdp.39015002602343,31,12,1,25,CARDINAL,449,451
mdp.39015002602343,32,3,0,SECOND,ORDINAL,11,17
mdp.39015002602343,32,4,0,one year,DATE,18,26
mdp.39015002602343,32,4,1,Paul Jessen,PERSON,31,42
mdp.39015002602343,32,4,2,second,ORDINAL,50,56
mdp.39015002602343,32,5,0,second,ORDINAL,5,11
mdp.39015002602343,32,5,1,three,CARDINAL,65,70
mdp.39015002602343,32,5,2,Brentwood School,ORG,94,110
mdp.39015002602343,32,5,3,.22.6%,PERCENT,126,132
mdp.39015002602343,32,5,4,Briersville School,ORG,136,154
mdp.39015002602343,32,5,5,13.6%,PERCENT,169,174
mdp.39015002602343,32,5,6,Haynes School,ORG,178,191
mdp.39015002602343,32,5,7,5.9%,PERCENT,206,210
mdp.39015002602343,32,6,0,second,ORDINAL,50,56
mdp.39015002602343,32,6,1,first,ORDINAL,87,92
mdp.39015002602343,32,6,2,1932,DATE,99,103
mdp.39015002602343,32,6,3,1934,DATE,104,108
mdp.39015002602343,32,7,0,.14.1%,PERCENT,0,6
mdp.39015002602343,32,7,1,36%,PERCENT,7,10
mdp.39015002602343,32,7,2,4.2%,PERCENT,67,71
mdp.39015002602343,32,7,3,16%,PERCENT,72,75
mdp.39015002602343,32,7,4,35.0%,PERCENT,117,122
mdp.39015002602343,32,7,5,57%,PERCENT,123,126
mdp.39015002602343,32,8,0,Only sixteen,CARDINAL,0,12
mdp.39015002602343,32,8,1,1934,DATE,38,42
mdp.39015002602343,32,9,0,1932,DATE,81,85
mdp.39015002602343,32,10,0,five,CARDINAL,9,13
mdp.39015002602343,32,10,1,sixteen,CARDINAL,65,72
mdp.39015002602343,32,11,0,1934,DATE,44,48
mdp.39015002602343,32,12,0,GREENE,PERSON,28,34
mdp.39015002602343,32,13,0,1936,DATE,132,136
mdp.39015002602343,32,14,0,Ellen F. Greene,PERSON,29,44
mdp.39015002602343,32,14,1,daily,DATE,55,60
mdp.39015002602343,32,14,2,three,CARDINAL,75,80
mdp.39015002602343,32,21,0,26,CARDINAL,92,94
mdp.39015002602343,33,7,0,the early pioneer days,DATE,22,44
mdp.39015002602343,33,11,0,Today,DATE,0,5
mdp.39015002602343,33,16,0,Today,DATE,0,5
mdp.39015002602343,33,18,0,Today,DATE,0,5
mdp.39015002602343,33,19,0,27,CARDINAL,2,4
mdp.39015002602343,34,12,0,Dewey,PERSON,10,15
mdp.39015002602343,35,15,0,29,CARDINAL,93,95
mdp.39015002602343,36,2,0,1,CARDINAL,88,89
mdp.39015002602343,36,3,0,2,CARDINAL,0,1
mdp.39015002602343,36,6,0,3,CARDINAL,0,1
mdp.39015002602343,36,7,0,4,CARDINAL,0,1
mdp.39015002602343,36,9,0,6,CARDINAL,0,1
mdp.39015002602343,36,11,0,7,CARDINAL,0,1
mdp.39015002602343,36,13,0,8,CARDINAL,0,1
mdp.39015002602343,36,15,0,9,CARDINAL,0,1
mdp.39015002602343,36,17,0,10,CARDINAL,0,2
mdp.39015002602343,36,19,0,Thorndike,PERSON,13,22
mdp.39015002602343,36,19,1,three,CARDINAL,34,39
mdp.39015002602343,36,20,0,1,CARDINAL,0,1
mdp.39015002602343,36,21,0,The Law of Readiness,LAW,0,20
mdp.39015002602343,36,23,0,2,CARDINAL,0,1
mdp.39015002602343,36,24,0,30,CARDINAL,2,4
mdp.39015002602343,37,0,0,3,CARDINAL,0,1
mdp.39015002602343,37,3,0,one,CARDINAL,24,27
mdp.39015002602343,37,14,0,31,CARDINAL,208,210
mdp.39015002602343,38,0,0,1,CARDINAL,0,1
mdp.39015002602343,38,1,0,2,CARDINAL,0,1
mdp.39015002602343,38,2,0,3,CARDINAL,0,1
mdp.39015002602343,38,3,0,4,CARDINAL,0,1
mdp.39015002602343,38,4,0,Paul Jessen,PERSON,198,209
mdp.39015002602343,38,7,0,1,CARDINAL,0,1
mdp.39015002602343,38,8,0,2,CARDINAL,0,1
mdp.39015002602343,38,9,0,3,CARDINAL,0,1
mdp.39015002602343,38,10,0,4,CARDINAL,0,1
mdp.39015002602343,38,12,0,5,CARDINAL,0,1
mdp.39015002602343,38,14,0,6,CARDINAL,0,1
mdp.39015002602343,38,16,0,7,CARDINAL,0,1
mdp.39015002602343,38,18,0,8,CARDINAL,0,1
mdp.39015002602343,38,20,0,32,CARDINAL,2,4
mdp.39015002602343,39,0,0,9,CARDINAL,0,1
mdp.39015002602343,39,8,0,Briersville,GPE,67,78
mdp.39015002602343,39,8,1,Brentwood,GPE,80,89
mdp.39015002602343,39,8,2,Haynes,GPE,95,101
mdp.39015002602343,39,9,0,12,CARDINAL,0,2
mdp.39015002602343,39,11,0,Bent,PERSON,170,174
mdp.39015002602343,39,12,0,13,CARDINAL,0,2
mdp.39015002602343,39,17,0,the spring of 1936,DATE,3,21
mdp.39015002602343,39,17,1,second,ORDINAL,24,30
mdp.39015002602343,39,18,0,Ellen F. Greene,PERSON,5,20
mdp.39015002602343,39,18,1,the school year,DATE,36,51
mdp.39015002602343,39,19,0,the Health Knowledge Test,WORK_OF_ART,83,108
mdp.39015002602343,39,19,1,first,ORDINAL,158,163
mdp.39015002602343,39,22,0,Ninety-four,CARDINAL,0,11
mdp.39015002602343,39,22,1,nineteen,CARDINAL,52,60
mdp.39015002602343,39,23,0,Twenty,CARDINAL,0,6
mdp.39015002602343,39,23,1,33,CARDINAL,36,38
mdp.39015002602343,40,0,0,eighteen,CARDINAL,15,23
mdp.39015002602343,40,0,1,eight,CARDINAL,41,46
mdp.39015002602343,40,0,2,seven,CARDINAL,81,86
mdp.39015002602343,40,2,0,one,CARDINAL,37,40
mdp.39015002602343,40,2,1,five,CARDINAL,44,48
mdp.39015002602343,40,3,0,one hundred and two,CARDINAL,11,30
mdp.39015002602343,40,3,1,Haynes School,ORG,103,116
mdp.39015002602343,40,3,2,4 5 6,CARDINAL,128,133
mdp.39015002602343,40,4,0,Briersville School,ORG,0,18
mdp.39015002602343,40,4,1,4 6 7,CARDINAL,19,24
mdp.39015002602343,40,4,2,Brentwood School,ORG,25,41
mdp.39015002602343,40,4,3,4 5,CARDINAL,42,45
mdp.39015002602343,40,4,4,13 13,CARDINAL,59,64
mdp.39015002602343,40,6,0,.98 102,CARDINAL,0,7
mdp.39015002602343,40,7,0,Haynes School,ORG,25,38
mdp.39015002602343,40,7,1,Briersville School,ORG,51,69
mdp.39015002602343,40,8,0,Brentwood School,ORG,0,16
mdp.39015002602343,40,8,1,32 32,CARDINAL,20,25
mdp.39015002602343,40,9,0,4th,ORDINAL,25,28
mdp.39015002602343,40,9,1,5th,ORDINAL,38,41
mdp.39015002602343,40,9,2,1932,DATE,55,59
mdp.39015002602343,40,9,3,Haynes School4th,ORG,90,106
mdp.39015002602343,40,9,4,Briersville School,ORG,181,199
mdp.39015002602343,40,9,5,4th,ORDINAL,255,258
mdp.39015002602343,40,10,0,Brentwood School1,ORG,0,17
mdp.39015002602343,40,10,1,5th,ORDINAL,42,45
mdp.39015002602343,40,10,2,6th,ORDINAL,52,55
mdp.39015002602343,40,10,3,6,CARDINAL,82,83
mdp.39015002602343,40,10,4,4,CARDINAL,93,94
mdp.39015002602343,40,10,5,8,CARDINAL,95,96
mdp.39015002602343,40,11,0,1932,DATE,67,71
mdp.39015002602343,40,11,1,1934,DATE,96,100
mdp.39015002602343,40,11,2,1936,DATE,122,126
mdp.39015002602343,40,12,0,34,CARDINAL,2,4
mdp.39015002602343,41,0,0,1932,DATE,56,60
mdp.39015002602343,41,0,1,1934,DATE,62,66
mdp.39015002602343,41,0,2,1936,DATE,72,76
mdp.39015002602343,41,1,0,7.8 points,PERCENT,31,41
mdp.39015002602343,41,1,1,two years ago,DATE,73,86
mdp.39015002602343,41,1,2,21.4,CARDINAL,91,95
mdp.39015002602343,41,1,3,four years ago,DATE,115,129
mdp.39015002602343,41,2,0,Brentwood School,ORG,0,16
mdp.39015002602343,41,2,1,1936,DATE,53,57
mdp.39015002602343,41,2,2,12.4,CARDINAL,73,77
mdp.39015002602343,41,3,0,Brentwood School,ORG,0,16
mdp.39015002602343,41,3,1,four years,DATE,65,75
mdp.39015002602343,41,3,2,35.0,CARDINAL,91,95
mdp.39015002602343,41,4,0,1934,DATE,0,4
mdp.39015002602343,41,4,1,1936,DATE,10,14
mdp.39015002602343,41,4,2,1936,DATE,20,24
mdp.39015002602343,41,4,3,1932,DATE,35,39
mdp.39015002602343,41,4,4,1934,DATE,45,49
mdp.39015002602343,41,4,5,1932,DATE,55,59
mdp.39015002602343,41,4,6,3.5,CARDINAL,60,63
mdp.39015002602343,41,4,7,10.4,CARDINAL,64,68
mdp.39015002602343,41,4,8,13.9,CARDINAL,69,73
mdp.39015002602343,41,4,9,16.3,CARDINAL,74,78
mdp.39015002602343,41,4,10,4.4,CARDINAL,79,82
mdp.39015002602343,41,4,11,20.7,CARDINAL,83,87
mdp.39015002602343,41,4,12,1932,DATE,88,92
mdp.39015002602343,41,4,13,Haynes School,ORG,93,106
mdp.39015002602343,41,4,14,54.6%,PERCENT,125,130
mdp.39015002602343,41,4,15,1934,DATE,131,135
mdp.39015002602343,41,4,16,Haynes School,ORG,136,149
mdp.39015002602343,41,4,17,58.1%,PERCENT,168,173
mdp.39015002602343,41,4,18,1936Haynes School,ORG,174,191
mdp.39015002602343,41,4,19,68.5%,PERCENT,210,215
mdp.39015002602343,41,4,20,1932,DATE,216,220
mdp.39015002602343,41,4,21,Briersville School,ORG,221,239
mdp.39015002602343,41,4,22,47.3%,PERCENT,258,263
mdp.39015002602343,41,4,23,1934,DATE,264,268
mdp.39015002602343,41,4,24,Briersville School,ORG,269,287
mdp.39015002602343,41,4,25,63.6%,PERCENT,306,311
mdp.39015002602343,41,4,26,1936,DATE,312,316
mdp.39015002602343,41,4,27,Briersville School,ORG,317,335
mdp.39015002602343,41,4,28,68.0%,PERCENT,354,359
mdp.39015002602343,41,5,0,1932,DATE,0,4
mdp.39015002602343,41,5,1,Brentwood School,ORG,5,21
mdp.39015002602343,41,5,2,55.7%,PERCENT,40,45
mdp.39015002602343,41,5,3,1934,DATE,46,50
mdp.39015002602343,41,5,4,Brentwood School,ORG,51,67
mdp.39015002602343,41,5,5,78.3%,PERCENT,86,91
mdp.39015002602343,41,5,6,1936,DATE,92,96
mdp.39015002602343,41,5,7,Brentwood School,ORG,97,113
mdp.39015002602343,41,5,8,90.7%,PERCENT,132,137
mdp.39015002602343,41,6,0,1932,DATE,0,4
mdp.39015002602343,41,6,1,54.3%,PERCENT,35,40
mdp.39015002602343,41,6,2,1934,DATE,41,45
mdp.39015002602343,41,6,3,67.9%,PERCENT,76,81
mdp.39015002602343,41,6,4,1936,DATE,82,86
mdp.39015002602343,41,6,5,75.6%,PERCENT,117,122
mdp.39015002602343,41,6,6,22.6,CARDINAL,123,127
mdp.39015002602343,41,7,0,Haynes,GPE,21,27
mdp.39015002602343,41,7,1,Fourth,ORDINAL,33,39
mdp.39015002602343,41,7,2,Biersville,GPE,49,59
mdp.39015002602343,41,7,3,Brentwood,GPE,85,94
mdp.39015002602343,41,7,4,two years ago,DATE,176,189
mdp.39015002602343,41,8,0,35,CARDINAL,69,71
mdp.39015002602343,42,0,0,90%,PERCENT,32,35
mdp.39015002602343,42,0,1,1932 1934,DATE,57,66
mdp.39015002602343,42,0,2,2,CARDINAL,84,85
mdp.39015002602343,42,0,3,Haynes School,ORG,92,105
mdp.39015002602343,42,0,4,1,CARDINAL,106,107
mdp.39015002602343,42,0,5,Briersville School,ORG,113,131
mdp.39015002602343,42,0,6,1,CARDINAL,132,133
mdp.39015002602343,42,0,7,Brentwood School,ORG,140,156
mdp.39015002602343,42,0,8,6 78,CARDINAL,157,161
mdp.39015002602343,42,0,9,75%,PERCENT,203,206
mdp.39015002602343,42,0,10,1932 1934,DATE,228,237
mdp.39015002602343,42,0,11,All School's,ORG,243,255
mdp.39015002602343,42,0,12,19 42,CARDINAL,256,261
mdp.39015002602343,42,0,13,Haynes School,ORG,265,278
mdp.39015002602343,42,0,14,22 29,CARDINAL,279,284
mdp.39015002602343,42,0,15,Briersville School,ORG,285,303
mdp.39015002602343,42,0,16,9 37,CARDINAL,304,308
mdp.39015002602343,42,0,17,Brentwood School,ORG,312,328
mdp.39015002602343,42,0,18,21 60,CARDINAL,329,334
mdp.39015002602343,42,3,0,the Health Knowledge Test,WORK_OF_ART,57,82
mdp.39015002602343,42,3,1,1932,DATE,111,115
mdp.39015002602343,42,4,0,70 per cent,PERCENT,7,18
mdp.39015002602343,42,4,1,only six,CARDINAL,61,69
mdp.39015002602343,42,4,2,the Health Knowledge Test,WORK_OF_ART,80,105
mdp.39015002602343,42,4,3,less than 70 per cent,PERCENT,129,150
mdp.39015002602343,42,5,0,only one,CARDINAL,67,75
mdp.39015002602343,42,5,1,six,CARDINAL,85,88
mdp.39015002602343,42,5,2,the average per cent,PERCENT,150,170
mdp.39015002602343,42,5,3,63.6 per cent,PERCENT,191,204
mdp.39015002602343,42,5,4,only 41.7 per cent,PERCENT,278,296
mdp.39015002602343,42,6,0,82.3 per cent,PERCENT,119,132
mdp.39015002602343,42,6,1,61.4 per cent,PERCENT,236,249
mdp.39015002602343,42,7,0,54.3 per cent,PERCENT,56,69
mdp.39015002602343,42,7,1,75.9 per cent,PERCENT,87,100
mdp.39015002602343,42,9,0,only one per cent,PERCENT,23,40
mdp.39015002602343,42,9,1,13,DATE,106,108
mdp.39015002602343,42,9,2,39.2 per cent,PERCENT,144,157
mdp.39015002602343,42,10,0,36,CARDINAL,2,4
mdp.39015002602343,43,0,0,1932,DATE,101,105
mdp.39015002602343,43,0,1,1936,DATE,131,135
mdp.39015002602343,43,1,0,IV,CARDINAL,7,9
mdp.39015002602343,43,1,1,IV,CARDINAL,16,18
mdp.39015002602343,43,1,2,the average per cent,PERCENT,25,45
mdp.39015002602343,43,1,3,three,CARDINAL,104,109
mdp.39015002602343,43,3,0,the Health Knowledge Test,WORK_OF_ART,102,127
mdp.39015002602343,43,3,1,three,CARDINAL,135,140
mdp.39015002602343,43,4,0,III,CARDINAL,12,15
mdp.39015002602343,43,4,1,1936,DATE,20,24
mdp.39015002602343,43,5,0,1932,DATE,116,120
mdp.39015002602343,43,5,1,1936,DATE,125,129
mdp.39015002602343,43,6,0,1932,DATE,55,59
mdp.39015002602343,43,6,1,1936,DATE,60,64
mdp.39015002602343,43,6,2,2,CARDINAL,80,81
mdp.39015002602343,43,6,3,4 1,CARDINAL,82,85
mdp.39015002602343,43,6,4,80.5,CARDINAL,86,90
mdp.39015002602343,43,6,5,73.1,CARDINAL,91,95
mdp.39015002602343,43,6,6,69.3,CARDINAL,96,100
mdp.39015002602343,43,6,7,88.1,CARDINAL,101,105
mdp.39015002602343,43,6,8,85.7,CARDINAL,106,110
mdp.39015002602343,43,6,9,89.2,CARDINAL,111,115
mdp.39015002602343,43,6,10,1,CARDINAL,116,117
mdp.39015002602343,43,6,11,68.3,CARDINAL,118,122
mdp.39015002602343,43,6,12,83.3,CARDINAL,123,127
mdp.39015002602343,43,6,13,5,CARDINAL,128,129
mdp.39015002602343,43,6,14,1,CARDINAL,140,141
mdp.39015002602343,43,6,15,2,CARDINAL,152,153
mdp.39015002602343,43,6,16,3.,CARDINAL,162,164
mdp.39015002602343,43,7,0,63.2,CARDINAL,42,46
mdp.39015002602343,43,7,1,37,CARDINAL,74,76
mdp.39015002602343,44,2,0,54.3 75.9,CARDINAL,311,320
mdp.39015002602343,44,4,0,94,CARDINAL,0,2
mdp.39015002602343,44,5,0,1934,DATE,23,27
mdp.39015002602343,44,5,1,61.4,CARDINAL,38,42
mdp.39015002602343,44,6,0,1932,DATE,151,155
mdp.39015002602343,44,6,1,1936,DATE,160,164
mdp.39015002602343,44,6,2,1932,DATE,232,236
mdp.39015002602343,44,7,0,82.6 90.1,CARDINAL,73,82
mdp.39015002602343,44,8,0,38,CARDINAL,45,47
mdp.39015002602343,45,0,0,78.5,CARDINAL,89,93
mdp.39015002602343,45,0,1,86.2,CARDINAL,94,98
mdp.39015002602343,45,0,2,84.3,CARDINAL,99,103
mdp.39015002602343,45,1,0,1,CARDINAL,29,30
mdp.39015002602343,45,7,0,68.3,CARDINAL,0,4
mdp.39015002602343,45,8,0,3,CARDINAL,20,21
mdp.39015002602343,45,8,1,1,CARDINAL,45,46
mdp.39015002602343,45,10,0,4,CARDINAL,20,21
mdp.39015002602343,45,14,0,1934,DATE,23,27
mdp.39015002602343,45,16,0,39,CARDINAL,94,96
mdp.39015002602343,46,0,0,90.1,CARDINAL,0,4
mdp.39015002602343,46,3,0,One,CARDINAL,0,3
mdp.39015002602343,46,4,0,61.2,CARDINAL,146,150
mdp.39015002602343,46,5,0,between 68 and 72,CARDINAL,59,76
mdp.39015002602343,46,5,1,40.8,CARDINAL,85,89
mdp.39015002602343,46,11,0,fourth,ORDINAL,15,21
mdp.39015002602343,46,11,1,fifth,ORDINAL,23,28
mdp.39015002602343,46,11,2,sixth,ORDINAL,32,37
mdp.39015002602343,46,13,0,22.4,CARDINAL,87,91
mdp.39015002602343,46,13,1,88.2,CARDINAL,98,102
mdp.39015002602343,46,13,2,77.4,CARDINAL,103,107
mdp.39015002602343,46,14,0,7,CARDINAL,20,21
mdp.39015002602343,46,16,0,63.2,CARDINAL,0,4
mdp.39015002602343,46,18,0,Several hours,TIME,0,13
mdp.39015002602343,46,18,1,each day,DATE,37,45
mdp.39015002602343,46,20,0,One,CARDINAL,0,3
mdp.39015002602343,46,20,1,94.1,CARDINAL,44,48
mdp.39015002602343,46,20,2,40,CARDINAL,51,53
mdp.39015002602343,47,0,0,39.7,CARDINAL,65,69
mdp.39015002602343,47,1,0,1,CARDINAL,45,46
mdp.39015002602343,47,8,0,American,NORP,7,15
mdp.39015002602343,47,8,1,29.5,CARDINAL,72,76
mdp.39015002602343,47,8,2,63.3,CARDINAL,77,81
mdp.39015002602343,47,8,3,59.8,CARDINAL,82,86
mdp.39015002602343,47,8,4,58.8,CARDINAL,87,91
mdp.39015002602343,47,8,5,91.1,CARDINAL,92,96
mdp.39015002602343,47,8,6,87.2,CARDINAL,97,101
mdp.39015002602343,47,10,0,every day,DATE,133,142
mdp.39015002602343,47,22,0,45.9,CARDINAL,48,52
mdp.39015002602343,47,23,0,37.7,CARDINAL,84,88
mdp.39015002602343,47,24,0,34.6,CARDINAL,78,82
mdp.39015002602343,47,24,1,84.3,CARDINAL,83,87
mdp.39015002602343,47,24,2,90.1,CARDINAL,88,92
mdp.39015002602343,47,24,3,84.3,CARDINAL,93,97
mdp.39015002602343,47,24,4,61.7,CARDINAL,98,102
mdp.39015002602343,47,29,0,93.8 98.0,CARDINAL,57,66
mdp.39015002602343,47,29,1,41,CARDINAL,69,71
mdp.39015002602343,48,0,0,97.0,CARDINAL,0,4
mdp.39015002602343,48,0,1,92.1,CARDINAL,5,9
mdp.39015002602343,48,0,2,95.0,CARDINAL,10,14
mdp.39015002602343,48,0,3,86.2,CARDINAL,15,19
mdp.39015002602343,48,0,4,87.2,CARDINAL,20,24
mdp.39015002602343,48,0,5,91.1,CARDINAL,25,29
mdp.39015002602343,48,0,6,73.5,CARDINAL,30,34
mdp.39015002602343,48,0,7,92.1,CARDINAL,35,39
mdp.39015002602343,48,10,0,One,CARDINAL,0,3
mdp.39015002602343,48,15,0,62.2,CARDINAL,54,58
mdp.39015002602343,48,19,0,every day,DATE,16,25
mdp.39015002602343,48,19,1,at least three,CARDINAL,40,54
mdp.39015002602343,48,19,2,winter,DATE,71,77
mdp.39015002602343,48,20,0,each day,DATE,25,33
mdp.39015002602343,48,20,1,four to,QUANTITY,34,41
mdp.39015002602343,48,20,2,51.0,CARDINAL,62,66
mdp.39015002602343,48,21,0,48.9,CARDINAL,103,107
mdp.39015002602343,48,22,0,46.9,CARDINAL,60,64
mdp.39015002602343,48,23,0,40.8,CARDINAL,67,71
mdp.39015002602343,48,24,0,32.6,CARDINAL,86,90
mdp.39015002602343,48,25,0,noon day,TIME,18,26
mdp.39015002602343,48,25,1,about one-half hour,TIME,67,86
mdp.39015002602343,48,25,2,70.5,CARDINAL,87,91
mdp.39015002602343,48,25,3,77.4,CARDINAL,92,96
mdp.39015002602343,48,25,4,74.5,CARDINAL,97,101
mdp.39015002602343,48,25,5,76.4,CARDINAL,102,106
mdp.39015002602343,48,25,6,82.3,CARDINAL,107,111
mdp.39015002602343,48,25,7,81.3,CARDINAL,112,116
mdp.39015002602343,48,25,8,62.7,CARDINAL,117,121
mdp.39015002602343,48,25,9,31.6,CARDINAL,122,126
mdp.39015002602343,48,25,10,42,CARDINAL,134,136
mdp.39015002602343,49,2,0,about eight,CARDINAL,31,42
mdp.39015002602343,49,2,1,20.4,CARDINAL,142,146
mdp.39015002602343,49,2,2,97.0,CARDINAL,152,156
mdp.39015002602343,49,2,3,93.1,CARDINAL,157,161
mdp.39015002602343,49,2,4,97.0,CARDINAL,162,166
mdp.39015002602343,49,2,5,85.2,CARDINAL,167,171
mdp.39015002602343,49,2,6,82.3,CARDINAL,172,176
mdp.39015002602343,49,2,7,92.1,CARDINAL,177,181
mdp.39015002602343,49,2,8,12,CARDINAL,202,204
mdp.39015002602343,49,2,9,1,CARDINAL,215,216
mdp.39015002602343,49,3,0,five,CARDINAL,9,13
mdp.39015002602343,49,5,0,85.6,CARDINAL,71,75
mdp.39015002602343,49,7,0,Alice,PERSON,0,5
mdp.39015002602343,49,15,0,72.4,CARDINAL,120,124
mdp.39015002602343,49,16,0,62.2,CARDINAL,66,70
mdp.39015002602343,49,17,0,54.0,CARDINAL,67,71
mdp.39015002602343,49,19,0,45.9,CARDINAL,0,4
mdp.39015002602343,49,20,0,One,CARDINAL,0,3
mdp.39015002602343,49,20,1,42.8,CARDINAL,56,60
mdp.39015002602343,49,21,0,41.8,CARDINAL,69,73
mdp.39015002602343,49,22,0,40.8 14.One,CARDINAL,47,58
mdp.39015002602343,49,22,1,43,CARDINAL,179,181
mdp.39015002602343,50,0,0,32.6,CARDINAL,5,9
mdp.39015002602343,50,0,1,68.6,CARDINAL,10,14
mdp.39015002602343,50,0,2,15,CARDINAL,15,17
mdp.39015002602343,50,1,0,22.4 59.8,CARDINAL,84,93
mdp.39015002602343,50,1,1,16,CARDINAL,94,96
mdp.39015002602343,50,2,0,22.4 83.3,CARDINAL,68,77
mdp.39015002602343,50,3,0,half,CARDINAL,36,40
mdp.39015002602343,50,3,1,150,CARDINAL,69,72
mdp.39015002602343,50,3,2,9.1 40.1,CARDINAL,77,85
mdp.39015002602343,50,3,3,18,CARDINAL,86,88
mdp.39015002602343,50,4,0,13,CARDINAL,57,59
mdp.39015002602343,50,4,1,700-900,CARDINAL,63,70
mdp.39015002602343,50,5,0,1.02 39.2,CARDINAL,0,9
mdp.39015002602343,50,6,0,52.0,CARDINAL,153,157
mdp.39015002602343,50,6,1,78.4,CARDINAL,163,167
mdp.39015002602343,50,7,0,1,CARDINAL,0,1
mdp.39015002602343,50,9,0,half,CARDINAL,54,58
mdp.39015002602343,50,12,0,Pasteur,PERSON,69,76
mdp.39015002602343,50,12,1,5,CARDINAL,77,78
mdp.39015002602343,50,14,0,30.6,CARDINAL,0,4
mdp.39015002602343,50,14,1,69.6,CARDINAL,5,9
mdp.39015002602343,50,14,2,34.6,CARDINAL,17,21
mdp.39015002602343,50,14,3,57.8,CARDINAL,22,26
mdp.39015002602343,50,14,4,52.9,CARDINAL,27,31
mdp.39015002602343,50,19,0,fourth,ORDINAL,34,40
mdp.39015002602343,50,20,0,40.8 68.6,CARDINAL,104,113
mdp.39015002602343,50,21,0,44,CARDINAL,2,4
mdp.39015002602343,51,1,0,one,CARDINAL,71,74
mdp.39015002602343,51,7,0,sixth,ORDINAL,15,20
mdp.39015002602343,51,7,1,eight to ten inches,QUANTITY,48,67
mdp.39015002602343,51,7,2,22.4,CARDINAL,89,93
mdp.39015002602343,51,7,3,66.6,CARDINAL,94,98
mdp.39015002602343,51,7,4,53.8,CARDINAL,99,103
mdp.39015002602343,51,7,5,57.8,CARDINAL,104,108
mdp.39015002602343,51,7,6,89.2,CARDINAL,109,113
mdp.39015002602343,51,7,7,63.7,CARDINAL,114,118
mdp.39015002602343,51,8,0,1,CARDINAL,46,47
mdp.39015002602343,51,14,0,every few minutes,TIME,80,97
mdp.39015002602343,51,18,0,One,CARDINAL,0,3
mdp.39015002602343,51,18,1,34.6,CARDINAL,91,95
mdp.39015002602343,51,19,0,32.6,CARDINAL,90,94
mdp.39015002602343,51,20,0,2-3 pints,QUANTITY,67,76
mdp.39015002602343,51,20,1,25.5,CARDINAL,82,86
mdp.39015002602343,51,21,0,One,CARDINAL,0,3
mdp.39015002602343,51,21,1,one,CARDINAL,61,64
mdp.39015002602343,51,21,2,two,CARDINAL,68,71
mdp.39015002602343,51,21,3,57.0,CARDINAL,114,118
mdp.39015002602343,51,21,4,41.1,CARDINAL,129,133
mdp.39015002602343,51,21,5,45,CARDINAL,146,148
mdp.39015002602343,52,0,0,one,CARDINAL,112,115
mdp.39015002602343,52,2,0,6.1,CARDINAL,104,107
mdp.39015002602343,52,2,1,77.4,CARDINAL,113,117
mdp.39015002602343,52,3,0,1,CARDINAL,56,57
mdp.39015002602343,52,6,0,1932,DATE,66,70
mdp.39015002602343,52,6,1,1934,DATE,72,76
mdp.39015002602343,52,6,2,1936,DATE,78,82
mdp.39015002602343,52,6,3,1932,DATE,83,87
mdp.39015002602343,52,6,4,1934,DATE,88,92
mdp.39015002602343,52,6,5,1.,PERCENT,98,100
mdp.39015002602343,52,7,0,54.3,CARDINAL,71,75
mdp.39015002602343,52,7,1,75.7 2.,PERCENT,81,88
mdp.39015002602343,52,8,0,55.0,CARDINAL,56,60
mdp.39015002602343,52,8,1,62.4,CARDINAL,61,65
mdp.39015002602343,52,8,2,72.1,CARDINAL,66,70
mdp.39015002602343,52,8,3,69.4,CARDINAL,71,75
mdp.39015002602343,52,8,4,77.7,CARDINAL,76,80
mdp.39015002602343,52,8,5,57.6,CARDINAL,81,85
mdp.39015002602343,52,8,6,78.5,CARDINAL,86,90
mdp.39015002602343,52,8,7,78.3,CARDINAL,91,95
mdp.39015002602343,52,8,8,fourth,ORDINAL,113,119
mdp.39015002602343,52,8,9,47.4,CARDINAL,127,131
mdp.39015002602343,52,8,10,fifth,ORDINAL,139,144
mdp.39015002602343,52,8,11,sixth,ORDINAL,164,169
mdp.39015002602343,52,8,12,58.5,CARDINAL,177,181
mdp.39015002602343,52,8,13,seventh,ORDINAL,189,196
mdp.39015002602343,52,8,14,eighth,ORDINAL,216,222
mdp.39015002602343,52,9,0,Haynes School,ORG,59,72
mdp.39015002602343,52,9,1,54.6,CARDINAL,73,77
mdp.39015002602343,52,9,2,Briersville School,ORG,81,99
mdp.39015002602343,52,9,3,47.3,CARDINAL,100,104
mdp.39015002602343,52,9,4,Brentwood School,ORG,108,124
mdp.39015002602343,52,9,5,55.7,CARDINAL,125,129
mdp.39015002602343,52,9,6,4. Average per cent,PERCENT,130,149
mdp.39015002602343,52,9,7,58.1,CARDINAL,218,222
mdp.39015002602343,52,9,8,63.6,CARDINAL,223,227
mdp.39015002602343,52,9,9,78.3,CARDINAL,228,232
mdp.39015002602343,52,9,10,68.5,CARDINAL,233,237
mdp.39015002602343,52,9,11,68.0,CARDINAL,238,242
mdp.39015002602343,52,9,12,46,CARDINAL,250,252
mdp.39015002602343,53,0,0,45.0,CARDINAL,0,4
mdp.39015002602343,53,0,1,Haynes,PERSON,80,86
mdp.39015002602343,53,0,2,Briersville School,ORG,159,177
mdp.39015002602343,53,1,0,Brentwood School,ORG,51,67
mdp.39015002602343,53,1,1,57.4,CARDINAL,133,137
mdp.39015002602343,53,3,0,17.6 per cent,PERCENT,79,92
mdp.39015002602343,53,4,0,14.1 per cent,PERCENT,88,101
mdp.39015002602343,53,4,1,1932,DATE,105,109
mdp.39015002602343,53,4,2,39.6 per cent,PERCENT,113,126
mdp.39015002602343,53,4,3,1936,DATE,130,134
mdp.39015002602343,53,4,4,25.5 per cent,PERCENT,158,171
mdp.39015002602343,53,5,0,Approximately 100 per cent,PERCENT,0,26
mdp.39015002602343,53,5,1,1932,DATE,48,52
mdp.39015002602343,53,5,2,1936,DATE,57,61
mdp.39015002602343,53,5,3,82.7 per cent,PERCENT,63,76
mdp.39015002602343,53,7,0,four years,DATE,123,133
mdp.39015002602343,53,7,1,77 per cent,PERCENT,140,151
mdp.39015002602343,53,7,2,20 per cent,PERCENT,155,166
mdp.39015002602343,53,8,0,1932,DATE,3,7
mdp.39015002602343,53,8,1,over 85 per cent,PERCENT,8,24
mdp.39015002602343,53,9,0,1936,DATE,3,7
mdp.39015002602343,53,9,1,93 per cent,PERCENT,9,20
mdp.39015002602343,53,10,0,1932,DATE,18,22
mdp.39015002602343,53,10,1,58 per cent,PERCENT,24,35
mdp.39015002602343,53,10,2,1936,DATE,75,79
mdp.39015002602343,53,10,3,only 25.9 per cent,PERCENT,80,98
mdp.39015002602343,53,11,0,one,CARDINAL,83,86
mdp.39015002602343,53,11,1,Brentwood,GPE,105,114
mdp.39015002602343,53,11,2,thirty,CARDINAL,121,127
mdp.39015002602343,53,11,3,twenty-five cents,MONEY,155,172
mdp.39015002602343,54,0,0,TENNESSEE,GPE,41,50
mdp.39015002602343,54,0,1,THREE,CARDINAL,88,93
mdp.39015002602343,54,0,2,DAVIDSCN COUNTY,GPE,105,120
mdp.39015002602343,54,1,0,DRIBRVILLE,GPE,0,10
mdp.39015002602343,54,1,1,BEENTWOOD,PERSON,25,34
mdp.39015002602343,54,1,2,HAYNAS,PERSON,49,55
mdp.39015002602343,54,1,3,three,CARDINAL,57,62
mdp.39015002602343,54,1,4,1932,DATE,82,86
mdp.39015002602343,54,2,0,THREE,CARDINAL,0,5
mdp.39015002602343,54,2,1,THREE,CARDINAL,32,37
mdp.39015002602343,54,2,2,4,CARDINAL,47,48
mdp.39015002602343,54,2,3,80,CARDINAL,73,75
mdp.39015002602343,54,3,0,Haynen School,ORG,0,13
mdp.39015002602343,54,3,1,HAYNES,NORP,36,42
mdp.39015002602343,54,3,2,4,CARDINAL,51,52
mdp.39015002602343,54,3,3,BRIERVILLE,GPE,95,105
mdp.39015002602343,55,0,0,1932,DATE,12,16
mdp.39015002602343,55,0,1,85 per cent,PERCENT,18,29
mdp.39015002602343,55,0,2,1936,DATE,111,115
mdp.39015002602343,55,0,3,only 20 per cent,PERCENT,124,140
mdp.39015002602343,55,2,0,four years,DATE,111,121
mdp.39015002602343,55,7,0,1932,DATE,3,7
mdp.39015002602343,55,7,1,70 per cent,PERCENT,9,20
mdp.39015002602343,55,7,2,1934,DATE,58,62
mdp.39015002602343,55,7,3,only 25 per cent,PERCENT,63,79
mdp.39015002602343,55,7,4,1936,DATE,117,121
mdp.39015002602343,55,7,5,80 per cent,PERCENT,158,169
mdp.39015002602343,55,8,0,the past four years,DATE,87,106
mdp.39015002602343,55,15,0,49,CARDINAL,2,4
mdp.39015002602343,56,0,0,DAVIDSON COUNTY,GPE,42,57
mdp.39015002602343,56,0,1,THREE,CARDINAL,134,139
mdp.39015002602343,56,1,0,1952,DATE,0,4
mdp.39015002602343,56,1,1,1954,DATE,6,10
mdp.39015002602343,56,1,2,1936,DATE,16,20
mdp.39015002602343,56,1,3,4TH,ORDINAL,54,57
mdp.39015002602343,56,1,4,SECOND,ORDINAL,66,72
mdp.39015002602343,56,1,5,8TH,ORDINAL,115,118
mdp.39015002602343,56,1,6,HAYNES,PERSON,125,131
mdp.39015002602343,56,2,0,BRENTWOOD,PERSON,0,9
mdp.39015002602343,56,2,1,Two,CARDINAL,11,14
mdp.39015002602343,56,2,2,DRIERVILLE,PERSON,24,34
mdp.39015002602343,56,2,3,ONE,CARDINAL,36,39
mdp.39015002602343,56,2,4,1992,DATE,59,63
mdp.39015002602343,56,3,0,PECHECK,PERSON,0,7
mdp.39015002602343,56,4,0,1954,DATE,0,4
mdp.39015002602343,56,6,0,RECHECK,PERSON,0,7
mdp.39015002602343,56,6,1,1936,DATE,8,12
mdp.39015002602343,56,6,2,40,CARDINAL,29,31
mdp.39015002602343,56,6,3,1932,DATE,41,45
mdp.39015002602343,56,6,4,1934,DATE,55,59
mdp.39015002602343,56,6,5,1930,DATE,70,74
mdp.39015002602343,56,7,0,HAYNES SCHOOL,ORG,26,39
mdp.39015002602343,56,7,1,1932,DATE,50,54
mdp.39015002602343,56,7,2,1934,DATE,65,69
mdp.39015002602343,56,7,3,8,CARDINAL,83,84
mdp.39015002602343,56,7,4,1936,DATE,94,98
mdp.39015002602343,56,8,0,BRIERSVILLE SCHOOL,ORG,0,18
mdp.39015002602343,56,8,1,1932,DATE,29,33
mdp.39015002602343,56,8,2,1934,DATE,43,47
mdp.39015002602343,56,8,3,8,CARDINAL,52,53
mdp.39015002602343,56,8,4,1936,DATE,60,64
mdp.39015002602343,56,8,5,1932,DATE,90,94
mdp.39015002602343,56,8,6,1934,DATE,105,109
mdp.39015002602343,56,8,7,1936,DATE,125,129
mdp.39015002602343,57,0,0,two,CARDINAL,4,7
mdp.39015002602343,57,1,0,five,CARDINAL,25,29
mdp.39015002602343,57,3,0,1932,DATE,3,7
mdp.39015002602343,57,3,1,only 41.4 per cent,PERCENT,8,26
mdp.39015002602343,57,4,0,68.8 per cent,PERCENT,18,31
mdp.39015002602343,57,4,1,1934,DATE,35,39
mdp.39015002602343,57,5,0,56 per cent,PERCENT,31,42
mdp.39015002602343,57,5,1,1936,DATE,46,50
mdp.39015002602343,57,7,0,1932,DATE,3,7
mdp.39015002602343,57,7,1,1934,DATE,12,16
mdp.39015002602343,57,7,2,approximately 66 per cent,PERCENT,18,43
mdp.39015002602343,57,8,0,1936,DATE,3,7
mdp.39015002602343,57,8,1,two weeks,DATE,47,56
mdp.39015002602343,57,8,2,practically 90 per cent,PERCENT,94,117
mdp.39015002602343,57,8,3,daily,DATE,151,156
mdp.39015002602343,57,10,0,1932,DATE,3,7
mdp.39015002602343,57,10,1,55.4 per cent,PERCENT,9,22
mdp.39015002602343,57,11,0,1934,DATE,3,7
mdp.39015002602343,57,11,1,1936,DATE,12,16
mdp.39015002602343,57,11,2,over 80 per cent,PERCENT,17,33
mdp.39015002602343,57,13,0,a certain day,DATE,279,292
mdp.39015002602343,57,14,0,that day,DATE,3,11
mdp.39015002602343,57,14,1,at least 50 per cent,PERCENT,45,65
mdp.39015002602343,58,0,0,DAVIDSON COUNTY,GPE,41,56
mdp.39015002602343,58,0,1,TENN.,GPE,57,62
mdp.39015002602343,58,0,2,1932,DATE,138,142
mdp.39015002602343,58,0,3,"1934,1936",DATE,144,153
mdp.39015002602343,58,0,4,1932,DATE,164,168
mdp.39015002602343,58,0,5,1936,DATE,194,198
mdp.39015002602343,58,1,0,52,CARDINAL,234,236
mdp.39015002602343,59,0,0,Negroes,NORP,14,21
mdp.39015002602343,59,3,0,Kingsport,GPE,219,228
mdp.39015002602343,59,4,0,Negro,NORP,65,70
mdp.39015002602343,59,6,0,three,CARDINAL,7,12
mdp.39015002602343,59,6,1,less than one per cent,PERCENT,34,56
mdp.39015002602343,59,7,0,over 50 per cent,PERCENT,89,105
mdp.39015002602343,59,10,0,Negroes,NORP,52,59
mdp.39015002602343,59,19,0,53,CARDINAL,2,4
mdp.39015002602343,60,1,0,two-thirds,CARDINAL,23,33
mdp.39015002602343,60,2,0,24 hours,TIME,36,44
mdp.39015002602343,60,13,0,Brentwood,GPE,3,12
mdp.39015002602343,60,13,1,the P.-T. A.,ORG,13,25
mdp.39015002602343,60,13,2,daily,DATE,82,87
mdp.39015002602343,60,13,3,thirty,CARDINAL,168,174
mdp.39015002602343,60,14,0,approximately 15.4 per cent,PERCENT,179,206
mdp.39015002602343,61,0,0,the last year,DATE,8,21
mdp.39015002602343,61,0,1,Brentwood,GPE,37,46
mdp.39015002602343,61,2,0,two,CARDINAL,63,66
mdp.39015002602343,61,2,1,Tennessee,GPE,76,85
mdp.39015002602343,61,3,0,at least two,CARDINAL,48,60
mdp.39015002602343,61,4,0,five-year,DATE,2,11
mdp.39015002602343,61,4,1,three,CARDINAL,69,74
mdp.39015002602343,61,4,2,Davidson County,GPE,97,112
mdp.39015002602343,61,4,3,two,CARDINAL,117,120
mdp.39015002602343,61,6,0,Two,CARDINAL,0,3
mdp.39015002602343,61,7,0,third,ORDINAL,20,25
mdp.39015002602343,61,12,0,55,CARDINAL,2,4
mdp.39015002602343,62,0,0,Two,CARDINAL,5,8
mdp.39015002602343,62,1,0,Fisk University,ORG,78,93
mdp.39015002602343,62,1,1,the A. and I. State College,ORG,98,125
mdp.39015002602343,62,2,0,three,CARDINAL,35,40
mdp.39015002602343,62,2,1,Davidson County,GPE,63,78
mdp.39015002602343,62,2,2,Tennessee,GPE,80,89
mdp.39015002602343,62,5,0,M. J. BENT.,PERSON,0,11
mdp.39015002602343,63,2,0,III,CARDINAL,0,3
mdp.39015002602343,63,3,0,IV,CARDINAL,0,2
mdp.39015002602343,63,11,0,57,CARDINAL,2,4
mdp.39015002602343,64,3,0,Twelve Hours,TIME,0,12
mdp.39015002602343,64,3,1,VII,CARDINAL,53,56
mdp.39015002602343,64,37,0,From Covention of mental coon,WORK_OF_ART,36,65
mdp.39015002602343,64,39,0,58,CARDINAL,2,4
mdp.39015002602343,65,1,0,1,CARDINAL,0,1
mdp.39015002602343,65,2,0,2,CARDINAL,0,1
mdp.39015002602343,65,3,0,3,CARDINAL,0,1
mdp.39015002602343,65,4,0,4,CARDINAL,0,1
mdp.39015002602343,65,5,0,5,CARDINAL,0,1
mdp.39015002602343,65,6,0,6,CARDINAL,0,1
mdp.39015002602343,65,8,0,Bailey,PERSON,0,6
mdp.39015002602343,65,9,0,Sands,PERSON,0,5
mdp.39015002602343,65,10,0,Henry,PERSON,0,5
mdp.39015002602343,65,11,0,Dorcus,PERSON,0,6
mdp.39015002602343,65,11,1,Shaffer,PERSON,11,18
mdp.39015002602343,65,12,0,II,CARDINAL,0,2
mdp.39015002602343,65,16,0,Broadhurst,PERSON,12,22
mdp.39015002602343,65,16,1,35,CARDINAL,56,58
mdp.39015002602343,65,16,2,42,CARDINAL,60,62
mdp.39015002602343,65,17,0,Turner,PERSON,0,6
mdp.39015002602343,65,17,1,Winslow,PERSON,53,60
mdp.39015002602343,65,24,0,The Evils of Alcohol,WORK_OF_ART,24,44
mdp.39015002602343,65,26,0,"Nostrums and Quackery,",WORK_OF_ART,46,68
mdp.39015002602343,65,26,1,"100,000,000 Guinea Pigs",WORK_OF_ART,71,94
mdp.39015002602343,65,27,0,the past year,DATE,73,86
mdp.39015002602343,65,29,0,59,CARDINAL,2,4
mdp.39015002602343,66,0,0,III,CARDINAL,0,3
mdp.39015002602343,66,1,0,Meredith,PERSON,0,8
mdp.39015002602343,66,1,1,Twelve Hours of HyDefinition,WORK_OF_ART,10,38
mdp.39015002602343,66,3,0,Turner:,ORG,15,22
mdp.39015002602343,66,4,0,Smiley,PERSON,0,6
mdp.39015002602343,66,4,1,Gould,PERSON,11,16
mdp.39015002602343,66,4,2,34,CARDINAL,110,112
mdp.39015002602343,66,11,0,1,CARDINAL,29,30
mdp.39015002602343,66,14,0,2,CARDINAL,0,1
mdp.39015002602343,66,20,0,3,CARDINAL,0,1
mdp.39015002602343,66,20,1,1,CARDINAL,28,29
mdp.39015002602343,66,23,0,3,CARDINAL,79,80
mdp.39015002602343,66,24,0,60,CARDINAL,2,4
mdp.39015002602343,67,0,0,4,CARDINAL,27,28
mdp.39015002602343,67,2,0,Wright,PERSON,66,72
mdp.39015002602343,67,3,0,5,CARDINAL,0,1
mdp.39015002602343,67,3,1,5,CARDINAL,28,29
mdp.39015002602343,67,7,0,6,CARDINAL,0,1
mdp.39015002602343,67,7,1,6,CARDINAL,25,26
mdp.39015002602343,67,10,0,7,CARDINAL,0,1
mdp.39015002602343,67,16,0,the Department of Neuro-Psychiatry,ORG,106,140
mdp.39015002602343,67,28,0,Snelling,PERSON,17,25
mdp.39015002602343,67,30,0,61,CARDINAL,1,3
mdp.39015002602343,68,1,0,Broadhurst,PERSON,33,43
mdp.39015002602343,68,1,1,Meredith,PERSON,141,149
mdp.39015002602343,68,1,2,Twelve Hours,TIME,151,163
mdp.39015002602343,68,3,0,Feeding the Family,WORK_OF_ART,6,24
mdp.39015002602343,68,4,0,Turner,PERSON,26,32
mdp.39015002602343,68,10,0,1,CARDINAL,64,65
mdp.39015002602343,68,11,0,2,CARDINAL,29,30
mdp.39015002602343,68,13,0,4,CARDINAL,31,32
mdp.39015002602343,68,15,0,the day,DATE,17,24
mdp.39015002602343,68,19,0,1,CARDINAL,29,30
mdp.39015002602343,68,20,0,2,CARDINAL,0,1
mdp.39015002602343,68,47,0,J. Library,ORG,0,10
mdp.39015002602343,68,50,0,62,CARDINAL,2,4
mdp.39015002602343,69,0,0,Meredith,PERSON,12,20
mdp.39015002602343,69,0,1,Twelve Hours of Hygiene,WORK_OF_ART,22,45
mdp.39015002602343,69,0,2,Turner,PERSON,58,64
mdp.39015002602343,69,2,0,1,CARDINAL,13,14
mdp.39015002602343,69,3,0,2,CARDINAL,1,2
mdp.39015002602343,69,5,0,3,CARDINAL,1,2
mdp.39015002602343,69,7,0,Winslow,PERSON,0,7
mdp.39015002602343,69,7,1,The Prevention of Disease in the Individual,WORK_OF_ART,9,52
mdp.39015002602343,69,8,0,Williams,PERSON,0,8
mdp.39015002602343,69,9,0,Williams,PERSON,0,8
mdp.39015002602343,69,9,1,Brownell,PERSON,13,21
mdp.39015002602343,69,9,2,Health and Physical Education,ORG,23,52
mdp.39015002602343,69,10,0,Hillas,PERSON,0,6
mdp.39015002602343,69,11,0,Bowens,PERSON,0,6
mdp.39015002602343,69,11,1,Mitchell,PERSON,11,19
mdp.39015002602343,69,18,0,63,CARDINAL,2,4
mdp.39015002602343,70,3,0,1,CARDINAL,70,71
mdp.39015002602343,70,4,0,2,CARDINAL,0,1
mdp.39015002602343,70,5,0,3,CARDINAL,0,1
mdp.39015002602343,70,6,0,4,CARDINAL,0,1
mdp.39015002602343,70,7,0,5,CARDINAL,0,1
mdp.39015002602343,70,8,0,6,CARDINAL,0,1
mdp.39015002602343,70,10,0,1,CARDINAL,72,73
mdp.39015002602343,70,10,1,fifth,ORDINAL,134,139
mdp.39015002602343,70,10,2,2,CARDINAL,147,148
mdp.39015002602343,70,12,0,64,CARDINAL,2,4
mdp.39015002602343,71,2,0,1,CARDINAL,51,52
mdp.39015002602343,71,15,0,2,CARDINAL,0,1
mdp.39015002602343,71,24,0,3,CARDINAL,0,1
mdp.39015002602343,71,31,0,3,CARDINAL,0,1
mdp.39015002602343,71,37,0,Junior High School,ORG,44,62
mdp.39015002602343,71,46,0,65,CARDINAL,2,4
mdp.39015002602343,72,0,0,VI,CARDINAL,0,2
mdp.39015002602343,72,3,0,Broadhurst,PERSON,12,22
mdp.39015002602343,72,4,0,Smiley,PERSON,0,6
mdp.39015002602343,72,4,1,Gould,PERSON,11,16
mdp.39015002602343,72,4,2,XI,CARDINAL,46,48
mdp.39015002602343,72,4,3,XV,CARDINAL,55,57
mdp.39015002602343,72,5,0,Turner,PERSON,0,6
mdp.39015002602343,72,5,1,XXVI,CARDINAL,48,52
mdp.39015002602343,72,6,0,1,CARDINAL,48,49
mdp.39015002602343,72,7,0,1,CARDINAL,17,18
mdp.39015002602343,72,8,0,2,CARDINAL,0,1
mdp.39015002602343,72,13,0,2,CARDINAL,0,1
mdp.39015002602343,72,17,0,3,CARDINAL,0,1
mdp.39015002602343,72,21,0,3,CARDINAL,0,1
mdp.39015002602343,72,22,0,66,CARDINAL,2,4
mdp.39015002602343,73,0,0,4,CARDINAL,0,1
mdp.39015002602343,73,1,0,4,CARDINAL,0,1
mdp.39015002602343,73,3,0,5,CARDINAL,0,1
mdp.39015002602343,73,6,0,5,CARDINAL,0,1
mdp.39015002602343,73,7,0,1,CARDINAL,52,53
mdp.39015002602343,73,8,0,2,CARDINAL,1,2
mdp.39015002602343,73,9,0,3,CARDINAL,1,2
mdp.39015002602343,73,19,0,1,CARDINAL,1,2
mdp.39015002602343,73,20,0,2,CARDINAL,1,2
mdp.39015002602343,73,21,0,3,CARDINAL,1,2
mdp.39015002602343,73,24,0,one,CARDINAL,0,3
mdp.39015002602343,73,25,0,1,CARDINAL,0,1
mdp.39015002602343,73,31,0,2,CARDINAL,0,1
mdp.39015002602343,73,32,0,3,CARDINAL,0,1
mdp.39015002602343,73,33,0,4,CARDINAL,0,1
mdp.39015002602343,73,34,0,5,CARDINAL,0,1
mdp.39015002602343,73,35,0,6,CARDINAL,0,1
mdp.39015002602343,73,36,0,7,CARDINAL,0,1
mdp.39015002602343,73,37,0,8,CARDINAL,0,1
mdp.39015002602343,73,39,0,9,CARDINAL,0,1
mdp.39015002602343,73,40,0,10,CARDINAL,0,2
mdp.39015002602343,73,41,0,11,CARDINAL,0,2
mdp.39015002602343,73,42,0,12,CARDINAL,0,2
mdp.39015002602343,74,1,0,Broadhurst,PERSON,0,10
mdp.39015002602343,74,3,0,Meredith,PERSON,17,25
mdp.39015002602343,74,3,1,Twelve Hours of Hyof factors such,WORK_OF_ART,27,60
mdp.39015002602343,74,3,2,Turner,PERSON,95,101
mdp.39015002602343,74,3,3,Winslow,PERSON,236,243
mdp.39015002602343,74,3,4,"XII, XVI",DATE,347,355
mdp.39015002602343,74,4,0,Turner,PERSON,0,6
mdp.39015002602343,74,5,0,4th,ORDINAL,31,34
mdp.39015002602343,74,5,1,White House Conference on Child diseases,ORG,105,145
mdp.39015002602343,74,5,2,the Health and Protection,ORG,151,176
mdp.39015002602343,74,6,0,The Cenvarious contributury Co.,ORG,0,31
mdp.39015002602343,74,6,1,N. Y.,GPE,33,38
mdp.39015002602343,74,6,2,the Child Health Problems,WORK_OF_ART,53,78
mdp.39015002602343,74,7,0,the Julius Rosenwald Fund,ORG,42,67
mdp.39015002602343,74,9,0,four,CARDINAL,149,153
mdp.39015002602343,74,11,0,1,CARDINAL,0,1
mdp.39015002602343,74,14,0,4,CARDINAL,21,22
mdp.39015002602343,74,16,0,1,CARDINAL,91,92
mdp.39015002602343,74,17,0,2,CARDINAL,32,33
mdp.39015002602343,74,20,0,3,CARDINAL,0,1
mdp.39015002602343,74,20,1,four,CARDINAL,49,53
mdp.39015002602343,74,22,0,5,CARDINAL,29,30
mdp.39015002602343,74,23,0,six weeks,DATE,36,45
mdp.39015002602343,75,0,0,1,CARDINAL,12,13
mdp.39015002602343,75,1,0,2,CARDINAL,0,1
mdp.39015002602343,75,3,0,1,CARDINAL,0,1
mdp.39015002602343,75,4,0,six,CARDINAL,17,20
mdp.39015002602343,75,4,1,1,CARDINAL,41,42
mdp.39015002602343,75,8,0,2,CARDINAL,0,1
mdp.39015002602343,75,9,0,3,CARDINAL,0,1
mdp.39015002602343,75,10,0,4,CARDINAL,0,1
mdp.39015002602343,75,10,1,5,CARDINAL,57,58
mdp.39015002602343,75,12,0,6,CARDINAL,0,1
mdp.39015002602343,75,13,0,Three,CARDINAL,3,8
mdp.39015002602343,75,14,0,the Department of Pathology,ORG,25,52
mdp.39015002602343,75,16,0,1,CARDINAL,12,13
mdp.39015002602343,75,17,0,2,CARDINAL,0,1
mdp.39015002602343,75,18,0,3,CARDINAL,0,1
mdp.39015002602343,75,19,0,4,CARDINAL,0,1
mdp.39015002602343,75,20,0,5,CARDINAL,0,1
mdp.39015002602343,75,23,0,1,CARDINAL,80,81
mdp.39015002602343,75,25,0,Two,CARDINAL,3,6
mdp.39015002602343,75,29,0,2,CARDINAL,0,1
mdp.39015002602343,75,30,0,3,CARDINAL,0,1
mdp.39015002602343,75,31,0,4,CARDINAL,0,1
mdp.39015002602343,75,32,0,5,CARDINAL,0,1
mdp.39015002602343,76,0,0,6,CARDINAL,0,1
mdp.39015002602343,76,1,0,7,CARDINAL,0,1
mdp.39015002602343,76,6,0,Tuberculosis and How It May Be Avoided,WORK_OF_ART,62,100
mdp.39015002602343,76,7,0,The Story of My Life,WORK_OF_ART,1,21
mdp.39015002602343,76,7,1,Tee Bee,PERSON,25,32
mdp.39015002602343,76,8,0,Delay I's Dangerous,WORK_OF_ART,1,20
mdp.39015002602343,76,32,0,1,CARDINAL,1,2
mdp.39015002602343,76,33,0,2,CARDINAL,1,2
mdp.39015002602343,76,35,0,1,CARDINAL,26,27
mdp.39015002602343,76,36,0,2,CARDINAL,1,2
mdp.39015002602343,76,37,0,3,CARDINAL,1,2
mdp.39015002602343,76,41,0,2,CARDINAL,1,2
mdp.39015002602343,76,42,0,3,CARDINAL,1,2
mdp.39015002602343,76,52,0,Rocky Mountain,LOC,3,17
mdp.39015002602343,76,55,0,Man Against Microbe,WORK_OF_ART,49,68
mdp.39015002602343,76,59,0,2,CARDINAL,0,1
mdp.39015002602343,77,0,0,FIRST,ORDINAL,6,11
mdp.39015002602343,77,1,0,American Red Cross,ORG,12,30
mdp.39015002602343,77,2,0,P. Blakiston's,PERSON,0,14
mdp.39015002602343,77,2,1,Philadelphia,GPE,30,42
mdp.39015002602343,77,2,2,1933,DATE,44,48
mdp.39015002602343,77,4,0,FIRST,ORDINAL,0,5
mdp.39015002602343,77,11,0,Two,CARDINAL,0,3
mdp.39015002602343,77,36,0,71,CARDINAL,1,3
mdp.39015002602343,78,0,0,the Committee of the Health Education Section,ORG,57,102
mdp.39015002602343,78,0,1,the American Physical Education Association,ORG,106,149
mdp.39015002602343,79,1,0,the American Public Health Association Committee on Standard Regulations,ORG,28,100
mdp.39015002602343,80,0,0,1,CARDINAL,327,328
mdp.39015002602343,80,0,1,daily,DATE,347,352
mdp.39015002602343,80,3,0,4,CARDINAL,1,2
mdp.39015002602343,81,5,0,Smiley,PERSON,61,67
mdp.39015002602343,81,5,1,Gould,PERSON,72,77
mdp.39015002602343,81,34,0,75,CARDINAL,2,4
mdp.39015002602343,82,3,0,a kilogram,QUANTITY,56,66
mdp.39015002602343,82,3,1,1 degree C.,QUANTITY,76,87
mdp.39015002602343,82,3,2,one pound,QUANTITY,91,100
mdp.39015002602343,82,3,3,4 degrees F.,QUANTITY,110,122
mdp.39015002602343,82,5,0,Minute,TIME,0,6
mdp.39015002602343,83,5,0,one foot,QUANTITY,58,66
mdp.39015002602343,83,5,1,one,CARDINAL,74,77
mdp.39015002602343,84,11,0,One,CARDINAL,0,3
mdp.39015002602343,84,11,1,four,CARDINAL,7,11
mdp.39015002602343,84,13,0,142 degrees F.,QUANTITY,61,75
mdp.39015002602343,84,13,1,one-half hour,TIME,80,93
mdp.39015002602343,85,0,0,American Federation of Organizations for the Hard of Hearing,ORG,38,98
mdp.39015002602343,85,0,1,Fifteenth,ORDINAL,125,134
mdp.39015002602343,85,0,2,1934,DATE,151,155
mdp.39015002602343,85,0,3,New York,GPE,178,186
mdp.39015002602343,85,1,0,Bundesen,PERSON,0,8
mdp.39015002602343,85,1,1,Herman N.:,PERSON,10,20
mdp.39015002602343,85,1,2,Bureau of Public Relations,ORG,74,100
mdp.39015002602343,85,1,3,American Dental Association,ORG,102,129
mdp.39015002602343,85,2,0,Clark,PERSON,0,5
mdp.39015002602343,85,2,1,Janet H.:,PERSON,7,16
mdp.39015002602343,85,2,2,Baltimore,GPE,57,66
mdp.39015002602343,85,2,3,1934,DATE,68,72
mdp.39015002602343,85,2,4,The Williams and Wilkins Co. Eastman Teaching Films,ORG,74,125
mdp.39015002602343,85,3,0,The Care of the Teeth,WORK_OF_ART,25,46
mdp.39015002602343,85,3,1,Rochester,GPE,49,58
mdp.39015002602343,85,3,2,New York,GPE,60,68
mdp.39015002602343,85,3,3,Eastman Kodak Co.,ORG,70,87
mdp.39015002602343,85,3,4,Eastman Teaching Films,ORG,88,110
mdp.39015002602343,85,4,0,"How Teeth Grow,",WORK_OF_ART,25,40
mdp.39015002602343,85,4,1,Rochester,GPE,42,51
mdp.39015002602343,85,4,2,New York,GPE,53,61
mdp.39015002602343,85,4,3,Eastman Kodak Co.,ORG,63,80
mdp.39015002602343,85,5,0,The Feet,WORK_OF_ART,25,33
mdp.39015002602343,85,5,1,Rochester,GPE,36,45
mdp.39015002602343,85,5,2,New York,GPE,47,55
mdp.39015002602343,85,5,3,Eastman Kodak Co.,ORG,57,74
mdp.39015002602343,85,6,0,The Skin,WORK_OF_ART,25,33
mdp.39015002602343,85,6,1,Rochester,GPE,36,45
mdp.39015002602343,85,6,2,New York,GPE,47,55
mdp.39015002602343,85,6,3,Eastman Kodak Co.,ORG,57,74
mdp.39015002602343,85,6,4,Alfred C.:,PERSON,82,92
mdp.39015002602343,85,6,5,4,CARDINAL,112,113
mdp.39015002602343,85,6,6,Philadelphia,GPE,115,127
mdp.39015002602343,85,6,7,1934,DATE,129,133
mdp.39015002602343,85,6,8,Lea & Febiger,ORG,135,148
mdp.39015002602343,85,7,0,Henderson,PERSON,0,9
mdp.39015002602343,85,7,1,Olive G.,PERSON,11,19
mdp.39015002602343,85,7,2,Rowell,PERSON,25,31
mdp.39015002602343,85,7,3,Hugh G.,PERSON,33,40
mdp.39015002602343,85,8,0,Good Eyes for Life,WORK_OF_ART,0,18
mdp.39015002602343,85,8,1,New York,GPE,20,28
mdp.39015002602343,85,8,2,1932,DATE,30,34
mdp.39015002602343,85,8,3,D. Appleton-Century Co.,ORG,36,59
mdp.39015002602343,85,8,4,HOWE,PERSON,60,64
mdp.39015002602343,85,8,5,Percy R.,PERSON,66,74
mdp.39015002602343,85,8,6,Some Nutritional Phases of Dental Conditions,WORK_OF_ART,76,120
mdp.39015002602343,85,8,7,J. A. Dent,ORG,122,132
mdp.39015002602343,85,9,0,1933,DATE,15,19
mdp.39015002602343,85,10,0,Luckiesh,PERSON,0,8
mdp.39015002602343,85,10,1,New York,GPE,35,43
mdp.39015002602343,85,10,2,1930,DATE,45,49
mdp.39015002602343,85,10,3,D. Van Nostrand Co.,ORG,51,70
mdp.39015002602343,85,11,0,"Luckiesh, M.",ORG,0,12
mdp.39015002602343,85,11,1,Pacini,PERSON,18,24
mdp.39015002602343,85,11,2,Baltimore,GPE,51,60
mdp.39015002602343,85,11,3,1926,DATE,62,66
mdp.39015002602343,85,11,4,The Williams and Wilkins Co. Mellanby,ORG,68,105
mdp.39015002602343,85,11,5,May,DATE,107,110
mdp.39015002602343,85,11,6,London,GPE,128,134
mdp.39015002602343,85,11,7,1934,DATE,136,140
mdp.39015002602343,85,12,0,"Merrill, Horace G.",ORG,0,18
mdp.39015002602343,85,12,1,Oaks,PERSON,24,28
mdp.39015002602343,85,12,2,L. W.,PERSON,30,35
mdp.39015002602343,85,14,0,2,CARDINAL,5,6
mdp.39015002602343,85,14,1,New York,GPE,9,17
mdp.39015002602343,85,14,2,1930,DATE,19,23
mdp.39015002602343,85,14,3,G. P. Putnam's Sons,ORG,25,44
mdp.39015002602343,85,15,0,National Education Association,ORG,0,30
mdp.39015002602343,85,15,1,American Medical Association,ORG,35,63
mdp.39015002602343,85,15,2,National Society for the Prevention of Blindness:,ORG,85,134
mdp.39015002602343,85,15,3,1935,DATE,176,180
mdp.39015002602343,86,0,0,Ormsby,PERSON,0,6
mdp.39015002602343,86,0,1,Oliver S.,PERSON,8,17
mdp.39015002602343,86,1,0,Fourteenth,ORDINAL,57,67
mdp.39015002602343,86,1,1,17,CARDINAL,140,142
mdp.39015002602343,86,1,2,Chicago,GPE,144,151
mdp.39015002602343,86,1,3,"December, 1933",DATE,153,167
mdp.39015002602343,86,2,0,Thomas,PERSON,0,6
mdp.39015002602343,86,2,1,Leah,PERSON,8,12
mdp.39015002602343,86,2,2,Cambridge,GPE,41,50
mdp.39015002602343,86,2,3,1929,DATE,52,56
mdp.39015002602343,86,2,4,Riverside Press,ORG,58,73
mdp.39015002602343,86,3,0,Zoethout,PERSON,0,8
mdp.39015002602343,86,3,1,William D.,PERSON,10,20
mdp.39015002602343,86,3,2,Textbook of Physiology,WORK_OF_ART,22,44
mdp.39015002602343,86,3,3,4,CARDINAL,50,51
mdp.39015002602343,86,3,4,St. Louis,GPE,54,63
mdp.39015002602343,86,3,5,1931,DATE,65,69
mdp.39015002602343,86,3,6,The C. V. Mosby Company,ORG,71,94
mdp.39015002602343,86,4,0,American Medical Association,ORG,65,93
mdp.39015002602343,86,4,1,Chicago,GPE,95,102
mdp.39015002602343,86,4,2,1921,DATE,104,108
mdp.39015002602343,86,5,0,Earp,PERSON,0,4
mdp.39015002602343,86,5,1,J. Rosslyn,PERSON,6,16
mdp.39015002602343,86,5,2,The Student Who Smokes,WORK_OF_ART,18,40
mdp.39015002602343,86,5,3,Yellow Springs,GPE,42,56
mdp.39015002602343,86,5,4,Ohio,GPE,58,62
mdp.39015002602343,86,5,5,1926,DATE,64,68
mdp.39015002602343,86,5,6,Antioch Press,ORG,70,83
mdp.39015002602343,86,6,0,Emerson,PERSON,0,7
mdp.39015002602343,86,6,1,Haven,GPE,9,14
mdp.39015002602343,86,7,0,D. Appleton-Century Co.,ORG,0,23
mdp.39015002602343,86,7,1,New York,GPE,25,33
mdp.39015002602343,86,7,2,N. Y. Haggard,ORG,35,48
mdp.39015002602343,86,7,3,H. W.,PERSON,50,55
mdp.39015002602343,86,7,4,Greenberg,PERSON,61,70
mdp.39015002602343,86,7,5,Leon A.:,PERSON,72,80
mdp.39015002602343,86,7,6,Yale University,ORG,115,130
mdp.39015002602343,86,7,7,The Effects of Cigarette Smoking Upon the Blood Sugar,WORK_OF_ART,132,185
mdp.39015002602343,86,7,8,79,CARDINAL,195,197
mdp.39015002602343,86,7,9,166,CARDINAL,199,202
mdp.39015002602343,86,7,10,1934,DATE,204,208
mdp.39015002602343,86,8,0,Hubbard,PERSON,0,7
mdp.39015002602343,86,8,1,S. Dana,PERSON,9,16
mdp.39015002602343,86,9,0,New York City,GPE,15,28
mdp.39015002602343,86,10,0,"International Narcotic Education Association, Inc.",ORG,0,50
mdp.39015002602343,86,10,1,Department of Research,ORG,52,74
mdp.39015002602343,86,10,2,Syllabus in Narcotic Education,ORG,76,106
mdp.39015002602343,86,10,3,1929,DATE,108,112
mdp.39015002602343,86,11,0,"Kallet, Arthur",ORG,0,14
mdp.39015002602343,86,11,1,Schlink,PERSON,20,27
mdp.39015002602343,86,11,2,"100,000,000",CARDINAL,36,47
mdp.39015002602343,86,11,3,Vanguard Press,ORG,61,75
mdp.39015002602343,86,11,4,New York,GPE,77,85
mdp.39015002602343,86,11,5,1933,DATE,87,91
mdp.39015002602343,86,12,0,Kolb,PERSON,0,4
mdp.39015002602343,86,12,1,Lawrence,PERSON,6,14
mdp.39015002602343,86,12,2,Du Mez,PERSON,20,26
mdp.39015002602343,86,12,3,the United States,GPE,81,98
mdp.39015002602343,86,13,0,Public Health Reports,ORG,0,21
mdp.39015002602343,86,13,1,Washington,GPE,23,33
mdp.39015002602343,86,13,2,"May 23, 1924",DATE,35,47
mdp.39015002602343,86,14,0,"Schrumpf-Pierron, Pierre",ORG,0,24
mdp.39015002602343,86,14,1,New York,GPE,59,67
mdp.39015002602343,86,14,2,1927,DATE,69,73
mdp.39015002602343,86,14,3,Paul B. Hoeber,PERSON,75,89
mdp.39015002602343,86,15,0,Scientific Temperance Federation:,ORG,0,33
mdp.39015002602343,86,15,1,Boston,GPE,101,107
mdp.39015002602343,86,15,2,Mass.,GPE,109,114
mdp.39015002602343,86,16,0,Bowen and McKenzie,ORG,27,45
mdp.39015002602343,86,17,0,Philadelphia,GPE,0,12
mdp.39015002602343,86,18,0,Lea and Febiger,ORG,0,15
mdp.39015002602343,86,19,0,1923,DATE,0,4
mdp.39015002602343,86,20,0,189,CARDINAL,5,8
mdp.39015002602343,86,21,0,80,CARDINAL,2,4
mdp.39015002602343,87,0,0,Dublin,GPE,0,6
mdp.39015002602343,87,0,1,Louis I.,PERSON,8,16
mdp.39015002602343,87,1,0,American Child Health Association,ORG,0,33
mdp.39015002602343,87,2,0,J. J. Little & Ives Co.,ORG,0,23
mdp.39015002602343,87,2,1,New York,GPE,25,33
mdp.39015002602343,87,2,2,1924,DATE,35,39
mdp.39015002602343,87,2,3,244,CARDINAL,44,47
mdp.39015002602343,87,3,0,Eastman Teaching Films,ORG,0,22
mdp.39015002602343,87,3,1,The Circulation,WORK_OF_ART,51,66
mdp.39015002602343,87,3,2,Rochester,GPE,69,78
mdp.39015002602343,87,3,3,New York,GPE,80,88
mdp.39015002602343,87,3,4,Eastman Kodak Co.,ORG,90,107
mdp.39015002602343,87,4,0,Eastman Teaching Films,ORG,0,22
mdp.39015002602343,87,4,1,The Blood,WORK_OF_ART,51,60
mdp.39015002602343,87,4,2,Rochester,GPE,63,72
mdp.39015002602343,87,4,3,New York,GPE,74,82
mdp.39015002602343,87,4,4,Eastman Kodak Co.,ORG,84,101
mdp.39015002602343,87,5,0,D. Appleton & Co.,ORG,0,17
mdp.39015002602343,87,5,1,New York,GPE,19,27
mdp.39015002602343,87,5,2,1906,DATE,29,33
mdp.39015002602343,87,6,0,Stiles,PERSON,0,6
mdp.39015002602343,87,6,1,Percy G.:,PERSON,8,17
mdp.39015002602343,87,6,2,The Nervous System and Its Conservation,WORK_OF_ART,18,57
mdp.39015002602343,87,6,3,3,CARDINAL,63,64
mdp.39015002602343,87,6,4,Philadelphia,GPE,67,79
mdp.39015002602343,87,6,5,1924,DATE,81,85
mdp.39015002602343,87,6,6,W. B. Saunders Co.,ORG,87,105
mdp.39015002602343,87,7,0,Simpson,PERSON,0,7
mdp.39015002602343,87,7,1,Sutherland,PERSON,9,19
mdp.39015002602343,87,8,0,Comstock Publishing Co.,ORG,0,23
mdp.39015002602343,87,8,1,Ithaca,GPE,25,31
mdp.39015002602343,87,8,2,New York,GPE,33,41
mdp.39015002602343,87,8,3,1924,DATE,43,47
mdp.39015002602343,87,9,0,Tyler,PERSON,0,5
mdp.39015002602343,87,9,1,John Mason,PERSON,7,17
mdp.39015002602343,87,10,0,Houghton Mifflin Co.,ORG,0,20
mdp.39015002602343,87,10,1,Boston,GPE,22,28
mdp.39015002602343,87,10,2,1907,DATE,30,34
mdp.39015002602343,87,10,3,4,CARDINAL,45,46
mdp.39015002602343,87,11,0,Ethel,PERSON,23,28
mdp.39015002602343,87,11,1,Williams and Wilkins Co.,ORG,44,68
mdp.39015002602343,87,11,2,Baltimore,GPE,70,79
mdp.39015002602343,87,11,3,1931,DATE,81,85
mdp.39015002602343,87,12,0,Lusk,PERSON,0,4
mdp.39015002602343,87,12,1,Graham,PERSON,6,12
mdp.39015002602343,87,13,0,Philadelphia,GPE,0,12
mdp.39015002602343,87,13,1,W. B. Sanders Co.,ORG,14,31
mdp.39015002602343,87,13,2,1917,DATE,33,37
mdp.39015002602343,87,14,0,McCollum,PERSON,0,8
mdp.39015002602343,87,14,1,Becker,PERSON,21,27
mdp.39015002602343,87,14,2,3,CARDINAL,68,69
mdp.39015002602343,87,14,3,Baltimore,GPE,72,81
mdp.39015002602343,87,14,4,1935,DATE,83,87
mdp.39015002602343,87,14,5,"The Authors, East End Post",ORG,89,115
mdp.39015002602343,87,15,0,McLester,PERSON,0,8
mdp.39015002602343,87,15,1,James S.:,PERSON,10,19
mdp.39015002602343,87,15,2,2,CARDINAL,69,70
mdp.39015002602343,87,15,3,Philadelphia,GPE,73,85
mdp.39015002602343,87,15,4,1931,DATE,87,91
mdp.39015002602343,87,15,5,W. B. Sanders Co. Plimmer,ORG,93,118
mdp.39015002602343,87,15,6,Plimmer,PERSON,134,141
mdp.39015002602343,87,15,7,6,CARDINAL,181,182
mdp.39015002602343,87,15,8,New York,GPE,185,193
mdp.39015002602343,87,15,9,1934,DATE,194,198
mdp.39015002602343,87,15,10,Macmillan Co.,ORG,200,213
mdp.39015002602343,87,15,11,Rose,PERSON,214,218
mdp.39015002602343,87,15,12,Mary Swartz,PERSON,220,231
mdp.39015002602343,87,15,13,New York,GPE,273,281
mdp.39015002602343,87,15,14,1933,DATE,283,287
mdp.39015002602343,87,15,15,Macmillan Co.,ORG,289,302
mdp.39015002602343,87,15,16,Sherman,PERSON,303,310
mdp.39015002602343,87,15,17,Henry C.:,PERSON,312,321
mdp.39015002602343,87,15,18,New York,GPE,339,347
mdp.39015002602343,87,15,19,1934,DATE,349,353
mdp.39015002602343,87,15,20,Macmillan Co.,ORG,355,368
mdp.39015002602343,87,15,21,Baltimore,GPE,416,425
mdp.39015002602343,87,15,22,1933,DATE,427,431
mdp.39015002602343,87,15,23,Williams and Wilkins Co. V,ORG,433,459
mdp.39015002602343,87,15,24,Mitchell,PERSON,515,523
mdp.39015002602343,87,15,25,The Theory of Organized Play,WORK_OF_ART,532,560
mdp.39015002602343,87,15,26,New York,GPE,562,570
mdp.39015002602343,87,15,27,1927,DATE,572,576
mdp.39015002602343,87,15,28,A. S. Barnes & Co.,ORG,578,596
mdp.39015002602343,88,0,0,The Body Framework,WORK_OF_ART,57,75
mdp.39015002602343,88,0,1,Rochester,GPE,78,87
mdp.39015002602343,88,0,2,New York,GPE,89,97
mdp.39015002602343,88,0,3,Eastman Kodak Co.,ORG,99,116
mdp.39015002602343,88,1,0,Eastman Teaching Films,ORG,0,22
mdp.39015002602343,88,1,1,Muscles,WORK_OF_ART,50,57
mdp.39015002602343,88,1,2,Rochester,GPE,60,69
mdp.39015002602343,88,1,3,New York,GPE,71,79
mdp.39015002602343,88,1,4,Eastman Kodak Co.,ORG,81,98
mdp.39015002602343,88,1,5,"Johnson, G. E.",ORG,99,113
mdp.39015002602343,88,1,6,Education by Play and Games,WORK_OF_ART,115,142
mdp.39015002602343,88,1,7,Boston,GPE,144,150
mdp.39015002602343,88,1,8,1907,DATE,152,156
mdp.39015002602343,88,1,9,The Macmillan Co.,ORG,158,175
mdp.39015002602343,88,1,10,N. Y.,GPE,177,182
mdp.39015002602343,88,1,11,Journal of Health and Physical Education,ORG,183,223
mdp.39015002602343,88,2,0,Playground and Recreation Association of America,ORG,0,48
mdp.39015002602343,88,2,1,New York,GPE,73,81
mdp.39015002602343,88,2,2,1926,DATE,83,87
mdp.39015002602343,88,2,3,A. S. Barnes and Co.,ORG,89,109
mdp.39015002602343,88,3,0,VI HOME AND,ORG,0,11
mdp.39015002602343,88,3,1,James E.,PERSON,38,46
mdp.39015002602343,88,4,0,Hygeia,ORG,0,6
mdp.39015002602343,88,5,0,Chicago,GPE,0,7
mdp.39015002602343,88,5,1,"February, 1927",DATE,9,23
mdp.39015002602343,88,6,0,Herring,PERSON,0,7
mdp.39015002602343,88,6,1,Rudolph,PERSON,9,16
mdp.39015002602343,88,8,0,Ravenel,ORG,0,7
mdp.39015002602343,88,9,0,New York,GPE,0,8
mdp.39015002602343,88,10,0,American Public Health Association,ORG,0,34
mdp.39015002602343,88,10,1,1921,DATE,36,40
mdp.39015002602343,88,11,0,Keene,PERSON,0,5
mdp.39015002602343,88,11,1,C. H.:,PERSON,7,13
mdp.39015002602343,88,11,2,Boston,GPE,52,58
mdp.39015002602343,88,11,3,1929,DATE,60,64
mdp.39015002602343,88,11,4,"Houghton Mifflin Co. Nelson's Looseleaf System, Preventive Medicine and Public Health",ORG,66,151
mdp.39015002602343,88,12,0,Office of Education,ORG,0,19
mdp.39015002602343,88,12,1,Department of the Interior,ORG,21,47
mdp.39015002602343,88,12,2,Washington,GPE,49,59
mdp.39015002602343,88,12,3,D. C.,GPE,61,66
mdp.39015002602343,88,12,4,65,CARDINAL,120,122
mdp.39015002602343,88,15,0,Chicago,GPE,0,7
mdp.39015002602343,88,15,1,"January, 1925",DATE,9,22
mdp.39015002602343,88,16,0,Shaw,PERSON,0,4
mdp.39015002602343,88,16,1,George H.:,PERSON,6,16
mdp.39015002602343,88,16,2,Philadelphia,GPE,37,49
mdp.39015002602343,88,17,0,The American Journal of Public Health,ORG,0,37
mdp.39015002602343,88,17,1,New York,GPE,39,47
mdp.39015002602343,88,17,2,"May, 1924",DATE,49,58
mdp.39015002602343,88,18,0,Veiller,PERSON,0,7
mdp.39015002602343,88,18,1,Lawrence,PERSON,9,17
mdp.39015002602343,88,18,2,the Past Fifty Years,DATE,61,81
mdp.39015002602343,88,19,0,a Half-Century,DATE,3,17
mdp.39015002602343,88,20,0,Ravenel,PERSON,0,7
mdp.39015002602343,88,21,0,New York,GPE,0,8
mdp.39015002602343,88,21,1,American Public Health Association,ORG,10,44
mdp.39015002602343,88,22,0,1921,DATE,0,4
mdp.39015002602343,88,23,0,White House,ORG,0,11
mdp.39015002602343,88,23,1,Washington,GPE,55,65
mdp.39015002602343,88,23,2,D. C.,GPE,67,72
mdp.39015002602343,88,23,3,1930,DATE,74,78
mdp.39015002602343,88,23,4,The School Health Program,ORG,80,105
mdp.39015002602343,88,23,5,New York,GPE,107,115
mdp.39015002602343,88,23,6,1932,DATE,117,121
mdp.39015002602343,88,23,7,Century Co.,ORG,123,134
mdp.39015002602343,88,23,8,Jesse F.:,PERSON,145,154
mdp.39015002602343,88,23,9,The Principles of Physical Education,WORK_OF_ART,155,191
mdp.39015002602343,88,23,10,2,CARDINAL,196,197
mdp.39015002602343,88,23,11,Philadelphia,GPE,200,212
mdp.39015002602343,88,23,12,1932,DATE,214,218
mdp.39015002602343,88,23,13,W. B. Saunders Co.,ORG,220,238
mdp.39015002602343,89,0,0,Winslow,PERSON,45,52
mdp.39015002602343,89,0,1,Kenelm,GPE,54,60
mdp.39015002602343,89,1,0,W. B. Saunders Co.,ORG,0,18
mdp.39015002602343,89,1,1,Philadelphia,GPE,19,31
mdp.39015002602343,89,1,2,1929,DATE,33,37
mdp.39015002602343,89,2,0,Wood,PERSON,0,4
mdp.39015002602343,89,2,1,Thomas D.,PERSON,6,15
mdp.39015002602343,89,2,2,Rowell,PERSON,21,27
mdp.39015002602343,89,2,3,Health Through Prevention and Control of Diseases,WORK_OF_ART,36,85
mdp.39015002602343,89,2,4,New York,GPE,87,95
mdp.39015002602343,89,2,5,1925,DATE,97,101
mdp.39015002602343,89,2,6,World Book Co.,ORG,103,117
mdp.39015002602343,89,3,0,Rosenau,PERSON,0,7
mdp.39015002602343,89,3,1,Milton J.,PERSON,9,18
mdp.39015002602343,89,4,0,New York,GPE,0,8
mdp.39015002602343,89,5,0,D. Appleton,ORG,0,11
mdp.39015002602343,89,5,1,U. S.,ORG,20,25
mdp.39015002602343,89,6,0,American Red Cross,ORG,15,33
mdp.39015002602343,89,7,0,P. Blakiston's Son & Company,ORG,0,28
mdp.39015002602343,89,7,1,Philadelphia,GPE,30,42
mdp.39015002602343,89,7,2,1933,DATE,44,48
mdp.39015002602343,89,8,0,83,CARDINAL,2,4
mdp.39015002602343,90,0,0,Metropolitan Life,ORG,162,179
mdp.39015002602343,90,1,0,ance Co.,ORG,0,8
mdp.39015002602343,90,1,1,New York,GPE,26,34
mdp.39015002602343,90,1,2,N. Y.,GPE,36,41
mdp.39015002602343,90,2,0,Davidson County,GPE,21,36
mdp.39015002602343,90,4,0,The Story of My Life,WORK_OF_ART,0,20
mdp.39015002602343,90,4,1,Nashville,GPE,21,30
mdp.39015002602343,90,4,2,Tennessee,GPE,32,41
mdp.39015002602343,90,5,0,Tee Bee,PERSON,3,10
mdp.39015002602343,90,5,1,Say It With Pearls Health Foundation,WORK_OF_ART,46,82
mdp.39015002602343,90,5,2,5.00,MONEY,88,92
mdp.39015002602343,90,5,3,"Children, Inc.",ORG,105,119
mdp.39015002602343,90,5,4,3,CARDINAL,121,122
mdp.39015002602343,90,5,5,"2 130 East End Avenue,",CARDINAL,135,157
mdp.39015002602343,90,6,0,New York,GPE,0,8
mdp.39015002602343,90,6,1,N. Y.,GPE,10,15
mdp.39015002602343,90,7,0,of Disease Co.,ORG,59,73
mdp.39015002602343,90,7,1,1.50,MONEY,75,79
mdp.39015002602343,90,7,2,Mooresville,GPE,108,119
mdp.39015002602343,90,7,3,Indiana,GPE,121,128
mdp.39015002602343,90,9,0,6.00,MONEY,85,89
mdp.39015002602343,90,10,0,New York,GPE,33,41
mdp.39015002602343,90,10,1,N. Y.,GPE,43,48
mdp.39015002602343,90,10,2,3.00,MONEY,50,54
mdp.39015002602343,90,11,0,Fabrics B. B.,ORG,33,46
mdp.39015002602343,90,11,1,R. Knight Corp.,ORG,49,64
mdp.39015002602343,90,12,0,Fruit of the Loom Mills,ORG,0,23
mdp.39015002602343,90,12,1,Providence,GPE,25,35
mdp.39015002602343,90,12,2,Rhode Island,GPE,37,49
mdp.39015002602343,90,13,0,Belding Hemingway,ORG,0,17
mdp.39015002602343,90,14,0,ticelli,ORG,0,7
mdp.39015002602343,90,14,1,New York,GPE,31,39
mdp.39015002602343,90,15,0,R.C.A. Bldg,ORG,52,63
mdp.39015002602343,90,17,0,30,CARDINAL,0,2
mdp.39015002602343,90,17,1,New York,GPE,22,30
mdp.39015002602343,90,18,0,"tion, Inc.",ORG,61,71
mdp.39015002602343,90,18,1,1.00,MONEY,73,77
mdp.39015002602343,90,19,0,327,CARDINAL,0,3
mdp.39015002602343,90,19,1,Chicago,GPE,23,30
mdp.39015002602343,90,21,0,State Department of Loaned,ORG,42,68
mdp.39015002602343,90,22,0,Nashville,GPE,8,17
mdp.39015002602343,90,22,1,Tennessee,GPE,19,28
mdp.39015002602343,90,24,0,84,CARDINAL,2,4
mdp.39015002602343,91,0,0,The Eastman Kodak Company,ORG,42,67
mdp.39015002602343,91,0,1,Teaching Films Division,ORG,69,92
mdp.39015002602343,91,0,2,Rochester,GPE,94,103
mdp.39015002602343,91,0,3,New York,GPE,105,113
mdp.39015002602343,91,0,4,18.00,MONEY,145,150
mdp.39015002602343,91,0,5,24.00,MONEY,168,173
mdp.39015002602343,91,0,6,24.00,MONEY,194,199
mdp.39015002602343,91,0,7,24.00,MONEY,209,214
mdp.39015002602343,91,0,8,24.00,MONEY,231,236
mdp.39015002602343,91,0,9,24.00,MONEY,260,265
mdp.39015002602343,91,0,10,24.00,MONEY,277,282
mdp.39015002602343,91,0,11,24.00,MONEY,297,302
mdp.39015002602343,91,0,12,24.00,MONEY,313,318
mdp.39015002602343,92,0,0,1,CARDINAL,0,1
mdp.39015002602343,92,0,1,1,CARDINAL,2,3
mdp.39015002602343,95,0,0,3 9015,CARDINAL,29,35
