vol_id,page,sentence_id,ent_id,entity,entity_type,start_char,end_char
mdp.39015086661538,1,0,0,"April 1 to 8, 1928",DATE,58,76
mdp.39015086661538,1,0,1,"100,000",CARDINAL,225,232
mdp.39015086661538,1,3,0,PNEUMONIA,NORP,0,9
mdp.39015086661538,1,6,0,MALARIA PELLAGRA,PERSON,115,131
mdp.39015086661538,1,7,0,the year 1928,DATE,22,35
mdp.39015086661538,1,7,1,THE UNITED STATES PUBLIC HEALTH SERVICE,ORG,114,153
mdp.39015086661538,1,7,2,Washington,GPE,155,165
mdp.39015086661538,2,0,0,"SUNDAY, APRIL 1 MONDAY, APRIL 2",DATE,31,62
mdp.39015086661538,2,0,1,"TUESDAY, APRIL 3 WEDNESDAY, APRIL 4 THURSDAY, APRIL 5 FRIDAY, APRIL 6 SATURDAY, APRIL 7",DATE,63,150
mdp.39015086661538,2,0,2,"SUNDAY, APRIL 8",DATE,151,166
mdp.39015086661538,2,12,0,Health Week,EVENT,41,52
mdp.39015086661538,2,12,1,Churches,ORG,134,142
mdp.39015086661538,2,23,0,1,CARDINAL,0,1
mdp.39015086661538,2,25,0,2,CARDINAL,0,1
mdp.39015086661538,2,26,0,3,CARDINAL,0,1
mdp.39015086661538,2,30,0,4,CARDINAL,18,19
mdp.39015086661538,2,33,0,last workday,DATE,7,19
mdp.39015086661538,2,35,0,THE YEAR 1928,DATE,22,35
mdp.39015086661538,2,36,0,this day,DATE,30,38
mdp.39015086661538,2,36,1,"Thursday, Apr. 5",DATE,40,56
mdp.39015086661538,2,36,2,Booker T. Washington,PERSON,121,141
mdp.39015086661538,2,36,3,National Health Week,EVENT,154,174
mdp.39015086661538,2,38,0,N. B.-It,ORG,0,8
mdp.39015086661538,2,39,0,Organizing for Health Week,WORK_OF_ART,5,31
mdp.39015086661538,2,41,0,R. R. Moton,PERSON,81,92
mdp.39015086661538,2,41,1,Tuskegee Institute,ORG,105,123
mdp.39015086661538,2,41,2,Alabama,GPE,125,132
mdp.39015086661538,2,41,3,the National Negro Health Week Committee,ORG,155,195
mdp.39015086661538,3,0,0,National Negro Health Week,EVENT,0,26
mdp.39015086661538,3,0,1,"April 1 to 8, 1928",DATE,27,45
mdp.39015086661538,3,0,2,Fourteenth,ORDINAL,50,60
mdp.39015086661538,3,0,3,Tuskegee Negro Conference,EVENT,112,137
mdp.39015086661538,3,0,4,The National Negro Business League,ORG,142,176
mdp.39015086661538,3,0,5,The United States,GPE,197,214
mdp.39015086661538,3,0,6,THE UNITED STATES,ORG,365,382
mdp.39015086661538,3,0,7,United States,GPE,405,418
mdp.39015086661538,3,0,8,Washington,GPE,446,456
mdp.39015086661538,3,0,9,1928,DATE,457,461
mdp.39015086661538,4,0,0,THE YEAR 1928,DATE,22,35
mdp.39015086661538,4,0,1,Sunday-MondayTuesday WesdnesdayThursday,DATE,103,142
mdp.39015086661538,4,1,0,Home Hygiene Day,DATE,0,16
mdp.39015086661538,4,2,0,Community Sanitation Day,DATE,0,24
mdp.39015086661538,4,3,0,Children's Health Day,DATE,0,21
mdp.39015086661538,4,4,0,Adults' Health Day,DATE,0,18
mdp.39015086661538,4,5,0,Special Campaign Day,DATE,0,20
mdp.39015086661538,4,6,0,General Clean-up Day,DATE,0,20
mdp.39015086661538,4,8,0,NATIONAL NEGRO HEALTH WEEK,DATE,0,26
mdp.39015086661538,4,8,1,Roscoe C. Brown,PERSON,41,56
mdp.39015086661538,4,8,2,MONROE N. WORK,PERSON,71,85
mdp.39015086661538,4,8,3,JAMES BOND,PERSON,101,111
mdp.39015086661538,4,8,4,ALGERNON B. JACKSON,PERSON,116,135
mdp.39015086661538,4,8,5,R. MAURICE Moss,PERSON,136,151
mdp.39015086661538,4,8,6,NEGRO HEALTH WEEK,EVENT,195,212
mdp.39015086661538,4,8,7,ALABAMA II,PERSON,244,254
mdp.39015086661538,5,0,0,3-28-1928,DATE,14,23
mdp.39015086661538,5,11,0,days,DATE,10,14
mdp.39015086661538,5,13,0,Health Building and Life Extension,ORG,192,226
mdp.39015086661538,5,13,1,Eugene Lyman Fisk,PERSON,231,248
mdp.39015086661538,5,13,2,Life Extension Institute,ORG,275,299
mdp.39015086661538,5,13,3,New York,GPE,301,309
mdp.39015086661538,6,0,0,THE UNITED STATES PUBLIC HEALTH SERVICE,ORG,0,39
mdp.39015086661538,6,3,0,The Bureau of the Public Health Service,ORG,0,39
mdp.39015086661538,6,3,1,Treasury,ORG,118,126
mdp.39015086661538,6,3,2,the United States,GPE,249,266
mdp.39015086661538,6,4,0,seven,CARDINAL,4,9
mdp.39015086661538,6,4,1,Personnel and Accounts,ORG,39,61
mdp.39015086661538,6,5,0,The Work of the United States Public Health Service,WORK_OF_ART,115,166
mdp.39015086661538,6,5,1,United States Public Health Service,ORG,203,238
mdp.39015086661538,6,5,2,Washington,GPE,240,250
mdp.39015086661538,6,5,3,D. C. IV,GPE,252,260
mdp.39015086661538,7,0,0,fincalthWeek  Negro SparútoHelpfulness ORGANIZING FOR HEALTH WEEK,EVENT,16,81
mdp.39015086661538,7,0,1,"APRIL 1 TO 8, 1928",DATE,82,100
mdp.39015086661538,7,4,0,Negro Health Week,EVENT,90,107
mdp.39015086661538,7,10,0,first,ORDINAL,27,32
mdp.39015086661538,7,13,0,Negro Health Week,EVENT,89,106
mdp.39015086661538,8,0,0,2,CARDINAL,0,1
mdp.39015086661538,8,0,1,NATIONAL NEGRO HEALTH WEEK,EVENT,2,28
mdp.39015086661538,8,1,0,6,CARDINAL,1,2
mdp.39015086661538,8,1,1,the special days,DATE,40,56
mdp.39015086661538,8,1,2,Negro Health Week,EVENT,60,77
mdp.39015086661538,8,2,0,day,DATE,121,124
mdp.39015086661538,8,3,0,weekly,DATE,103,109
mdp.39015086661538,8,3,1,daily,DATE,140,145
mdp.39015086661538,8,3,2,the Health Week,EVENT,153,168
mdp.39015086661538,8,14,0,Negro Health Week,EVENT,75,92
mdp.39015086661538,8,18,0,9,CARDINAL,1,2
mdp.39015086661538,8,19,0,Health Week,EVENT,100,111
mdp.39015086661538,8,19,1,the day,DATE,203,210
mdp.39015086661538,9,0,0,NATIONAL NEGRO HEALTH WEEK 3,EVENT,0,28
mdp.39015086661538,9,1,0,Negro Health Week,EVENT,104,121
mdp.39015086661538,9,2,0,April 1,DATE,83,90
mdp.39015086661538,9,3,0,The General Plan for the Week,WORK_OF_ART,0,29
mdp.39015086661538,9,4,0,Negro Health Week,EVENT,49,66
mdp.39015086661538,9,5,0,Each day,DATE,0,8
mdp.39015086661538,9,6,0,days,DATE,41,45
mdp.39015086661538,9,6,1,"Sunday, April 1, Mobilization Day",DATE,57,90
mdp.39015086661538,9,7,0,"Monday, April 2",DATE,0,15
mdp.39015086661538,9,8,0,"Tuesday, April 3, Community Sanitation Day",DATE,0,42
mdp.39015086661538,9,9,0,"Wednesday, April 4, Children's Health Day",DATE,0,41
mdp.39015086661538,9,10,0,"Thursday, April 5, Adults' Health Day",DATE,0,37
mdp.39015086661538,9,11,0,"Friday, April 6, Special Campaign Day",DATE,0,37
mdp.39015086661538,9,12,0,"Saturday, April 7, General Clean-up Day",DATE,0,39
mdp.39015086661538,9,13,0,"Sunday, April 8",DATE,0,15
mdp.39015086661538,9,14,0,each of,DATE,64,71
mdp.39015086661538,9,14,1,these days,DATE,72,82
mdp.39015086661538,9,14,2,"Sunday, April 1, Mobilization Day.—This, the opening day",DATE,84,140
mdp.39015086661538,9,14,3,Negro Health Week,EVENT,144,161
mdp.39015086661538,9,14,4,State,ORG,239,244
mdp.39015086661538,9,20,0,Sunday,DATE,4,10
mdp.39015086661538,9,20,1,the day,DATE,51,58
mdp.39015086661538,9,21,0,Negro,NORP,102,107
mdp.39015086661538,9,23,0,State,ORG,93,98
mdp.39015086661538,9,23,1,State,ORG,133,138
mdp.39015086661538,9,24,0,The United States Public Health Service,ORG,0,39
mdp.39015086661538,10,0,0,NATIONAL NEGRO HEALTH WEEK,EVENT,2,28
mdp.39015086661538,10,0,1,the National Health Council,ORG,33,60
mdp.39015086661538,10,1,0,the afternoon or,TIME,43,59
mdp.39015086661538,10,1,1,evening,TIME,60,67
mdp.39015086661538,10,2,0,more than one,CARDINAL,20,33
mdp.39015086661538,10,3,0,the entire week,DATE,21,36
mdp.39015086661538,10,5,0,week,DATE,94,98
mdp.39015086661538,10,6,0,Negro Health Week,EVENT,198,215
mdp.39015086661538,10,7,0,Mobilization Day,DATE,16,32
mdp.39015086661538,10,7,1,week,DATE,77,81
mdp.39015086661538,10,8,0,"Monday, April 2",DATE,0,15
mdp.39015086661538,10,9,0,The National Tuberculosis Association,ORG,0,37
mdp.39015086661538,10,9,1,Health for the Family,WORK_OF_ART,87,108
mdp.39015086661538,10,9,2,Home Hygiene Day,EVENT,189,205
mdp.39015086661538,10,11,0,Health Week,EVENT,93,104
mdp.39015086661538,10,12,0,the evening,TIME,3,14
mdp.39015086661538,10,12,1,all over 16 years,DATE,67,84
mdp.39015086661538,10,15,0,the American Social Hygiene Association,ORG,56,95
mdp.39015086661538,10,15,1,the United States Public Health Service,ORG,110,149
mdp.39015086661538,10,16,0,one,CARDINAL,84,87
mdp.39015086661538,10,17,0,The Home Hygiene Day,EVENT,0,20
mdp.39015086661538,10,18,0,a day,DATE,17,22
mdp.39015086661538,10,18,1,the winter,DATE,149,159
mdp.39015086661538,11,0,0,NATIONAL NEGRO HEALTH WEEK,EVENT,0,26
mdp.39015086661538,11,1,0,the day,DATE,71,78
mdp.39015086661538,11,3,0,"Tuesday, April 3",DATE,0,16
mdp.39015086661538,11,3,1,Community Sanitation Day.--This,EVENT,18,49
mdp.39015086661538,11,3,2,a day,DATE,62,67
mdp.39015086661538,11,4,0,Monday,DATE,119,125
mdp.39015086661538,11,4,1,Thursday,DATE,129,137
mdp.39015086661538,11,6,0,Community Sanitation Day,DATE,0,24
mdp.39015086661538,11,8,0,6,CARDINAL,1,2
mdp.39015086661538,11,14,0,day,DATE,27,30
mdp.39015086661538,11,14,1,the preceding day,DATE,49,66
mdp.39015086661538,11,14,2,one,CARDINAL,95,98
mdp.39015086661538,11,15,0,this Community Sanitation Day,DATE,119,148
mdp.39015086661538,11,17,0,More than one,CARDINAL,0,13
mdp.39015086661538,11,17,1,one,CARDINAL,53,56
mdp.39015086661538,11,18,0,the United States Public Health Service,ORG,57,96
mdp.39015086661538,11,18,1,State,ORG,111,116
mdp.39015086661538,11,19,0,"Wednesday, April 4",DATE,0,18
mdp.39015086661538,11,19,1,Children's Health Day,DATE,20,41
mdp.39015086661538,11,20,0,Children's Day,DATE,24,38
mdp.39015086661538,12,0,0,NATIONAL NEGRO HEALTH WEEK,EVENT,2,28
mdp.39015086661538,12,0,1,State,GPE,84,89
mdp.39015086661538,12,0,2,the American Child Health Association,ORG,133,170
mdp.39015086661538,12,0,3,the American Red Cross,ORG,174,196
mdp.39015086661538,12,2,0,The Modern Health Crusade,ORG,0,25
mdp.39015086661538,12,3,0,the National Tuberculosis Association,ORG,39,76
mdp.39015086661538,12,4,0,6,CARDINAL,1,2
mdp.39015086661538,12,7,0,The Playground and Recreation Association of America,ORG,0,52
mdp.39015086661538,12,8,0,Children's Day,DATE,61,75
mdp.39015086661538,12,10,0,Children's Health Day,EVENT,27,48
mdp.39015086661538,12,12,0,the afternoon,TIME,60,73
mdp.39015086661538,12,14,0,The National Tuberculosis Association,ORG,0,37
mdp.39015086661538,12,15,0,One,CARDINAL,0,3
mdp.39015086661538,12,15,1,State,ORG,160,165
mdp.39015086661538,12,15,2,the American Child Health Association,ORG,199,236
mdp.39015086661538,12,16,0,One,CARDINAL,0,3
mdp.39015086661538,12,16,1,Children's Health Day,EVENT,67,88
mdp.39015086661538,12,19,0,Children's Health Day,DATE,15,36
mdp.39015086661538,12,20,0,"Thursday, April 5",DATE,0,17
mdp.39015086661538,12,20,1,Adults' Day.—Talks,DATE,19,37
mdp.39015086661538,12,20,2,this day,DATE,172,180
mdp.39015086661538,13,0,0,NATIONAL NEGRO HEALTH WEEK 7,EVENT,0,28
mdp.39015086661538,13,1,0,later years,DATE,166,177
mdp.39015086661538,13,3,0,the National Medical Association,ORG,42,74
mdp.39015086661538,13,3,1,Durham,GPE,76,82
mdp.39015086661538,13,3,2,N. C.,GPE,84,89
mdp.39015086661538,13,3,3,the American Medical Association,ORG,95,127
mdp.39015086661538,13,3,4,Chicago,GPE,129,136
mdp.39015086661538,13,3,5,Ill.,GPE,138,142
mdp.39015086661538,13,4,0,this day,DATE,3,11
mdp.39015086661538,13,6,0,"Friday, April 6",DATE,0,15
mdp.39015086661538,13,8,0,this day,DATE,3,11
mdp.39015086661538,13,10,0,noonday,DATE,2,9
mdp.39015086661538,13,10,1,the year,DATE,204,212
mdp.39015086661538,13,12,0,noonday,DATE,102,109
mdp.39015086661538,13,14,0,Friday,DATE,0,6
mdp.39015086661538,13,14,1,a suitable day,DATE,15,29
mdp.39015086661538,13,15,0,the United States,GPE,44,61
mdp.39015086661538,13,15,1,"almost $500,000,000",MONEY,68,87
mdp.39015086661538,14,0,0,8,CARDINAL,0,1
mdp.39015086661538,14,0,1,NEGRO HEALTH WEEK,EVENT,11,28
mdp.39015086661538,14,1,0,Special Campaign Day,DATE,0,20
mdp.39015086661538,14,2,0,"Saturday, April 7",DATE,0,17
mdp.39015086661538,14,2,1,General Clean-up Day.-The,EVENT,19,44
mdp.39015086661538,14,2,2,the Health Week,EVENT,52,67
mdp.39015086661538,14,3,0,week,DATE,36,40
mdp.39015086661538,14,4,0,Special days,DATE,0,12
mdp.39015086661538,14,4,1,the week,DATE,69,77
mdp.39015086661538,14,4,2,Saturday,DATE,145,153
mdp.39015086661538,14,4,3,the final workday,DATE,155,172
mdp.39015086661538,14,5,0,this general clean-up day,DATE,122,147
mdp.39015086661538,14,6,0,this day,DATE,30,38
mdp.39015086661538,14,7,0,the preceding days,DATE,50,68
mdp.39015086661538,14,7,1,Saturday,DATE,120,128
mdp.39015086661538,14,8,0,the Report and Follow-up Day's,EVENT,133,163
mdp.39015086661538,14,8,1,the following day,DATE,172,189
mdp.39015086661538,14,9,0,one,CARDINAL,101,104
mdp.39015086661538,14,9,1,Health Week,DATE,214,225
mdp.39015086661538,14,10,0,"Sunday, April 8",DATE,0,15
mdp.39015086661538,14,10,1,Report and Follow-up Day,WORK_OF_ART,17,41
mdp.39015086661538,14,11,0,This day,DATE,0,8
mdp.39015086661538,14,11,1,the Health Week's,DATE,63,80
mdp.39015086661538,14,13,0,day,DATE,64,67
mdp.39015086661538,14,13,1,week,DATE,106,110
mdp.39015086661538,14,16,0,week,DATE,20,24
mdp.39015086661538,14,18,0,Negro,NORP,65,70
mdp.39015086661538,15,0,0,NATIONAL NEGRO HEALTH WEEK,EVENT,0,26
mdp.39015086661538,15,1,0,Negro Health Week,EVENT,313,330
mdp.39015086661538,15,1,1,Negro Health Week,EVENT,384,401
mdp.39015086661538,15,2,0,6,CARDINAL,1,2
mdp.39015086661538,15,3,0,Negro Health Week,EVENT,96,113
mdp.39015086661538,15,5,0,State,ORG,112,117
mdp.39015086661538,15,7,0,Negro Health Week,EVENT,88,105
mdp.39015086661538,15,9,0,Negro Health Week,EVENT,6,23
mdp.39015086661538,15,10,0,Negro Health Week,EVENT,0,17
mdp.39015086661538,15,12,0,PRESS,ORG,0,5
mdp.39015086661538,15,12,1,the many years,DATE,214,228
mdp.39015086661538,15,12,2,Health Week,DATE,236,247
mdp.39015086661538,15,13,0,three,CARDINAL,20,25
mdp.39015086661538,15,13,1,1,CARDINAL,137,138
mdp.39015086661538,15,15,0,2,CARDINAL,1,2
mdp.39015086661538,15,15,1,one,CARDINAL,80,83
mdp.39015086661538,16,0,0,NATIONAL NEGRO HEALTH WEEK,EVENT,3,29
mdp.39015086661538,16,4,0,3,CARDINAL,1,2
mdp.39015086661538,16,8,0,One,CARDINAL,5,8
mdp.39015086661538,16,10,0,The National Negro Health Week,EVENT,233,263
mdp.39015086661538,16,11,0,Hugh S. CUMMING,PERSON,30,45
mdp.39015086661538,16,11,1,United States Public Health Service,ORG,64,99
mdp.39015086661538,16,17,0,the past 50 years,DATE,149,166
mdp.39015086661538,17,0,0,NATIONAL NEGRO HEALTH WEEK 11,EVENT,0,29
mdp.39015086661538,17,1,0,Fifty years ago,DATE,0,15
mdp.39015086661538,17,6,0,Twenty-five years later,DATE,0,23
mdp.39015086661538,17,9,0,the first half century,DATE,24,46
mdp.39015086661538,17,12,0,three,CARDINAL,16,21
mdp.39015086661538,17,13,0,first,ORDINAL,4,9
mdp.39015086661538,17,13,1,second,ORDINAL,45,51
mdp.39015086661538,17,14,0,third,ORDINAL,2,7
mdp.39015086661538,17,20,0,half,CARDINAL,51,55
mdp.39015086661538,18,0,0,NATIONAL NEGRO HEALTH WEEK,EVENT,3,29
mdp.39015086661538,18,7,0,One,CARDINAL,0,3
mdp.39015086661538,18,13,0,these last few years,DATE,25,45
mdp.39015086661538,18,18,0,hundreds of centuries,DATE,8,29
mdp.39015086661538,18,22,0,1 1,CARDINAL,3,6
mdp.39015086661538,18,22,1,Pennsylvania Department of Health Vital Statistics,ORG,7,57
mdp.39015086661538,18,22,2,"October, 1927",DATE,68,81
mdp.39015086661538,21,0,0,NATIONAL NEGRO HEALTH WEEK,EVENT,0,26
mdp.39015086661538,21,3,0,first,ORDINAL,9,14
mdp.39015086661538,21,12,0,one,CARDINAL,10,13
mdp.39015086661538,21,16,0,Emlyn Jones,PERSON,0,11
mdp.39015086661538,21,17,0,Negro,NORP,30,35
mdp.39015086661538,21,17,1,1925,DATE,86,90
mdp.39015086661538,21,18,0,"About 25,800",CARDINAL,0,12
mdp.39015086661538,21,18,1,"33,940",CARDINAL,23,29
mdp.39015086661538,21,18,2,one,CARDINAL,53,56
mdp.39015086661538,21,20,0,Negro,NORP,5,10
mdp.39015086661538,21,21,0,one,CARDINAL,14,17
mdp.39015086661538,21,21,1,two,CARDINAL,30,33
mdp.39015086661538,21,21,2,8,CARDINAL,65,66
mdp.39015086661538,21,21,3,10,CARDINAL,70,72
mdp.39015086661538,21,22,0,Report on Cooperative Extension Work,ORG,5,41
mdp.39015086661538,21,22,1,United States Department of Agriculture,ORG,43,82
mdp.39015086661538,21,22,2,J. A. Evans,PERSON,84,95
mdp.39015086661538,21,22,3,T. M. Campbell,PERSON,114,128
mdp.39015086661538,21,22,4,Southern States,LOC,143,158
mdp.39015086661538,22,1,0,Negro,NORP,61,66
mdp.39015086661538,22,2,0,Negro,NORP,0,5
mdp.39015086661538,22,3,0,North Carolina,GPE,3,17
mdp.39015086661538,22,3,1,30,CARDINAL,18,20
mdp.39015086661538,22,4,0,first,ORDINAL,28,33
mdp.39015086661538,22,4,1,1,CARDINAL,66,67
mdp.39015086661538,22,4,2,2,CARDINAL,85,86
mdp.39015086661538,22,4,3,3,CARDINAL,125,126
mdp.39015086661538,22,4,4,4,CARDINAL,159,160
mdp.39015086661538,22,4,5,5,CARDINAL,207,208
mdp.39015086661538,22,5,0,Negro,NORP,31,36
mdp.39015086661538,22,5,1,States,GPE,69,75
mdp.39015086661538,22,7,0,Negro,NORP,48,53
mdp.39015086661538,22,9,0,"13,462",CARDINAL,13,19
mdp.39015086661538,22,9,1,"12,015",CARDINAL,89,95
mdp.39015086661538,22,10,0,one,CARDINAL,3,6
mdp.39015086661538,22,10,1,"1,200",CARDINAL,17,22
mdp.39015086661538,22,10,2,Health Week,EVENT,50,61
mdp.39015086661538,22,11,0,250,CARDINAL,31,34
mdp.39015086661538,22,11,1,56,CARDINAL,43,45
mdp.39015086661538,22,11,2,120,CARDINAL,62,65
mdp.39015086661538,22,11,3,450,CARDINAL,96,99
mdp.39015086661538,22,11,4,12,CARDINAL,108,110
mdp.39015086661538,22,11,5,14,CARDINAL,125,127
mdp.39015086661538,22,12,0,South,LOC,58,63
mdp.39015086661538,22,12,1,Negro,NORP,70,75
mdp.39015086661538,22,13,0,1925,DATE,3,7
mdp.39015086661538,22,13,1,"23,597",CARDINAL,9,15
mdp.39015086661538,22,13,2,"19,023",CARDINAL,74,80
mdp.39015086661538,22,13,3,"16,878",CARDINAL,93,99
mdp.39015086661538,22,13,4,"20,327",CARDINAL,121,127
mdp.39015086661538,22,13,5,"19,917",CARDINAL,150,156
mdp.39015086661538,22,13,6,"12,363",CARDINAL,170,176
mdp.39015086661538,22,13,7,"12,593",CARDINAL,197,203
mdp.39015086661538,22,13,8,"13,462",CARDINAL,229,235
mdp.39015086661538,22,14,0,"5,094",CARDINAL,100,105
mdp.39015086661538,22,14,1,"5,174",CARDINAL,116,121
mdp.39015086661538,22,14,2,the year,DATE,160,168
mdp.39015086661538,22,15,0,JAMES FREDERICK ROGERS,PERSON,41,63
mdp.39015086661538,22,15,1,United States,GPE,129,142
mdp.39015086661538,22,15,2,Bureau of Education,ORG,143,162
mdp.39015086661538,22,16,0,the past biennium,DATE,53,70
mdp.39015086661538,22,17,0,the day,DATE,13,20
mdp.39015086661538,23,0,0,NATIONAL NEGRO HEALTH WEEK 15 1,EVENT,0,31
mdp.39015086661538,23,4,0,the past biennium,DATE,216,233
mdp.39015086661538,23,6,0,The past biennium,DATE,0,17
mdp.39015086661538,23,6,1,first,ORDINAL,46,51
mdp.39015086661538,23,8,0,a half century ago,DATE,42,60
mdp.39015086661538,23,8,1,the past two years,DATE,125,143
mdp.39015086661538,23,9,0,years,DATE,4,9
mdp.39015086661538,23,9,1,Germany,GPE,25,32
mdp.39015086661538,23,9,2,about 10 per cent,PERCENT,112,129
mdp.39015086661538,23,10,0,first,ORDINAL,227,232
mdp.39015086661538,24,4,0,Virginia,GPE,25,33
mdp.39015086661538,24,4,1,100 per cent,PERCENT,41,53
mdp.39015086661538,24,5,0,States,GPE,47,53
mdp.39015086661538,24,5,1,100 per cent,PERCENT,61,73
mdp.39015086661538,24,5,2,at least one,CARDINAL,108,120
mdp.39015086661538,25,0,0,NATIONAL NEGRO HEALTH WEEK,EVENT,0,26
mdp.39015086661538,25,2,0,Boston,GPE,32,38
mdp.39015086661538,25,2,1,1894,DATE,42,46
mdp.39015086661538,25,3,0,1915,DATE,3,7
mdp.39015086661538,25,4,0,the past year,DATE,3,16
mdp.39015086661538,25,4,1,Providence,GPE,64,74
mdp.39015086661538,25,4,2,many years,DATE,100,110
mdp.39015086661538,25,13,0,1,CARDINAL,215,216
mdp.39015086661538,25,14,0,2,CARDINAL,0,1
mdp.39015086661538,25,17,0,3,CARDINAL,0,1
mdp.39015086661538,25,18,0,4,CARDINAL,0,1
mdp.39015086661538,25,19,0,5,CARDINAL,0,1
mdp.39015086661538,25,19,1,The United States Public Health Service,ORG,3,42
mdp.39015086661538,25,21,0,Dobell,PERSON,7,13
mdp.39015086661538,25,21,1,1861,DATE,17,21
mdp.39015086661538,25,21,2,Periodic Health Examinations,WORK_OF_ART,28,56
mdp.39015086661538,25,22,0,Lectures on the Germs and Vestiges of Disease,WORK_OF_ART,16,61
mdp.39015086661538,25,22,1,3,CARDINAL,153,154
mdp.39015086661538,25,22,2,Horace Dobell,PERSON,158,171
mdp.39015086661538,25,22,3,London,GPE,193,199
mdp.39015086661538,25,22,4,1861,DATE,203,207
mdp.39015086661538,25,24,0,2,CARDINAL,0,1
mdp.39015086661538,25,27,0,How to Make the Periodic Health Examination,WORK_OF_ART,7,50
mdp.39015086661538,25,27,1,E. L. Fisk,PERSON,56,66
mdp.39015086661538,25,27,2,J. R. Crawford,PERSON,71,85
mdp.39015086661538,25,28,0,Fisk,PERSON,57,61
mdp.39015086661538,25,28,1,several months ago,DATE,62,80
mdp.39015086661538,25,29,0,1909,DATE,3,7
mdp.39015086661538,25,29,1,Dobell,PERSON,25,31
mdp.39015086661538,25,29,2,Fisk,PERSON,45,49
mdp.39015086661538,25,29,3,the Journal of the American Medical Association,ORG,84,131
mdp.39015086661538,25,29,4,British,NORP,271,278
mdp.39015086661538,25,29,5,40 years previously,DATE,303,322
mdp.39015086661538,26,0,0,18 NATIONAL NEGRO HEALTH WEEK,DATE,0,29
mdp.39015086661538,26,0,1,thousands and thousands,CARDINAL,159,182
mdp.39015086661538,26,8,0,THE YEAR ROUND,DATE,9,23
mdp.39015086661538,27,0,0,NATIONAL NEGRO HEALTH WEEK,EVENT,0,26
mdp.39015086661538,27,0,1,State,ORG,136,141
mdp.39015086661538,27,3,0,early years,DATE,107,118
mdp.39015086661538,27,5,0,1924,DATE,36,40
mdp.39015086661538,27,5,1,the Death Registration Area,LOC,44,71
mdp.39015086661538,27,5,2,1920,DATE,75,79
mdp.39015086661538,27,5,3,"1,823.7",CARDINAL,84,91
mdp.39015086661538,27,5,4,"100,000",CARDINAL,96,103
mdp.39015086661538,27,5,5,59.5,CARDINAL,122,126
mdp.39015086661538,27,5,6,"100,000",CARDINAL,131,138
mdp.39015086661538,27,5,7,1923,DATE,154,158
mdp.39015086661538,27,5,8,"1,764.2",CARDINAL,172,179
mdp.39015086661538,27,5,9,"100,000",CARDINAL,184,191
mdp.39015086661538,27,7,0,1,CARDINAL,60,61
mdp.39015086661538,27,7,1,1924,DATE,201,205
mdp.39015086661538,27,7,2,1923,DATE,224,228
mdp.39015086661538,27,8,0,Negro,NORP,50,55
mdp.39015086661538,27,8,1,6 per cent,PERCENT,91,101
mdp.39015086661538,27,9,0,the Southern States,GPE,152,171
mdp.39015086661538,27,10,0,ten,CARDINAL,92,95
mdp.39015086661538,27,10,1,94,CARDINAL,124,126
mdp.39015086661538,27,10,2,"100,000",CARDINAL,131,138
mdp.39015086661538,27,11,0,5.2 per cent,PERCENT,9,21
mdp.39015086661538,27,11,1,1924,DATE,62,66
mdp.39015086661538,27,11,2,Negroes,NORP,73,80
mdp.39015086661538,27,12,0,Southern States,LOC,81,96
mdp.39015086661538,27,12,1,Maryland,GPE,156,164
mdp.39015086661538,27,12,2,Kentucky,GPE,166,174
mdp.39015086661538,27,12,3,Virginia,GPE,180,188
mdp.39015086661538,27,12,4,the last 10 years,DATE,221,238
mdp.39015086661538,27,14,0,3,CARDINAL,6,7
mdp.39015086661538,27,14,1,Negro,NORP,52,57
mdp.39015086661538,27,14,2,"Public Health Bulletin,",ORG,86,109
mdp.39015086661538,27,14,3,174,CARDINAL,114,117
mdp.39015086661538,27,15,0,the Southern States,GPE,37,56
mdp.39015086661538,27,16,0,3,CARDINAL,7,8
mdp.39015086661538,27,16,1,the per cent,PERCENT,15,27
mdp.39015086661538,27,16,2,Negro,NORP,37,42
mdp.39015086661538,27,18,0,3,CARDINAL,20,21
mdp.39015086661538,27,18,1,3,CARDINAL,31,32
mdp.39015086661538,27,18,2,Negroes,NORP,123,130
mdp.39015086661538,28,0,0,Negro,NORP,50,55
mdp.39015086661538,28,0,1,more than 300 per cent,PERCENT,91,113
mdp.39015086661538,28,0,2,236 per cent,PERCENT,153,165
mdp.39015086661538,28,5,0,Negroes,NORP,27,34
mdp.39015086661538,28,5,1,174,CARDINAL,78,81
mdp.39015086661538,28,5,2,Negroes,NORP,146,153
mdp.39015086661538,28,5,3,the Southern States of the United States,GPE,157,197
mdp.39015086661538,28,6,0,Negroes,NORP,44,51
mdp.39015086661538,28,6,1,1923,DATE,88,92
mdp.39015086661538,28,6,2,1924,DATE,97,101
mdp.39015086661538,28,6,3,1920,DATE,126,130
mdp.39015086661538,28,6,4,"100,000",CARDINAL,147,154
mdp.39015086661538,28,6,5,1923,DATE,172,176
mdp.39015086661538,28,6,6,1924,DATE,177,181
mdp.39015086661538,28,20,0,1,CARDINAL,0,1
mdp.39015086661538,28,20,1,193,CARDINAL,3,6
mdp.39015086661538,28,22,0,Negro,NORP,0,5
mdp.39015086661538,28,23,0,1923,DATE,0,4
mdp.39015086661538,28,24,0,Negro,NORP,36,41
mdp.39015086661538,28,24,1,100 per cent,PERCENT,47,59
mdp.39015086661538,28,24,2,Negro,NORP,77,82
mdp.39015086661538,28,24,3,100 per cent,PERCENT,88,100
mdp.39015086661538,28,24,4,Negro,NORP,118,123
mdp.39015086661538,28,24,5,less than 100 per cent,PERCENT,148,170
mdp.39015086661538,28,29,0,161,CARDINAL,0,3
mdp.39015086661538,28,35,0,154,CARDINAL,0,3
mdp.39015086661538,28,37,0,200,CARDINAL,0,3
mdp.39015086661538,29,0,0,NATIONAL NEGRO HEALTH WEEK 21,EVENT,0,29
mdp.39015086661538,29,0,1,Negroes,NORP,55,62
mdp.39015086661538,29,0,2,1920,DATE,98,102
mdp.39015086661538,29,1,0,"100,000",CARDINAL,15,22
mdp.39015086661538,29,1,1,Negro,NORP,54,59
mdp.39015086661538,29,7,0,Bright,PERSON,20,26
mdp.39015086661538,29,13,0,85,CARDINAL,0,2
mdp.39015086661538,29,14,0,Negroes,NORP,149,156
mdp.39015086661538,29,14,1,1923,DATE,189,193
mdp.39015086661538,29,14,2,"100,000",CARDINAL,239,246
mdp.39015086661538,29,14,3,"100,000",CARDINAL,273,280
mdp.39015086661538,29,15,0,Negro,NORP,27,32
mdp.39015086661538,29,15,1,Negro,NORP,82,87
mdp.39015086661538,29,16,0,Under 1 year,DATE,0,12
mdp.39015086661538,29,16,1,1 to 4 years,DATE,15,27
mdp.39015086661538,29,16,2,Under 5 years,DATE,28,41
mdp.39015086661538,29,17,0,5 to 9..,DATE,0,8
mdp.39015086661538,29,17,1,10 to 14. 15 to 19. 1,DATE,9,30
mdp.39015086661538,29,17,2,20 to 24,DATE,163,171
mdp.39015086661538,29,18,0,25 to 34. 35 to 44. 45 to 54. 55 to 64. 65 to 74. 75,DATE,0,52
mdp.39015086661538,29,22,0,third,ORDINAL,13,18
mdp.39015086661538,29,22,1,Negroes,NORP,50,57
mdp.39015086661538,29,22,2,100,CARDINAL,108,111
mdp.39015086661538,29,24,0,National Health Week,EVENT,16,36
mdp.39015086661538,29,25,0,the week,DATE,149,157
mdp.39015086661538,29,26,0,State,ORG,124,129
mdp.39015086661538,29,26,1,the State Tuberculosis or public health association,ORG,149,200
mdp.39015086661538,29,26,2,State,ORG,276,281
mdp.39015086661538,29,27,0,State,ORG,29,34
mdp.39015086661538,30,0,0,22 NATIONAL NEGRO HEALTH WEEK 66,DATE,0,32
mdp.39015086661538,30,0,1,States,GPE,68,74
mdp.39015086661538,30,1,0,weeks,DATE,56,61
mdp.39015086661538,30,1,1,months,DATE,65,71
mdp.39015086661538,30,1,2,April 1,DATE,131,138
mdp.39015086661538,30,2,0,American Child Health Association,ORG,0,33
mdp.39015086661538,30,2,1,370 Seventh Avenue,FAC,35,53
mdp.39015086661538,30,2,2,New York City,GPE,55,68
mdp.39015086661538,30,4,0,American Public Health Association,ORG,0,34
mdp.39015086661538,30,4,1,370 Seventh Avenue,FAC,36,54
mdp.39015086661538,30,4,2,New York City,GPE,56,69
mdp.39015086661538,30,7,0,American Red Cross,ORG,0,18
mdp.39015086661538,30,7,1,Seventeenth and D Streets,FAC,20,45
mdp.39015086661538,30,7,2,Washington,GPE,51,61
mdp.39015086661538,30,7,3,D. C.,GPE,63,68
mdp.39015086661538,30,8,0,American Social Hygiene Association,ORG,0,35
mdp.39015086661538,30,8,1,370 Seventh Avenue,FAC,37,55
mdp.39015086661538,30,8,2,New York City,GPE,57,70
mdp.39015086661538,30,8,3,5,MONEY,150,151
mdp.39015086661538,30,8,4,100,CARDINAL,156,159
mdp.39015086661538,30,8,5,25,MONEY,162,164
mdp.39015086661538,30,8,6,"1,000",CARDINAL,169,174
mdp.39015086661538,30,9,0,Youth and Life,WORK_OF_ART,18,32
mdp.39015086661538,30,9,1,Keeping Fit,WORK_OF_ART,38,49
mdp.39015086661538,30,9,2,48,CARDINAL,57,59
mdp.39015086661538,30,9,3,9 by 12 inches,QUANTITY,67,81
mdp.39015086661538,30,9,4,2,MONEY,84,85
mdp.39015086661538,30,10,0,National Health Week,EVENT,51,71
mdp.39015086661538,30,11,0,National Health Week,EVENT,32,52
mdp.39015086661538,30,12,0,"5,000",CARDINAL,0,5
mdp.39015086661538,30,12,1,50,CARDINAL,30,32
mdp.39015086661538,30,13,0,Associated Negro Press,ORG,0,22
mdp.39015086661538,30,13,1,Indiana Avenue,FAC,29,43
mdp.39015086661538,30,13,2,Chicago,GPE,45,52
mdp.39015086661538,30,13,3,Ill.,GPE,54,58
mdp.39015086661538,30,14,0,Health Week,EVENT,40,51
mdp.39015086661538,30,15,0,Cleanliness Institute,ORG,0,21
mdp.39015086661538,30,15,1,New York City,GPE,51,64
mdp.39015086661538,30,17,0,One,CARDINAL,0,3
mdp.39015086661538,30,17,1,After the Rain,WORK_OF_ART,37,51
mdp.39015086661538,30,17,2,one,CARDINAL,57,60
mdp.39015086661538,30,17,3,10,CARDINAL,68,70
mdp.39015086661538,30,18,0,Commission on Interracial Cooperation,ORG,0,37
mdp.39015086661538,30,18,1,Palmer Buil ag,ORG,39,53
mdp.39015086661538,30,18,2,Atlanta,GPE,55,62
mdp.39015086661538,30,18,3,Ga.,GPE,64,67
mdp.39015086661538,30,20,0,Eastern Film Corporation,ORG,0,24
mdp.39015086661538,30,20,1,New York City,GPE,56,69
mdp.39015086661538,30,20,2,In Humanity's Service,WORK_OF_ART,73,94
mdp.39015086661538,30,20,3,15-minute,TIME,97,106
mdp.39015086661538,30,20,4,National Clean Up and Paint Up Campaign,ORG,135,174
mdp.39015086661538,30,21,0,Commission on Infant Mortality,ORG,26,56
mdp.39015086661538,30,21,1,Washington,GPE,77,87
mdp.39015086661538,30,21,2,D. C.,GPE,89,94
mdp.39015086661538,30,23,0,Metropolitan Life Insurance Co.,ORG,0,31
mdp.39015086661538,30,23,1,Welfare Division,ORG,33,49
mdp.39015086661538,30,23,2,New York City,GPE,69,82
mdp.39015086661538,31,0,0,NATIONAL NEGRO HEALTH WEEK 23,EVENT,0,29
mdp.39015086661538,31,0,1,National Association of Colored Graduate Nurses,ORG,30,77
mdp.39015086661538,31,0,2,L. Richardson Memorial Hospital,ORG,79,110
mdp.39015086661538,31,0,3,Greensboro,GPE,112,122
mdp.39015086661538,31,0,4,N. C.,GPE,124,129
mdp.39015086661538,31,1,0,National Association of Colored Women,ORG,0,37
mdp.39015086661538,31,1,1,Daytona-Cookman College,ORG,39,62
mdp.39015086661538,31,1,2,Daytona Beach,GPE,64,77
mdp.39015086661538,31,1,3,Fla.,GPE,79,83
mdp.39015086661538,31,2,0,National Clean-up and Paint-up Campaign Bureau,ORG,0,46
mdp.39015086661538,31,2,1,New York City,GPE,78,91
mdp.39015086661538,31,2,2,Spotless Town Crusader,WORK_OF_ART,256,278
mdp.39015086661538,31,3,0,National Negro Health Week,EVENT,101,127
mdp.39015086661538,31,6,0,National Committee for Mental Hygiene,ORG,0,37
mdp.39015086661538,31,6,1,370 Seventh Avenue,FAC,39,57
mdp.39015086661538,31,6,2,New York City,GPE,59,72
mdp.39015086661538,31,8,0,National Dairy Council,ORG,0,22
mdp.39015086661538,31,8,1,Chicago,GPE,51,58
mdp.39015086661538,31,8,2,Ill.,GPE,60,64
mdp.39015086661538,31,10,0,National Health Council,ORG,0,23
mdp.39015086661538,31,10,1,370 Seventh Avenue,FAC,25,43
mdp.39015086661538,31,10,2,New York City,GPE,45,58
mdp.39015086661538,31,14,0,National Medical Association,ORG,0,28
mdp.39015086661538,31,14,1,Mutual Building,ORG,30,45
mdp.39015086661538,31,14,2,Durham,GPE,47,53
mdp.39015086661538,31,14,3,N. C.,GPE,55,60
mdp.39015086661538,31,17,0,National Organization for Public Health Nursing,ORG,0,47
mdp.39015086661538,31,17,1,370 Seventh Avenue,FAC,49,67
mdp.39015086661538,31,17,2,New York City,GPE,69,82
mdp.39015086661538,31,19,0,National Society for the Prevention of Blindness,ORG,0,48
mdp.39015086661538,31,19,1,370 Seventh Avenue,FAC,50,68
mdp.39015086661538,31,19,2,New York City,GPE,70,83
mdp.39015086661538,31,23,0,National Tuberculosis Association,ORG,0,33
mdp.39015086661538,31,23,1,370 Seventh Avenue,ORG,35,53
mdp.39015086661538,31,23,2,New York City,GPE,55,68
mdp.39015086661538,31,24,0,State,ORG,23,28
mdp.39015086661538,31,24,1,Health Week,EVENT,172,183
mdp.39015086661538,31,25,0,State,ORG,11,16
mdp.39015086661538,31,25,1,National Tuberculosis Association,ORG,67,100
mdp.39015086661538,31,26,0,National Urban League,ORG,0,21
mdp.39015086661538,31,26,1,New York City,GPE,42,55
mdp.39015086661538,31,27,0,North Carolina Mutual Life Insurance Co.,ORG,0,40
mdp.39015086661538,31,27,1,Durham,GPE,42,48
mdp.39015086661538,31,27,2,N. C.,GPE,50,55
mdp.39015086661538,31,28,0,Alabama,GPE,14,21
mdp.39015086661538,31,28,1,District of Columbia,GPE,23,43
mdp.39015086661538,31,28,2,Georgia,GPE,45,52
mdp.39015086661538,31,28,3,Maryland,GPE,54,62
mdp.39015086661538,31,28,4,North Carolina,GPE,64,78
mdp.39015086661538,31,28,5,South Carolina,GPE,80,94
mdp.39015086661538,31,28,6,Tennessee,GPE,96,105
mdp.39015086661538,31,28,7,Virginia,GPE,111,119
mdp.39015086661538,31,28,8,Durham,GPE,157,163
mdp.39015086661538,32,0,0,24 NATIONAL NEGRÓ HEALTH WEEK,DATE,0,29
mdp.39015086661538,32,0,1,35 Fourth Avenue,FAC,80,96
mdp.39015086661538,32,0,2,New York City,GPE,98,111
mdp.39015086661538,32,1,0,United States Department of Agriculture,ORG,0,39
mdp.39015086661538,32,1,1,Washington,GPE,60,70
mdp.39015086661538,32,1,2,D. C.,GPE,72,77
mdp.39015086661538,32,2,0,State,ORG,21,26
mdp.39015086661538,32,3,0,United States Public Health Service,ORG,0,35
mdp.39015086661538,32,3,1,Washington,GPE,37,47
mdp.39015086661538,32,3,2,D. C.,GPE,49,54
mdp.39015086661538,32,4,0,Young Men's Christian Association,ORG,0,33
mdp.39015086661538,32,4,1,National Council,ORG,60,76
mdp.39015086661538,32,4,2,New York City,GPE,98,111
mdp.39015086661538,32,6,0,Young Women's Christian Association,ORG,0,35
mdp.39015086661538,32,6,1,National Board,ORG,37,51
mdp.39015086661538,32,6,2,600 Lexington Avenue,FAC,53,73
mdp.39015086661538,32,6,3,New York City,GPE,75,88
mdp.39015086661538,33,0,0,NATIONAL NEGRO HEALTH WEEK,EVENT,26,52
mdp.39015086661538,33,2,0,2,CARDINAL,91,92
mdp.39015086661538,33,2,1,1,CARDINAL,106,107
mdp.39015086661538,33,3,0,25 feet,QUANTITY,11,18
mdp.39015086661538,34,1,0,FIRST,ORDINAL,41,46
mdp.39015086661538,34,2,0,FIRST,ORDINAL,0,5
mdp.39015086661538,34,2,1,katol Nye,PERSON,12,21
mdp.39015086661538,34,2,2,Nora Bus,PERSON,33,41
mdp.39015086661538,34,11,0,"APRIL 1 TO 8, 1928",DATE,81,99
mdp.39015086661538,34,12,0,THE NATIONAL NEGRO BUSINESS LEAGUE,ORG,22,56
mdp.39015086661538,34,14,0,Organizing for Health Week,WORK_OF_ART,92,118
mdp.39015086661538,34,14,1,1,CARDINAL,127,128
mdp.39015086661538,34,14,2,9,CARDINAL,132,133
mdp.39015086661538,34,16,0,THE NATIONAL NEGRO HEALTH WEEK COMMITTEE,ORG,33,73
mdp.39015086661538,34,16,1,Tuskegee Institute,ORG,74,92
mdp.39015086661538,34,16,2,Alabama,GPE,94,101
mdp.39015086661538,35,0,0,WASHINGTON,GPE,122,132
mdp.39015086661538,35,0,1,D. C.,GPE,134,139
mdp.39015086661538,35,0,2,5 CENTS,MONEY,143,150
mdp.39015086661538,37,0,0,Negro Health Week,EVENT,123,140
mdp.39015086661538,37,1,0,AMERICAN CHILD HEALTH ASSOCIATION,ORG,0,33
mdp.39015086661538,37,1,1,370 Seventh Avenue,FAC,35,53
mdp.39015086661538,37,1,2,New York City,GPE,55,68
mdp.39015086661538,37,2,0,AMERICAN PUBLIC HEALTH ASSOCIATION,ORG,0,34
mdp.39015086661538,37,2,1,370 Seventh Avenue,FAC,36,54
mdp.39015086661538,37,2,2,New York City,GPE,56,69
mdp.39015086661538,37,3,0,AMERICAN RED CROSS,ORG,0,18
mdp.39015086661538,37,3,1,Seventeenth and D Streets,FAC,20,45
mdp.39015086661538,37,3,2,Washington,GPE,51,61
mdp.39015086661538,37,3,3,D. C.,GPE,63,68
mdp.39015086661538,37,3,4,AMERICAN SOCIAL HYGIENE ASSOCIATION,ORG,69,104
mdp.39015086661538,37,3,5,370 Seventh Avenue,FAC,106,124
mdp.39015086661538,37,3,6,New York City,GPE,126,139
mdp.39015086661538,37,4,0,ASSOCIATED NEGRO PRESS,ORG,0,22
mdp.39015086661538,37,4,1,3423 Indiana Avenue,FAC,24,43
mdp.39015086661538,37,4,2,Chicago,GPE,45,52
mdp.39015086661538,37,4,3,45,CARDINAL,82,84
mdp.39015086661538,37,4,4,East Seventeenth Street,FAC,85,108
mdp.39015086661538,37,4,5,New York City,GPE,110,123
mdp.39015086661538,37,5,0,COMMISSION ON INTERRACIAL COOPERATION,ORG,0,37
mdp.39015086661538,37,5,1,Palmer Building,FAC,39,54
mdp.39015086661538,37,5,2,Atlanta,GPE,56,63
mdp.39015086661538,37,6,0,UNITED STATES,GPE,19,32
mdp.39015086661538,37,6,1,Washington,GPE,60,70
mdp.39015086661538,37,6,2,Commission on Infant Mortality,ORG,104,134
mdp.39015086661538,37,6,3,Washington,GPE,155,165
mdp.39015086661538,37,6,4,D. C.,GPE,167,172
mdp.39015086661538,37,6,5,METROPOLITAN LIFE INSURANCE CO.,ORG,173,204
mdp.39015086661538,37,6,6,Welfare Department,ORG,206,224
mdp.39015086661538,37,6,7,Madison Avenue,FAC,228,242
mdp.39015086661538,37,6,8,New York City,GPE,244,257
mdp.39015086661538,37,7,0,NATIONAL ASSOCIATION,ORG,0,20
mdp.39015086661538,37,7,1,L. Richardson Memorial Hospital,ORG,49,80
mdp.39015086661538,37,7,2,Greensboro,GPE,82,92
mdp.39015086661538,37,7,3,N. C.,GPE,94,99
mdp.39015086661538,37,8,0,Daytona-Cookman College,ORG,39,62
mdp.39015086661538,37,8,1,Daytona Beach,GPE,64,77
mdp.39015086661538,37,9,0,Lexington Avenue,FAC,33,49
mdp.39015086661538,37,9,1,New York City,GPE,51,64
mdp.39015086661538,37,10,0,243,CARDINAL,48,51
mdp.39015086661538,37,10,1,New York City,GPE,78,91
mdp.39015086661538,37,11,0,NATIONAL COMMITTEE FOR MENTAL HYGIENE,ORG,0,37
mdp.39015086661538,37,11,1,370 Seventh Avenue,FAC,39,57
mdp.39015086661538,37,11,2,New York City,GPE,59,72
mdp.39015086661538,37,12,0,NATIONAL COMMITTEE FOR THE PREVENTION OF BLINDNESS,ORG,0,50
mdp.39015086661538,37,12,1,370 Seventh Avenue,FAC,52,70
mdp.39015086661538,37,12,2,New York City,GPE,72,85
mdp.39015086661538,37,13,0,NATIONAL COUNCIL,ORG,0,16
mdp.39015086661538,37,13,1,Madison Avenue,FAC,35,49
mdp.39015086661538,37,13,2,New York City,GPE,51,64
mdp.39015086661538,37,14,0,NATIONAL DAIRY COUNCIL,ORG,0,22
mdp.39015086661538,37,14,1,South Michigan Ave,FAC,28,46
mdp.39015086661538,37,14,2,Chicago,GPE,49,56
mdp.39015086661538,37,14,3,Ill.,GPE,58,62
mdp.39015086661538,37,14,4,NATIONAL HEALTH COUNCIL,ORG,63,86
mdp.39015086661538,37,14,5,New York City,GPE,108,121
mdp.39015086661538,37,14,6,NATIONAL MEDICAL ASSOCIATION,ORG,123,151
mdp.39015086661538,37,14,7,Mutual Building,ORG,153,168
mdp.39015086661538,37,14,8,Durham,GPE,170,176
mdp.39015086661538,37,14,9,N. C.,GPE,178,183
mdp.39015086661538,37,15,0,NATIONAL NEGRO BUSINESS LEAGUE,ORG,0,30
mdp.39015086661538,37,15,1,Tuskegee Institute,ORG,32,50
mdp.39015086661538,37,15,2,Ala,GPE,52,55
mdp.39015086661538,37,15,3,NATIONAL NEGRO HEALTH WEEK,ORG,57,83
mdp.39015086661538,37,15,4,Tuskegee Institute,ORG,95,113
mdp.39015086661538,37,15,5,Ala.,GPE,115,119
mdp.39015086661538,37,16,0,NATIONAL ORGANIZATION FOR PUBLIC HEALTH NURSING,ORG,0,47
mdp.39015086661538,37,16,1,New York City,GPE,69,82
mdp.39015086661538,37,17,0,NATIONAL TUBERCULOSIS ASSOCIATION,ORG,0,33
mdp.39015086661538,37,17,1,New York City,GPE,55,68
mdp.39015086661538,37,19,0,the National Tuberculosis Association,ORG,37,74
mdp.39015086661538,37,20,0,NATIONAL URBAN LEAGUE,ORG,0,21
mdp.39015086661538,37,20,1,Madison Avenue,FAC,26,40
mdp.39015086661538,37,20,2,New York City,GPE,42,55
mdp.39015086661538,37,21,0,NORTH CAROLINA MUTUAL LIFE INSURANCE CO.,ORG,0,40
mdp.39015086661538,37,21,1,Durham,GPE,42,48
mdp.39015086661538,37,21,2,N. C.,GPE,50,55
mdp.39015086661538,37,22,0,PLAYGROUND AND RECREATION ASSOCIATION OF AMERICA,ORG,0,48
mdp.39015086661538,37,22,1,315,CARDINAL,50,53
mdp.39015086661538,37,22,2,Fourth Avenue,FAC,54,67
mdp.39015086661538,37,22,3,New York City,GPE,69,82
mdp.39015086661538,37,23,0,RECKEFELLER FOUNDATION,ORG,0,22
mdp.39015086661538,37,23,1,New York City,GPE,37,50
mdp.39015086661538,37,24,0,RUSSELL SAGE FOUNDATION,ORG,0,23
mdp.39015086661538,37,24,1,130,CARDINAL,25,28
mdp.39015086661538,37,24,2,New York City,GPE,56,69
mdp.39015086661538,37,25,0,TUSKEGEE INSTITUTE,ORG,0,18
mdp.39015086661538,37,25,1,Tuskegee Institute,FAC,20,38
mdp.39015086661538,37,25,2,Ala.,GPE,40,44
mdp.39015086661538,37,27,0,STATE HEALTH DEPARTMENT,ORG,0,23
mdp.39015086661538,37,28,0,UNITED STATES PUBLIC HEALTH SERVICE,ORG,0,35
mdp.39015086661538,37,28,1,Washington,GPE,37,47
mdp.39015086661538,37,28,2,D. C.,GPE,49,54
mdp.39015086661538,37,30,0,National Negro Health Week,EVENT,57,83
mdp.39015086661538,37,30,1,the National Negro Health Week Committee,ORG,220,260
mdp.39015086661538,37,30,2,the health week,DATE,319,334
mdp.39015086661538,37,31,0,Mortality Among Negroes of the United States,WORK_OF_ART,56,100
mdp.39015086661538,37,31,1,the United States Public Health Service,ORG,113,152
mdp.39015086661538,37,31,2,Government Printing Office,ORG,207,233
mdp.39015086661538,37,31,3,Washington,GPE,235,245
mdp.39015086661538,37,31,4,"D, C.",GPE,247,252
mdp.39015086661538,37,31,5,15 cents,MONEY,257,265
mdp.39015086661538,38,2,0,three,CARDINAL,10,15
mdp.39015086661538,38,2,1,each day,DATE,48,56
mdp.39015086661538,38,4,0,two,CARDINAL,36,39
mdp.39015086661538,38,4,1,three,CARDINAL,43,48
mdp.39015086661538,38,4,2,one,CARDINAL,71,74
mdp.39015086661538,38,6,0,at least one,CARDINAL,12,24
mdp.39015086661538,38,6,1,each day,DATE,38,46
mdp.39015086661538,38,7,0,4,CARDINAL,0,1
mdp.39015086661538,38,7,1,at least three,CARDINAL,12,26
mdp.39015086661538,38,7,2,four,CARDINAL,42,46
mdp.39015086661538,38,7,3,every day,DATE,64,73
mdp.39015086661538,38,8,0,hours,TIME,26,31
mdp.39015086661538,38,8,1,4,CARDINAL,110,111
mdp.39015086661538,38,8,2,at least 12 hours,TIME,131,148
mdp.39015086661538,38,9,0,6,CARDINAL,9,10
mdp.39015086661538,38,9,1,111/2 hours,TIME,30,41
mdp.39015086661538,38,10,0,8,CARDINAL,9,10
mdp.39015086661538,38,10,1,11 hours,TIME,30,38
mdp.39015086661538,38,11,0,10,CARDINAL,9,11
mdp.39015086661538,38,11,1,101/2 hours,TIME,32,43
mdp.39015086661538,38,12,0,12,CARDINAL,9,11
mdp.39015086661538,38,12,1,10 hours,TIME,32,40
mdp.39015086661538,38,13,0,6,CARDINAL,0,1
mdp.39015086661538,38,14,0,at least two hours,TIME,25,43
mdp.39015086661538,38,14,1,daily,DATE,69,74
mdp.39015086661538,38,17,0,7,CARDINAL,0,1
mdp.39015086661538,38,18,0,every day,DATE,25,34
mdp.39015086661538,38,18,1,morning,TIME,39,46
mdp.39015086661538,38,20,0,9,CARDINAL,0,1
mdp.39015086661538,38,23,0,10,CARDINAL,0,2
mdp.39015086661538,38,24,0,11,CARDINAL,0,2
mdp.39015086661538,38,25,0,12,CARDINAL,0,2
