vol_id,page,sentence_id,ent_id,entity,entity_type,start_char,end_char
mdp.39015062317667,1,2,0,"April 1 to 7, 1923",DATE,27,45
mdp.39015062317667,1,2,1,Ninth,ORDINAL,50,55
mdp.39015062317667,1,2,2,The Annual Tuskegee Negro Conference,EVENT,132,168
mdp.39015062317667,1,2,3,The National Negro Business League,ORG,173,207
mdp.39015062317667,1,2,4,The United States Public Health Service,ORG,228,267
mdp.39015062317667,1,2,5,The State Boards of Health,ORG,268,294
mdp.39015062317667,1,2,6,The National Health Council,ORG,295,322
mdp.39015062317667,1,2,7,The National and State Medical Associations,ORG,323,366
mdp.39015062317667,1,2,8,The National and State Associations of Graduate Nurses,ORG,367,421
mdp.39015062317667,1,2,9,The American Social Hygiene Association,ORG,422,461
mdp.39015062317667,1,2,10,The National Child Welfare Association,ORG,462,500
mdp.39015062317667,1,2,11,The National Tuberculosis Association,ORG,501,538
mdp.39015062317667,1,2,12,The American Red Cross,ORG,539,561
mdp.39015062317667,1,2,13,The National Urban League,ORG,653,678
mdp.39015062317667,1,2,14,The Y. M. C. A.,ORG,679,694
mdp.39015062317667,1,2,15,the Y. W. C. A.,ORG,699,714
mdp.39015062317667,1,2,16,The National Federation of Colored Women's Clubs,ORG,715,763
mdp.39015062317667,1,2,17,The National Clean-up and Paint-up Bureau,ORG,765,806
mdp.39015062317667,1,2,18,UNITED STATES,GPE,886,899
mdp.39015062317667,1,2,19,Washington Government Printing Office,ORG,922,959
mdp.39015062317667,1,3,0,1923,DATE,0,4
mdp.39015062317667,1,3,1,1,CARDINAL,71,72
mdp.39015062317667,2,0,0,"FRIDAY, APRIL 6",DATE,1,16
mdp.39015062317667,2,1,0,"SATURDAY, APRIL 7",DATE,0,17
mdp.39015062317667,2,2,0,CHURCH SANITATION DAY,DATE,0,21
mdp.39015062317667,2,3,0,GENERAL CLEAN-UP DAY,DATE,0,20
mdp.39015062317667,2,12,0,Week,DATE,22,26
mdp.39015062317667,2,15,0,week,DATE,74,78
mdp.39015062317667,2,15,1,Health,ORG,96,102
mdp.39015062317667,2,17,0,Week,DATE,37,41
mdp.39015062317667,2,18,0,Health,ORG,10,16
mdp.39015062317667,2,19,0,1,CARDINAL,0,1
mdp.39015062317667,2,22,0,day,DATE,0,3
mdp.39015062317667,2,24,0,4,CARDINAL,0,1
mdp.39015062317667,2,28,0,this day,DATE,30,38
mdp.39015062317667,2,28,1,"Thursday, April 5",DATE,40,57
mdp.39015062317667,2,28,2,Booker T. Washington,PERSON,122,142
mdp.39015062317667,2,28,3,National Health Week,EVENT,155,175
mdp.39015062317667,2,29,0,"SUNDAY, APRIL 1",DATE,24,39
mdp.39015062317667,2,30,0,"MONDAY, APRIL 2",DATE,0,15
mdp.39015062317667,2,31,0,"TUESDAY, APRIL 3",DATE,0,16
mdp.39015062317667,2,32,0,"WEDNESDAY, APRIL 4",DATE,0,18
mdp.39015062317667,2,33,0,"THURSDAY, APRIL 5.2",DATE,0,19
mdp.39015062317667,2,33,1,SERMON AND LECTURE DAY.1,DATE,20,44
mdp.39015062317667,2,34,0,HYGIENE DAY,DATE,0,11
mdp.39015062317667,2,35,0,SWAT THE FLY” DAY,DATE,1,18
mdp.39015062317667,2,36,0,TUBERCULOSIS DAY,DATE,0,16
mdp.39015062317667,2,37,0,CHILDREN'S HEALTH DAY,DATE,0,21
mdp.39015062317667,2,38,0,2,CARDINAL,0,1
mdp.39015062317667,2,40,0,3,CARDINAL,0,1
mdp.39015062317667,2,41,0,1,CARDINAL,9,10
mdp.39015062317667,2,45,0,R. R. Moton,PERSON,81,92
mdp.39015062317667,2,45,1,Tuskegee Institute,ORG,105,123
mdp.39015062317667,2,45,2,Alabama,GPE,125,132
mdp.39015062317667,3,4,0,1,CARDINAL,0,1
mdp.39015062317667,3,5,0,2,CARDINAL,0,1
mdp.39015062317667,3,6,0,3,CARDINAL,0,1
mdp.39015062317667,3,8,0,4,CARDINAL,0,1
mdp.39015062317667,3,9,0,5,CARDINAL,0,1
mdp.39015062317667,3,10,0,6,CARDINAL,0,1
mdp.39015062317667,3,12,0,7,CARDINAL,0,1
mdp.39015062317667,3,14,0,8,CARDINAL,0,1
mdp.39015062317667,3,16,0,9,CARDINAL,0,1
mdp.39015062317667,3,18,0,10,CARDINAL,0,2
mdp.39015062317667,3,19,0,daily,DATE,23,28
mdp.39015062317667,3,22,0,12,CARDINAL,0,2
mdp.39015062317667,3,24,0,13,CARDINAL,0,2
mdp.39015062317667,3,26,0,14,CARDINAL,0,2
mdp.39015062317667,3,28,0,15,CARDINAL,0,2
mdp.39015062317667,3,30,0,16,CARDINAL,0,2
mdp.39015062317667,3,34,0,17,CARDINAL,0,2
mdp.39015062317667,3,37,0,18,CARDINAL,0,2
mdp.39015062317667,3,40,0,U. S. Public Health Service,ORG,32,59
mdp.39015062317667,3,40,1,Washington,GPE,61,71
mdp.39015062317667,3,40,2,D. C.,GPE,73,78
mdp.39015062317667,3,40,3,State Board of Health,ORG,83,104
mdp.39015062317667,3,40,4,20743° --23 0j,QUANTITY,123,137
mdp.39015062317667,5,0,0,FOREWORD,PERSON,0,8
mdp.39015062317667,5,0,1,"March 2, 1921",DATE,12,25
mdp.39015062317667,5,0,2,R. R. Moton,PERSON,31,42
mdp.39015062317667,5,0,3,Tuskegee Institute,ORG,57,75
mdp.39015062317667,5,0,4,Alabama,GPE,77,84
mdp.39015062317667,5,0,5,Cumming,PERSON,111,118
mdp.39015062317667,5,0,6,the United States Public Health Service,ORG,150,189
mdp.39015062317667,5,0,7,seventh,ORDINAL,207,214
mdp.39015062317667,5,0,8,annual,DATE,215,221
mdp.39015062317667,5,0,9,National Negro Health Week,EVENT,222,248
mdp.39015062317667,5,1,0,health week,DATE,14,25
mdp.39015062317667,5,2,0,Roscoe C. Brown,PERSON,4,19
mdp.39015062317667,5,2,1,the United States Public Health Service,ORG,32,71
mdp.39015062317667,5,3,0,the National Negro Health Week,EVENT,101,131
mdp.39015062317667,5,3,1,2,CARDINAL,133,134
mdp.39015062317667,5,3,2,year-round,DATE,164,174
mdp.39015062317667,5,5,0,eighth,ORDINAL,81,87
mdp.39015062317667,5,5,1,annual,DATE,88,94
mdp.39015062317667,5,5,2,National Negro Health Week,EVENT,95,121
mdp.39015062317667,5,6,0,only 45,CARDINAL,64,71
mdp.39015062317667,5,6,1,only 9,CARDINAL,91,97
mdp.39015062317667,5,6,2,9,CARDINAL,156,157
mdp.39015062317667,5,6,3,"129,350",CARDINAL,166,173
mdp.39015062317667,5,7,0,"nearly 1,000,000",CARDINAL,101,117
mdp.39015062317667,5,8,0,Fifteen,CARDINAL,0,7
mdp.39015062317667,5,8,1,89,CARDINAL,16,18
mdp.39015062317667,5,8,2,32,CARDINAL,29,31
mdp.39015062317667,5,8,3,97,CARDINAL,44,46
mdp.39015062317667,5,9,0,Seventy,CARDINAL,0,7
mdp.39015062317667,5,11,0,16,CARDINAL,0,2
mdp.39015062317667,5,11,1,150,CARDINAL,4,7
mdp.39015062317667,5,18,0,the 1922 health week,DATE,28,48
mdp.39015062317667,5,18,1,10 per cent,PERCENT,147,158
mdp.39015062317667,5,19,0,the remaining 90 per cent,PERCENT,43,68
mdp.39015062317667,5,19,1,109 29 26 20743°,CARDINAL,132,148
mdp.39015062317667,6,2,0,1923,DATE,15,19
mdp.39015062317667,6,3,0,State,ORG,26,31
mdp.39015062317667,6,4,0,State,ORG,99,104
mdp.39015062317667,6,7,0,Madison County,GPE,18,32
mdp.39015062317667,6,7,1,Ala.,GPE,34,38
mdp.39015062317667,6,7,2,1917,DATE,49,53
mdp.39015062317667,6,7,3,State,ORG,102,107
mdp.39015062317667,6,7,4,the Public Health Service,ORG,159,184
mdp.39015062317667,6,8,0,"10,000",MONEY,44,50
mdp.39015062317667,6,9,0,1919,DATE,57,61
mdp.39015062317667,6,9,1,150,CARDINAL,79,82
mdp.39015062317667,6,10,0,150,CARDINAL,7,10
mdp.39015062317667,6,10,1,only $66,MONEY,90,98
mdp.39015062317667,6,13,0,The Metropolitan Life Insurance Co.,ORG,0,35
mdp.39015062317667,6,13,1,9 per cent,PERCENT,46,56
mdp.39015062317667,6,13,2,"1,500,000",CARDINAL,92,101
mdp.39015062317667,6,13,3,Negro,NORP,102,107
mdp.39015062317667,6,14,0,the National Negro Insurance Association,ORG,56,96
mdp.39015062317667,6,16,0,the Negro Yearbook,ORG,32,50
mdp.39015062317667,6,16,1,"450,000",CARDINAL,169,176
mdp.39015062317667,6,16,2,South,LOC,199,204
mdp.39015062317667,6,16,3,"450,000",CARDINAL,267,274
mdp.39015062317667,6,16,4,"75,000,000",MONEY,297,307
mdp.39015062317667,6,16,5,"225,000",CARDINAL,314,321
mdp.39015062317667,6,16,6,South,LOC,344,349
mdp.39015062317667,6,16,7,annually,DATE,354,362
mdp.39015062317667,6,16,8,"225,000",CARDINAL,397,404
mdp.39015062317667,6,16,9,"25,000,000",MONEY,416,426
mdp.39015062317667,6,16,10,50,CARDINAL,433,435
mdp.39015062317667,6,16,11,100,CARDINAL,449,452
mdp.39015062317667,6,16,12,annual,DATE,462,468
mdp.39015062317667,6,16,13,45,CARDINAL,501,503
mdp.39015062317667,6,16,14,100,CARDINAL,517,520
mdp.39015062317667,6,16,15,annual,DATE,521,527
mdp.39015062317667,6,16,16,annual,DATE,562,568
mdp.39015062317667,6,16,17,"300,000,000",MONEY,615,626
mdp.39015062317667,6,16,18,"150,000,000",MONEY,634,645
mdp.39015062317667,6,16,19,annually,DATE,671,679
mdp.39015062317667,6,17,0,recent years,DATE,3,15
mdp.39015062317667,6,17,1,the National Negro Health Week,EVENT,55,85
mdp.39015062317667,6,17,2,Negroes,NORP,108,115
mdp.39015062317667,6,18,0,these years,DATE,73,84
mdp.39015062317667,6,19,0,day,DATE,148,151
mdp.39015062317667,7,4,0,1910,DATE,112,116
mdp.39015062317667,7,4,1,1915,DATE,118,122
mdp.39015062317667,7,4,2,1920,DATE,128,132
mdp.39015062317667,7,5,0,"1,000",CARDINAL,10,15
mdp.39015062317667,7,6,0,1920,DATE,20,24
mdp.39015062317667,7,6,1,1910,DATE,30,34
mdp.39015062317667,7,8,0,1910 1915,DATE,0,9
mdp.39015062317667,7,10,0,0.9,CARDINAL,0,3
mdp.39015062317667,7,11,0,Kentucky,GPE,0,8
mdp.39015062317667,7,13,0,Maryland,GPE,0,8
mdp.39015062317667,7,13,1,White,PERSON,10,15
mdp.39015062317667,7,15,0,North Carolina,GPE,0,14
mdp.39015062317667,7,17,0,Virginia,GPE,0,8
mdp.39015062317667,7,19,0,Five,CARDINAL,0,4
mdp.39015062317667,7,21,0,29.6,CARDINAL,0,4
mdp.39015062317667,7,22,0,Southern,NORP,52,60
mdp.39015062317667,7,22,1,1915,DATE,84,88
mdp.39015062317667,7,23,0,Southern States,NORP,19,34
mdp.39015062317667,7,24,0,1910,DATE,23,27
mdp.39015062317667,7,25,0,1910,DATE,44,48
mdp.39015062317667,7,25,1,1915,DATE,50,54
mdp.39015062317667,7,25,2,1920,DATE,60,64
mdp.39015062317667,7,25,3,States,GPE,100,106
mdp.39015062317667,7,25,4,1910,DATE,146,150
mdp.39015062317667,7,26,0,Northern,LOC,23,31
mdp.39015062317667,7,26,1,the Northern States,GPE,119,138
mdp.39015062317667,7,26,2,the Southern States,GPE,164,183
mdp.39015062317667,7,27,0,1910,DATE,32,36
mdp.39015062317667,7,27,1,States,GPE,60,66
mdp.39015062317667,7,28,0,between 1915 and 1920,DATE,37,58
mdp.39015062317667,9,0,0,Health Week,DATE,37,48
mdp.39015062317667,9,0,1,the Year,DATE,64,72
mdp.39015062317667,9,3,0,four,CARDINAL,73,77
mdp.39015062317667,9,15,0,daily,DATE,16,21
mdp.39015062317667,10,0,0,Health Week,DATE,37,48
mdp.39015062317667,10,1,0,3 ounces,QUANTITY,0,8
mdp.39015062317667,10,9,0,TWO,CARDINAL,0,3
mdp.39015062317667,10,10,0,3 ounces,QUANTITY,0,8
mdp.39015062317667,10,11,0,1 gallon,QUANTITY,11,19
mdp.39015062317667,10,14,0,1 gallon,QUANTITY,0,8
mdp.39015062317667,10,19,0,"90,000",CARDINAL,58,64
mdp.39015062317667,10,19,1,each year,DATE,90,99
mdp.39015062317667,10,19,2,United States,GPE,119,132
mdp.39015062317667,10,29,0,60 per cent,PERCENT,9,20
mdp.39015062317667,10,31,0,2,CARDINAL,1,2
mdp.39015062317667,11,0,0,Health Week,DATE,37,48
mdp.39015062317667,11,0,1,the Year,DATE,64,72
mdp.39015062317667,11,4,0,about 12 years,DATE,12,26
mdp.39015062317667,11,13,0,the late winter,DATE,38,53
mdp.39015062317667,11,14,0,one,CARDINAL,40,43
mdp.39015062317667,11,19,0,every year,DATE,29,39
mdp.39015062317667,11,22,0,3,CARDINAL,1,2
mdp.39015062317667,12,0,0,Health Week,DATE,37,48
mdp.39015062317667,12,0,1,the Year II,DATE,64,75
mdp.39015062317667,12,1,0,HYGIENE,PERSON,5,12
mdp.39015062317667,12,18,0,about 68 degrees Fahrenheit,QUANTITY,26,53
mdp.39015062317667,12,22,0,at least every month,DATE,42,62
mdp.39015062317667,12,23,0,at least one,CARDINAL,90,102
mdp.39015062317667,12,23,1,every day,DATE,119,128
mdp.39015062317667,12,26,0,3 months old,DATE,65,77
mdp.39015062317667,12,29,0,summer,DATE,97,103
mdp.39015062317667,13,0,0,Health Week,DATE,37,48
mdp.39015062317667,13,0,1,the Year,DATE,64,72
mdp.39015062317667,13,0,2,100,CARDINAL,82,85
mdp.39015062317667,13,0,3,25,CARDINAL,105,107
mdp.39015062317667,13,0,4,the first year,DATE,115,129
mdp.39015062317667,13,0,5,100,CARDINAL,148,151
mdp.39015062317667,13,0,6,only 6,CARDINAL,170,176
mdp.39015062317667,13,0,7,the first year,DATE,184,198
mdp.39015062317667,13,2,0,145° F.,QUANTITY,109,116
mdp.39015062317667,13,2,1,30 minutes,TIME,150,160
mdp.39015062317667,13,4,0,145° F.,QUANTITY,109,116
mdp.39015062317667,13,4,1,30 minutes,TIME,178,188
mdp.39015062317667,13,11,0,1,CARDINAL,37,38
mdp.39015062317667,13,12,0,2,CARDINAL,0,1
mdp.39015062317667,13,15,0,3,CARDINAL,0,1
mdp.39015062317667,13,16,0,4,CARDINAL,0,1
mdp.39015062317667,13,17,0,South,LOC,24,29
mdp.39015062317667,13,19,0,1,CARDINAL,58,59
mdp.39015062317667,13,20,0,2,CARDINAL,0,1
mdp.39015062317667,13,21,0,3,CARDINAL,0,1
mdp.39015062317667,13,23,0,5,CARDINAL,1,2
mdp.39015062317667,14,0,0,Health Week,DATE,37,48
mdp.39015062317667,14,0,1,the Year,DATE,64,72
mdp.39015062317667,14,4,0,2,CARDINAL,0,1
mdp.39015062317667,14,5,0,3,CARDINAL,0,1
mdp.39015062317667,14,6,0,4,CARDINAL,0,1
mdp.39015062317667,14,13,0,III,CARDINAL,0,3
mdp.39015062317667,14,20,0,3 and 4 years,DATE,26,39
mdp.39015062317667,14,20,1,more than one-seventh,CARDINAL,47,68
mdp.39015062317667,15,0,0,Health Week,DATE,37,48
mdp.39015062317667,15,0,1,the Year,DATE,64,72
mdp.39015062317667,15,4,0,a month,DATE,151,158
mdp.39015062317667,15,6,0,SCHICK,PERSON,4,10
mdp.39015062317667,15,7,0,A few years ago,DATE,0,15
mdp.39015062317667,15,8,0,Schick,PERSON,21,27
mdp.39015062317667,15,10,0,two or three days,DATE,38,55
mdp.39015062317667,15,13,0,three,CARDINAL,38,43
mdp.39015062317667,15,13,1,a week,DATE,62,68
mdp.39015062317667,15,15,0,years,DATE,25,30
mdp.39015062317667,15,16,0,Schick,PERSON,31,37
mdp.39015062317667,15,16,1,three,CARDINAL,136,141
mdp.39015062317667,15,17,0,only one,CARDINAL,14,22
mdp.39015062317667,16,0,0,Health Week,DATE,37,48
mdp.39015062317667,16,0,1,the Year,DATE,64,72
mdp.39015062317667,16,1,0,one,CARDINAL,69,72
mdp.39015062317667,16,9,0,1,CARDINAL,0,1
mdp.39015062317667,16,10,0,2,CARDINAL,0,1
mdp.39015062317667,16,11,0,3,CARDINAL,0,1
mdp.39015062317667,16,12,0,4,CARDINAL,0,1
mdp.39015062317667,16,14,0,5,CARDINAL,0,1
mdp.39015062317667,16,15,0,6,CARDINAL,0,1
mdp.39015062317667,16,17,0,7,CARDINAL,0,1
mdp.39015062317667,16,19,0,IV,CARDINAL,0,2
mdp.39015062317667,17,0,0,Health Week,DATE,37,48
mdp.39015062317667,17,0,1,the Year,DATE,64,72
mdp.39015062317667,17,10,0,every three years,DATE,39,56
mdp.39015062317667,17,12,0,Many thousands,CARDINAL,0,14
mdp.39015062317667,17,12,1,annually,DATE,30,38
mdp.39015062317667,17,15,0,every year,DATE,4,14
mdp.39015062317667,17,15,1,the United States,GPE,18,35
mdp.39015062317667,17,17,0,every five or seven years,DATE,76,101
mdp.39015062317667,17,20,0,each year,DATE,40,49
mdp.39015062317667,17,24,0,1,CARDINAL,0,1
mdp.39015062317667,17,25,0,2,CARDINAL,0,1
mdp.39015062317667,17,28,0,the United States,GPE,30,47
mdp.39015062317667,17,29,0,about 10 to 1,CARDINAL,74,87
mdp.39015062317667,17,30,0,"more than $200,000,000",MONEY,44,66
mdp.39015062317667,17,30,1,each year,DATE,81,90
mdp.39015062317667,18,0,0,Health Week,DATE,37,48
mdp.39015062317667,18,0,1,the Year,DATE,64,72
mdp.39015062317667,18,6,0,1,CARDINAL,367,368
mdp.39015062317667,18,7,0,2,CARDINAL,0,1
mdp.39015062317667,18,8,0,3,CARDINAL,0,1
mdp.39015062317667,18,10,0,1918,DATE,6,10
mdp.39015062317667,18,10,1,the Division of Venereal Diseases,ORG,17,50
mdp.39015062317667,18,10,2,the United States Public Health Service,ORG,54,93
mdp.39015062317667,18,10,3,the Interdepartmental Social Hygiene Board,ORG,98,140
mdp.39015062317667,18,10,4,millions of dollars,MONEY,159,178
mdp.39015062317667,18,10,5,the Federal Government,ORG,201,223
mdp.39015062317667,18,11,0,tens of thousands of dollars,MONEY,58,86
mdp.39015062317667,18,11,1,State,ORG,153,158
mdp.39015062317667,18,12,0,Great Britain,GPE,15,28
mdp.39015062317667,18,12,1,France,GPE,30,36
mdp.39015062317667,18,12,2,Germany,GPE,38,45
mdp.39015062317667,18,12,3,Italy,GPE,47,52
mdp.39015062317667,18,12,4,Belgium,GPE,54,61
mdp.39015062317667,18,12,5,millions of dollars,MONEY,76,95
mdp.39015062317667,18,13,0,Nation,ORG,27,33
mdp.39015062317667,18,20,0,Nation,ORG,4,10
mdp.39015062317667,19,0,0,MICHIGAN,GPE,14,22
mdp.39015062317667,19,1,0,UNITED STATES,ORG,0,13
mdp.39015062317667,19,3,0,U. S. Public Health Service,ORG,126,153
mdp.39015062317667,19,3,1,16 Seventh Street SW,FAC,155,175
mdp.39015062317667,19,3,2,Washington,GPE,178,188
mdp.39015062317667,19,3,3,D. C.,GPE,190,195
mdp.39015062317667,19,4,0,The Road to Health,WORK_OF_ART,35,53
mdp.39015062317667,19,4,1,1,CARDINAL,58,59
mdp.39015062317667,19,5,0,27,CARDINAL,24,26
mdp.39015062317667,19,5,1,3,CARDINAL,59,60
mdp.39015062317667,19,5,2,170,CARDINAL,92,95
mdp.39015062317667,19,6,0,6,CARDINAL,11,12
mdp.39015062317667,19,7,0,258,CARDINAL,93,96
mdp.39015062317667,19,8,0,4,CARDINAL,6,7
mdp.39015062317667,19,9,0,5,CARDINAL,54,55
mdp.39015062317667,19,10,0,260,CARDINAL,6,9
mdp.39015062317667,19,12,0,287,CARDINAL,58,61
mdp.39015062317667,19,14,0,21,CARDINAL,51,53
mdp.39015062317667,19,14,1,387,CARDINAL,56,59
mdp.39015062317667,19,15,0,31,CARDINAL,16,18
mdp.39015062317667,19,16,0,461,CARDINAL,15,18
mdp.39015062317667,19,17,0,42,CARDINAL,24,26
mdp.39015062317667,19,18,0,The New Science of Industrial PhysDisposal of Human Excreta,WORK_OF_ART,0,59
mdp.39015062317667,19,18,1,513,CARDINAL,77,80
mdp.39015062317667,19,19,0,68,CARDINAL,6,8
mdp.39015062317667,19,20,0,69,CARDINAL,59,61
mdp.39015062317667,19,21,0,532,CARDINAL,13,16
mdp.39015062317667,19,22,0,626,CARDINAL,48,51
mdp.39015062317667,19,23,0,70,CARDINAL,6,8
mdp.39015062317667,19,24,0,103,CARDINAL,50,53
mdp.39015062317667,19,25,0,655,CARDINAL,16,19
mdp.39015062317667,19,26,0,100,CARDINAL,21,24
mdp.39015062317667,19,27,0,48,CARDINAL,48,50
mdp.39015062317667,19,29,0,28,CARDINAL,56,58
mdp.39015062317667,19,30,0,1,CARDINAL,62,63
mdp.39015062317667,19,31,0,6,CARDINAL,13,14
mdp.39015062317667,19,33,0,10,CARDINAL,30,32
mdp.39015062317667,19,34,0,9,CARDINAL,28,29
mdp.39015062317667,19,35,0,Summer,DATE,0,6
mdp.39015062317667,19,35,1,16,CARDINAL,29,31
mdp.39015062317667,19,36,0,60,CARDINAL,29,31
mdp.39015062317667,19,36,1,32,CARDINAL,86,88
mdp.39015062317667,19,37,0,7,CARDINAL,93,94
mdp.39015062317667,19,38,0,514,CARDINAL,86,89
mdp.39015062317667,19,39,0,622,CARDINAL,53,56
mdp.39015062317667,19,40,0,554,CARDINAL,32,35
mdp.39015062317667,19,41,0,1,CARDINAL,14,15
mdp.39015062317667,19,41,1,4,CARDINAL,23,24
mdp.39015062317667,20,0,0,References for Health Information and Materials,ORG,1,48
mdp.39015062317667,20,0,1,1,CARDINAL,49,50
mdp.39015062317667,20,1,0,the United States Public Health Service,ORG,151,190
mdp.39015062317667,20,3,0,2,CARDINAL,0,1
mdp.39015062317667,20,4,0,the State Tuberculosis Association,ORG,90,124
mdp.39015062317667,20,4,1,the National Tuberculosis Association,ORG,128,165
mdp.39015062317667,20,4,2,New York City,GPE,169,182
mdp.39015062317667,20,5,0,3,CARDINAL,0,1
mdp.39015062317667,20,6,0,Bureau of Venereal Diseases,ORG,70,97
mdp.39015062317667,20,6,1,State Board of Health,ORG,99,120
mdp.39015062317667,20,6,2,6,CARDINAL,124,125
mdp.39015062317667,20,6,3,Division of Venereal Diseases,ORG,127,156
mdp.39015062317667,20,6,4,United States,GPE,158,171
mdp.39015062317667,20,6,5,"Washington, D. C.",GPE,195,212
mdp.39015062317667,20,7,0,American Social Hygiene Association,ORG,4,39
mdp.39015062317667,20,7,1,New York City,GPE,41,54
mdp.39015062317667,20,9,0,the Children's Bureau,ORG,99,120
mdp.39015062317667,20,9,1,Labor Department,ORG,122,138
mdp.39015062317667,20,9,2,"Washington, D. C.",GPE,140,157
mdp.39015062317667,20,9,3,the National Health Council,ORG,159,186
mdp.39015062317667,20,9,4,New York City,GPE,188,201
mdp.39015062317667,20,9,5,the National Child Welfare Association,ORG,207,245
mdp.39015062317667,20,9,6,New York City,GPE,247,260
mdp.39015062317667,20,10,0,5,CARDINAL,0,1
mdp.39015062317667,20,12,0,State Health Department,ORG,2,25
mdp.39015062317667,20,12,1,Florida,GPE,65,72
mdp.39015062317667,20,12,2,Jacksonville,GPE,77,89
mdp.39015062317667,20,12,3,Kentucky,GPE,91,99
mdp.39015062317667,20,12,4,Louisville,GPE,104,114
mdp.39015062317667,20,12,5,Louisiana,GPE,116,125
mdp.39015062317667,20,12,6,New Orleans,GPE,130,141
mdp.39015062317667,20,12,7,Maryland,GPE,143,151
mdp.39015062317667,20,12,8,Baltimore,GPE,156,165
mdp.39015062317667,20,12,9,Oregon,GPE,167,173
mdp.39015062317667,20,12,10,Portland,GPE,178,186
mdp.39015062317667,20,12,11,South Dakota,GPE,188,200
mdp.39015062317667,20,12,12,Waubay,GPE,205,211
mdp.39015062317667,20,12,13,Vermont,GPE,213,220
mdp.39015062317667,20,12,14,Burlington,GPE,225,235
mdp.39015062317667,20,12,15,Washington,GPE,241,251
mdp.39015062317667,20,12,16,Seattle,GPE,256,263
