vol_id,page,sentence_id,ent_id,entity,entity_type,start_char,end_char
mdp.39015007769451,1,0,0,38,CARDINAL,4,6
mdp.39015007769451,1,0,1,"467,139",CARDINAL,19,26
mdp.39015007769451,1,0,2,1938,DATE,86,90
mdp.39015007769451,4,0,0,1,CARDINAL,0,1
mdp.39015007769451,5,0,0,S. TANNER STAFFORD,PERSON,22,40
mdp.39015007769451,5,1,0,UNIVERSITY OF MICHIGAN,ORG,0,22
mdp.39015007769451,6,0,0,1,CARDINAL,2,3
mdp.39015007769451,7,1,0,Warren E. Forsythe,PERSON,58,76
mdp.39015007769451,7,2,0,John Sundwall,PERSON,85,98
mdp.39015007769451,7,2,1,Nathan Sinai,PERSON,104,116
mdp.39015007769451,7,2,2,Earl E. Kleinschmidt,PERSON,125,145
mdp.39015007769451,8,0,0,1,CARDINAL,2,3
mdp.39015007769451,8,0,1,1,CARDINAL,6,7
mdp.39015007769451,9,0,0,FOREWORD,PERSON,4,12
mdp.39015007769451,11,3,0,First,ORDINAL,35,40
mdp.39015007769451,11,3,1,United States,GPE,56,69
mdp.39015007769451,11,4,0,1st,ORDINAL,0,3
mdp.39015007769451,12,0,0,1,CARDINAL,0,1
mdp.39015007769451,12,0,1,1,CARDINAL,6,7
mdp.39015007769451,13,0,0,TODAY,DATE,122,127
mdp.39015007769451,13,0,1,16,CARDINAL,133,135
mdp.39015007769451,13,0,2,16,CARDINAL,136,138
mdp.39015007769451,13,1,0,26,CARDINAL,25,27
mdp.39015007769451,13,2,0,Southern States,NORP,0,15
mdp.39015007769451,13,2,1,Alpha Kappa Alpha Project,ORG,30,55
mdp.39015007769451,13,2,2,N.Y.C.,GPE,118,124
mdp.39015007769451,13,3,0,36 37,CARDINAL,57,62
mdp.39015007769451,13,4,0,37,CARDINAL,60,62
mdp.39015007769451,13,4,1,38,CARDINAL,63,65
mdp.39015007769451,14,0,0,1,CARDINAL,0,1
mdp.39015007769451,15,0,0,Between 1865-1872,DATE,411,428
mdp.39015007769451,15,0,1,the American Medical Association,ORG,505,537
mdp.39015007769451,15,1,0,30,CARDINAL,275,277
mdp.39015007769451,17,1,0,one-tenth,CARDINAL,20,29
mdp.39015007769451,17,1,1,the United States,GPE,51,68
mdp.39015007769451,17,2,0,Approximately three-quarters,CARDINAL,0,28
mdp.39015007769451,17,2,1,12 million,CARDINAL,38,48
mdp.39015007769451,17,2,2,Negroes,NORP,49,56
mdp.39015007769451,17,3,0,1,CARDINAL,101,102
mdp.39015007769451,17,3,1,54.16 Years,DATE,116,127
mdp.39015007769451,17,3,2,56.64,CARDINAL,128,133
mdp.39015007769451,17,3,3,44.25,CARDINAL,134,139
mdp.39015007769451,17,3,4,46.39,CARDINAL,140,145
mdp.39015007769451,17,3,5,ten years,DATE,165,174
mdp.39015007769451,17,3,6,twelve years,DATE,191,203
mdp.39015007769451,17,4,0,Gertrude E. Sturges,PERSON,301,320
mdp.39015007769451,19,0,0,20,CARDINAL,0,2
mdp.39015007769451,19,2,0,Negro,NORP,60,65
mdp.39015007769451,19,3,0,1933,DATE,3,7
mdp.39015007769451,19,4,0,five,CARDINAL,6,10
mdp.39015007769451,19,4,1,nearly sixty per cent,PERCENT,53,74
mdp.39015007769451,19,4,2,60%,PERCENT,76,79
mdp.39015007769451,19,4,3,Negro,NORP,88,93
mdp.39015007769451,19,6,0,Negro,NORP,88,93
mdp.39015007769451,19,6,1,pre-war days,DATE,115,127
mdp.39015007769451,19,7,0,recent years,DATE,131,143
mdp.39015007769451,19,8,0,Health of the Negro Metropolitan Life Ins. Co. Bulletin,WORK_OF_ART,18,73
mdp.39015007769451,19,8,1,"Oct. 27, '34",DATE,75,87
mdp.39015007769451,20,0,0,1,CARDINAL,0,1
mdp.39015007769451,21,0,0,3,CARDINAL,0,1
mdp.39015007769451,21,2,0,first,ORDINAL,51,56
mdp.39015007769451,21,3,0,Second,ORDINAL,0,6
mdp.39015007769451,21,4,0,Third,ORDINAL,0,5
mdp.39015007769451,21,4,1,the Freedmen's Eureau,ORG,47,68
mdp.39015007769451,21,5,0,Fourth,ORDINAL,0,6
mdp.39015007769451,21,5,1,fifth,ORDINAL,64,69
mdp.39015007769451,21,7,0,the United States,GPE,295,312
mdp.39015007769451,21,8,0,American,NORP,84,92
mdp.39015007769451,23,3,0,American,NORP,44,52
mdp.39015007769451,23,6,0,Negro Hospital;refers,ORG,11,32
mdp.39015007769451,25,0,0,Lazaretto,FAC,2,11
mdp.39015007769451,25,2,0,City-County,ORG,120,131
mdp.39015007769451,25,7,0,General Hospital,ORG,0,16
mdp.39015007769451,27,3,0,the early centuries,DATE,3,22
mdp.39015007769451,27,6,0,Chicago,GPE,75,82
mdp.39015007769451,27,6,1,1935,DATE,83,87
mdp.39015007769451,29,0,0,77,CARDINAL,0,2
mdp.39015007769451,29,8,0,4Micheal M. Davis,PERSON,0,17
mdp.39015007769451,29,8,1,1927,CARDINAL,69,73
mdp.39015007769451,31,0,0,the United States,GPE,5,22
mdp.39015007769451,31,0,1,Negro,NORP,28,33
mdp.39015007769451,31,0,2,the last seventyfive years,DATE,37,63
mdp.39015007769451,31,4,0,the United States,GPE,63,80
mdp.39015007769451,31,4,1,E. B. O'Callaghan,PERSON,93,110
mdp.39015007769451,31,4,2,New Netherland Register,WORK_OF_ART,120,143
mdp.39015007769451,31,5,0,Manhattan Island,LOC,36,52
mdp.39015007769451,31,5,1,1658,DATE,56,60
mdp.39015007769451,31,5,2,Hendricksen Varrenanger,PERSON,128,151
mdp.39015007769451,31,5,3,11,CARDINAL,206,208
mdp.39015007769451,31,5,4,West India Company,ORG,243,261
mdp.39015007769451,31,5,5,the early days,DATE,429,443
mdp.39015007769451,33,0,0,9 early days,DATE,0,12
mdp.39015007769451,33,1,0,Charleston,GPE,46,56
mdp.39015007769451,33,1,1,Angola,GPE,62,68
mdp.39015007769451,33,1,2,1736,DATE,72,76
mdp.39015007769451,33,1,3,250,CARDINAL,95,98
mdp.39015007769451,33,2,0,1749,DATE,3,7
mdp.39015007769451,33,3,0,Cockspur,GPE,32,40
mdp.39015007769451,33,4,0,Tybee,GPE,31,36
mdp.39015007769451,33,6,0,500,CARDINAL,74,77
mdp.39015007769451,33,6,1,6,CARDINAL,87,88
mdp.39015007769451,33,7,0,Augusta,GPE,139,146
mdp.39015007769451,33,7,1,Georgia,GPE,148,155
mdp.39015007769451,33,7,2,Henry Fraser Campbell,PERSON,208,229
mdp.39015007769451,33,7,3,the University of Georgia School of Medicine,ORG,233,277
mdp.39015007769451,33,8,0,1852,DATE,32,36
mdp.39015007769451,33,8,1,Negroes,NORP,66,73
mdp.39015007769451,33,9,0,1936,DATE,95,99
mdp.39015007769451,33,9,1,20,CARDINAL,106,108
mdp.39015007769451,33,10,0,326,CARDINAL,4,7
mdp.39015007769451,35,0,0,10,CARDINAL,0,2
mdp.39015007769451,35,0,1,fifty,CARDINAL,27,32
mdp.39015007769451,35,2,0,The Jackson Street Hospital,FAC,0,27
mdp.39015007769451,35,2,1,the Freedmen's Hospital,ORG,56,79
mdp.39015007769451,35,2,2,the Federal Government,ORG,100,122
mdp.39015007769451,35,2,3,the Freedmen's Bureau,ORG,149,170
mdp.39015007769451,35,3,0,1897,DATE,3,7
mdp.39015007769451,35,3,1,Lamar Hospital,FAC,9,23
mdp.39015007769451,35,3,2,Freedmen's Hospital,FAC,61,80
mdp.39015007769451,35,3,3,a few years,DATE,100,111
mdp.39015007769451,35,3,4,Lamar,FAC,122,127
mdp.39015007769451,35,3,5,the University Hospital,ORG,136,159
mdp.39015007769451,35,5,0,first,ORDINAL,28,33
mdp.39015007769451,35,5,1,Augusta,GPE,126,133
mdp.39015007769451,35,5,2,Georgia,GPE,135,142
mdp.39015007769451,35,5,3,the Civil War,EVENT,162,175
mdp.39015007769451,35,6,0,0. 0. Howard,PERSON,64,76
mdp.39015007769451,35,6,1,Freedmen's Bureau,ORG,105,122
mdp.39015007769451,35,7,0,Cecilia C.,PERSON,0,10
mdp.39015007769451,35,7,1,Fred Mettler,PERSON,13,25
mdp.39015007769451,35,7,2,the Annals of Medical History,WORK_OF_ART,58,87
mdp.39015007769451,35,7,3,University of Georgia,ORG,89,110
mdp.39015007769451,35,8,0,Paul S. Peirce,PERSON,0,14
mdp.39015007769451,35,8,1,Freedmen's Bureau--Univ. of Iowa--1904,ORG,16,54
mdp.39015007769451,37,0,0,First,ORDINAL,21,26
mdp.39015007769451,37,1,0,HENRY F. CAMPBELL,PERSON,9,26
mdp.39015007769451,37,1,1,the Medical College of Georgia,ORG,78,108
mdp.39015007769451,37,2,0,Joseph Krafka,PERSON,17,30
mdp.39015007769451,37,2,1,Jr. University of Georgia Medical School,ORG,32,72
mdp.39015007769451,38,0,0,1,CARDINAL,2,3
mdp.39015007769451,39,1,0,"The Act of March 3, 1865",LAW,0,24
mdp.39015007769451,39,1,1,the United States Congress,ORG,29,55
mdp.39015007769451,39,1,2,the Freedmen's Bureau,ORG,273,294
mdp.39015007769451,39,2,0,C. W. Horner,PERSON,8,20
mdp.39015007769451,39,2,1,first,ORDINAL,30,35
mdp.39015007769451,39,2,2,the summer of 1865,DATE,66,84
mdp.39015007769451,39,2,3,14,CARDINAL,86,88
mdp.39015007769451,39,2,4,3,CARDINAL,102,103
mdp.39015007769451,39,2,5,Lureau,ORG,146,152
mdp.39015007769451,39,3,0,the Medical Department of the Army,ORG,38,72
mdp.39015007769451,39,3,1,the Freedmen's Bureau,ORG,156,177
mdp.39015007769451,39,5,0,Bureau,ORG,114,120
mdp.39015007769451,39,6,0,the first year,DATE,7,21
mdp.39015007769451,39,7,0,the beginning of the fiscal year January 1966,DATE,5,50
mdp.39015007769451,39,7,1,"11,745,000",CARDINAL,52,62
mdp.39015007769451,39,7,2,Freedmen's Bureau,ORG,77,94
mdp.39015007769451,39,7,3,"10 500,000",CARDINAL,104,114
mdp.39015007769451,39,9,0,39th,ORDINAL,9,13
mdp.39015007769451,39,9,1,1st,ORDINAL,24,27
mdp.39015007769451,39,9,2,11,CARDINAL,49,51
mdp.39015007769451,41,0,0,one,CARDINAL,31,34
mdp.39015007769451,41,0,1,1865,DATE,143,147
mdp.39015007769451,41,1,0,Bureau,ORG,33,39
mdp.39015007769451,41,1,1,1866,DATE,43,47
mdp.39015007769451,41,2,0,Bureau,ORG,81,87
mdp.39015007769451,41,3,0,the following year,DATE,3,21
mdp.39015007769451,41,6,0,Bureau,ORG,80,86
mdp.39015007769451,41,6,1,one,CARDINAL,99,102
mdp.39015007769451,41,9,0,Bureau,ORG,23,29
mdp.39015007769451,41,9,1,September 1867,DATE,56,70
mdp.39015007769451,41,9,2,46,CARDINAL,87,89
mdp.39015007769451,41,9,3,13,CARDINAL,113,115
mdp.39015007769451,41,9,4,"5,292",CARDINAL,121,126
mdp.39015007769451,41,10,0,14,CARDINAL,115,117
mdp.39015007769451,41,10,1,15,CARDINAL,138,140
mdp.39015007769451,43,0,0,9 16,CARDINAL,150,154
mdp.39015007769451,43,0,1,10 5,CARDINAL,188,192
mdp.39015007769451,43,0,2,Alabama,GPE,193,200
mdp.39015007769451,43,0,3,North Carolina,GPE,219,233
mdp.39015007769451,43,0,4,Arkansas,GPE,234,242
mdp.39015007769451,43,0,5,Missouri,GPE,247,255
mdp.39015007769451,43,0,6,Mississippi,GPE,256,267
mdp.39015007769451,43,0,7,South Carolina,GPE,268,282
mdp.39015007769451,43,2,0,1870 1871,DATE,18,27
mdp.39015007769451,43,3,0,36,CARDINAL,204,206
mdp.39015007769451,43,3,1,Kentucky,GPE,245,253
mdp.39015007769451,43,3,2,Tennessee,GPE,258,267
mdp.39015007769451,43,3,3,Louisiana,GPE,268,277
mdp.39015007769451,43,3,4,Florida,GPE,278,285
mdp.39015007769451,43,3,5,Texas,GPE,286,291
mdp.39015007769451,43,6,0,Paul S. Peirce,PERSON,0,14
mdp.39015007769451,43,6,1,The Freedmen's Bureau,ORG,15,36
mdp.39015007769451,45,0,0,THE FREEDMEN'S BUREAU,ORG,85,106
mdp.39015007769451,45,0,1,46 9-1-166,CARDINAL,144,154
mdp.39015007769451,45,0,2,6-30-'69 to 10-11-170,DATE,213,234
mdp.39015007769451,47,0,0,the Federal Government,ORG,3,25
mdp.39015007769451,47,0,1,annual,DATE,34,40
mdp.39015007769451,47,0,2,"500,000",MONEY,59,66
mdp.39015007769451,47,0,3,the years 1866,DATE,71,85
mdp.39015007769451,47,0,4,1867,DATE,87,91
mdp.39015007769451,47,0,5,the succeeding years,DATE,100,120
mdp.39015007769451,47,2,0,1867,DATE,44,48
mdp.39015007769451,47,2,1,15 $2.73,MONEY,53,61
mdp.39015007769451,47,3,0,the Medical Department,ORG,43,65
mdp.39015007769451,47,3,1,Bureau,ORG,73,79
mdp.39015007769451,47,3,2,"2,000,000",MONEY,94,103
mdp.39015007769451,47,5,0,"517,505",CARDINAL,22,29
mdp.39015007769451,47,5,1,Bureau,ORG,79,85
mdp.39015007769451,47,6,0,16,CARDINAL,30,32
mdp.39015007769451,47,7,0,30%,PERCENT,43,46
mdp.39015007769451,47,7,1,prior to 1865,DATE,47,60
mdp.39015007769451,47,7,2,13%,PERCENT,64,67
mdp.39015007769451,47,7,3,1865,DATE,71,75
mdp.39015007769451,47,7,4,4.6%,PERCENT,79,83
mdp.39015007769451,47,7,5,1866,DATE,87,91
mdp.39015007769451,47,7,6,3.4%,PERCENT,96,100
mdp.39015007769451,47,7,7,1867,DATE,104,108
mdp.39015007769451,47,7,8,2.5%,PERCENT,113,117
mdp.39015007769451,47,7,9,1868,DATE,121,125
mdp.39015007769451,47,7,10,2.03%,PERCENT,130,135
mdp.39015007769451,47,7,11,1869,DATE,139,143
mdp.39015007769451,47,8,0,the last two or three years,DATE,7,34
mdp.39015007769451,47,8,1,9%,PERCENT,52,54
mdp.39015007769451,47,8,2,1870,DATE,58,62
mdp.39015007769451,47,8,3,8.5%,PERCENT,77,81
mdp.39015007769451,47,8,4,1871,DATE,85,89
mdp.39015007769451,47,8,5,16.7%,PERCENT,118,123
mdp.39015007769451,47,8,6,1872,DATE,127,131
mdp.39015007769451,47,9,0,Washington,GPE,209,219
mdp.39015007769451,47,11,0,39th,ORDINAL,9,13
mdp.39015007769451,47,11,1,2nd,ORDINAL,24,27
mdp.39015007769451,47,13,0,2nd,ORDINAL,24,27
mdp.39015007769451,47,14,0,17,CARDINAL,20,22
mdp.39015007769451,47,15,0,2nd,ORDINAL,24,27
mdp.39015007769451,47,16,0,17,CARDINAL,19,21
mdp.39015007769451,49,0,0,"NOVEMBER 1865 TO JUNE 30, 1872",DATE,59,89
mdp.39015007769451,49,0,1,11-1-'65 to 9-1-'66 9-1-'66 to 9-1-'67 9-1-'67 to 10-1-'68 10-1-'68 to 6-30-169,DATE,90,169
mdp.39015007769451,49,0,2,10-11-170,DATE,261,270
mdp.39015007769451,49,0,3,6-30-'71 6-30-71 to 6-30-'72 TOTALS,DATE,274,309
mdp.39015007769451,49,0,4,"1,657",CARDINAL,310,315
mdp.39015007769451,49,0,5,6-30-69 to 10-11-170,DATE,338,358
mdp.39015007769451,49,0,6,"THE YEARS 1865-1872 Jun. 1, '65 to 11-1-'65 11-1-'65 to 9-1-¹66 % of Freedmen",DATE,433,510
mdp.39015007769451,49,0,7,6-30-'69 2.03 1.42 6-30-'69 to 10-11-170,DATE,627,667
mdp.39015007769451,49,0,8,10-11-170 to 6-30-'71 8.5,DATE,674,699
mdp.39015007769451,49,0,9,6-30-71 to 6-30-172,DATE,702,721
mdp.39015007769451,51,0,0,18,CARDINAL,0,2
mdp.39015007769451,51,2,0,1.42,CARDINAL,76,80
mdp.39015007769451,51,2,1,1869,DATE,84,88
mdp.39015007769451,51,2,2,the last year,DATE,89,102
mdp.39015007769451,51,2,3,19,CARDINAL,103,105
mdp.39015007769451,51,3,0,"the Act of July,",LAW,20,36
mdp.39015007769451,51,3,1,October of that year,DATE,118,138
mdp.39015007769451,51,3,2,one-half.20,CARDINAL,170,181
mdp.39015007769451,51,3,3,"June, 1869",DATE,185,195
mdp.39015007769451,51,3,4,two,CARDINAL,200,203
mdp.39015007769451,51,3,5,one,CARDINAL,218,221
mdp.39015007769451,51,5,0,Bureau,ORG,25,31
mdp.39015007769451,51,5,1,the United States Government,ORG,103,131
mdp.39015007769451,51,6,0,Bureau,ORG,131,137
mdp.39015007769451,51,7,0,Bureau,ORG,70,76
mdp.39015007769451,51,7,1,the District of Columbia,GPE,150,174
mdp.39015007769451,51,8,0,VI,CARDINAL,12,14
mdp.39015007769451,51,8,1,19,CARDINAL,20,22
mdp.39015007769451,51,8,2,VII,CARDINAL,35,38
mdp.39015007769451,51,8,3,20,CARDINAL,44,46
mdp.39015007769451,51,8,4,VIII,CARDINAL,59,63
mdp.39015007769451,51,8,5,24,CARDINAL,69,71
mdp.39015007769451,53,0,0,THE AMERICAN MEDICAL ASSO,ORG,90,115
mdp.39015007769451,53,1,0,"MAR, 1938",DATE,1,10
mdp.39015007769451,55,0,0,20,CARDINAL,0,2
mdp.39015007769451,55,0,1,1932,CARDINAL,56,60
mdp.39015007769451,55,0,2,1Georgia,GPE,68,76
mdp.39015007769451,55,0,3,2Mississippi,GPE,77,89
mdp.39015007769451,55,0,4,3Alabama,GPE,90,98
mdp.39015007769451,55,0,5,"1,071,125",CARDINAL,126,135
mdp.39015007769451,55,0,6,"1,009,718",CARDINAL,141,150
mdp.39015007769451,55,0,7,"918,647",CARDINAL,184,191
mdp.39015007769451,55,0,8,5Texas,GPE,198,204
mdp.39015007769451,55,0,9,"854,964",CARDINAL,205,212
mdp.39015007769451,55,0,10,"793,681",CARDINAL,233,240
mdp.39015007769451,55,0,11,7Louisiana,GPE,245,255
mdp.39015007769451,55,0,12,"776,326",CARDINAL,256,263
mdp.39015007769451,55,0,13,8Virginia,GPE,267,276
mdp.39015007769451,55,0,14,9Arkansas,GPE,277,286
mdp.39015007769451,55,0,15,10Tennesse,GPE,287,297
mdp.39015007769451,55,0,16,11Florida,GPE,298,307
mdp.39015007769451,55,0,17,12Maryland,GPE,308,318
mdp.39015007769451,55,0,18,17Kentucky,GPE,319,329
mdp.39015007769451,55,0,19,"650,165",CARDINAL,330,337
mdp.39015007769451,55,0,20,20Oklahoma,GPE,402,412
mdp.39015007769451,55,0,21,"172,198",CARDINAL,413,420
mdp.39015007769451,55,0,22,D.C.,GPE,438,442
mdp.39015007769451,55,0,23,"132,068",CARDINAL,443,450
mdp.39015007769451,55,0,24,"9,328,975",CARDINAL,489,498
mdp.39015007769451,55,0,25,United States Department of Commerce,ORG,516,552
mdp.39015007769451,55,0,26,1920-1932pg,DATE,560,571
mdp.39015007769451,55,0,27,3,CARDINAL,573,574
mdp.39015007769451,55,0,28,Bureau of Annual Report,ORG,575,598
mdp.39015007769451,55,0,29,1937,DATE,600,604
mdp.39015007769451,57,1,0,the District of Columbia,GPE,3,27
mdp.39015007769451,57,1,1,Richmond,GPE,32,40
mdp.39015007769451,57,1,2,Virginia,GPE,42,50
mdp.39015007769451,57,2,0,two,CARDINAL,64,67
mdp.39015007769451,57,2,1,Richmond,GPE,195,203
mdp.39015007769451,57,2,2,Virginia,GPE,205,213
mdp.39015007769451,57,2,3,Washington,GPE,256,266
mdp.39015007769451,57,2,4,Bureau,ORG,287,293
mdp.39015007769451,57,2,5,"June 30, 1872",DATE,311,324
mdp.39015007769451,57,2,6,the department of,ORG,347,364
mdp.39015007769451,57,3,0,the Freedmen's Hospital,ORG,14,37
mdp.39015007769451,57,3,1,Negroes,NORP,106,113
mdp.39015007769451,57,4,0,Freedmen's Hospital,ORG,34,53
mdp.39015007769451,57,4,1,three,CARDINAL,85,90
mdp.39015007769451,57,4,2,4 acres,QUANTITY,112,119
mdp.39015007769451,57,5,0,Congresses,ORG,83,93
mdp.39015007769451,57,6,0,Congress,ORG,68,76
mdp.39015007769451,57,6,1,Hospital,ORG,92,100
mdp.39015007769451,57,7,0,Freedman's Hospital,ORG,0,19
mdp.39015007769451,59,0,0,22,CARDINAL,0,2
mdp.39015007769451,59,0,1,1937,CARDINAL,34,38
mdp.39015007769451,59,0,2,190,CARDINAL,55,58
mdp.39015007769451,59,0,3,"4,779",CARDINAL,76,81
mdp.39015007769451,59,0,4,514,CARDINAL,94,97
mdp.39015007769451,59,1,0,2,CARDINAL,17,18
mdp.39015007769451,59,1,1,"5,587",CARDINAL,39,44
mdp.39015007769451,59,1,2,"3,333",CARDINAL,52,57
mdp.39015007769451,59,1,3,4,CARDINAL,69,70
mdp.39015007769451,59,1,4,1899,CARDINAL,72,76
mdp.39015007769451,59,2,0,1,CARDINAL,0,1
mdp.39015007769451,59,2,1,32,CARDINAL,2,4
mdp.39015007769451,59,2,2,32 108,CARDINAL,30,36
mdp.39015007769451,59,2,3,all 40,CARDINAL,48,54
mdp.39015007769451,59,2,4,282,CARDINAL,55,58
mdp.39015007769451,59,5,0,1894,DATE,3,7
mdp.39015007769451,59,6,0,this year,DATE,7,16
mdp.39015007769451,61,2,0,"32,877",CARDINAL,153,159
mdp.39015007769451,61,2,1,the fiscal year 1937 22,DATE,186,209
mdp.39015007769451,61,2,2,sixteen,CARDINAL,217,224
mdp.39015007769451,61,3,0,Dept. of the Interior,ORG,17,38
mdp.39015007769451,61,3,1,"Mar. 28, 1938",DATE,65,78
mdp.39015007769451,63,0,0,24,CARDINAL,0,2
mdp.39015007769451,63,0,1,Alabama,GPE,138,145
mdp.39015007769451,63,0,2,Maryland,GPE,146,154
mdp.39015007769451,63,0,3,North Carolina,GPE,155,169
mdp.39015007769451,63,0,4,Oklahoma,GPE,170,178
mdp.39015007769451,63,0,5,Arkansas,GPE,179,187
mdp.39015007769451,63,0,6,Delaware,GPE,188,196
mdp.39015007769451,63,0,7,Michigan,GPE,197,205
mdp.39015007769451,63,0,8,Texas,GPE,206,211
mdp.39015007769451,63,0,9,Virginia,GPE,212,220
mdp.39015007769451,63,0,10,Missouri,GPE,221,229
mdp.39015007769451,63,0,11,New York,GPE,230,238
mdp.39015007769451,63,0,12,Alabama,GPE,239,246
mdp.39015007769451,63,0,13,Mt. Vernon,ORG,260,270
mdp.39015007769451,63,0,14,"1,637",CARDINAL,283,288
mdp.39015007769451,63,0,15,"1,310",CARDINAL,296,301
mdp.39015007769451,63,0,16,State Hosp,ORG,302,312
mdp.39015007769451,63,0,17,"2,150",CARDINAL,314,319
mdp.39015007769451,63,0,18,State Hosp,ORG,320,330
mdp.39015007769451,63,0,19,730,CARDINAL,336,339
mdp.39015007769451,63,2,0,40 83,CARDINAL,0,5
mdp.39015007769451,63,2,1,Fairview San,ORG,20,32
mdp.39015007769451,63,2,2,Jefferson County,GPE,33,49
mdp.39015007769451,63,2,3,Florence Home for Colored Girls,ORG,75,106
mdp.39015007769451,63,3,0,20 1.498,CARDINAL,27,35
mdp.39015007769451,63,3,1,U.S.,NORP,36,40
mdp.39015007769451,63,3,2,"7,799",CARDINAL,56,61
mdp.39015007769451,65,0,0,Alabama,GPE,114,121
mdp.39015007769451,65,0,1,John A. Andrew,PERSON,122,136
mdp.39015007769451,65,0,2,Maryland Provident,ORG,245,263
mdp.39015007769451,65,0,3,Missouri,GPE,268,276
mdp.39015007769451,65,0,4,North Carolina,GPE,329,343
mdp.39015007769451,65,0,5,Pennsylvania,GPE,400,412
mdp.39015007769451,65,0,6,Tennessee,GPE,413,422
mdp.39015007769451,65,0,7,George W. Hubbard,PERSON,433,450
mdp.39015007769451,65,0,8,Jour. of American Medical Association,WORK_OF_ART,465,502
mdp.39015007769451,67,0,0,26,CARDINAL,0,2
mdp.39015007769451,67,6,0,Negro,NORP,74,79
mdp.39015007769451,69,0,0,27,CARDINAL,0,2
mdp.39015007769451,69,0,1,Chicago,GPE,44,51
mdp.39015007769451,69,0,2,Philadelphia,GPE,53,65
mdp.39015007769451,69,0,3,New York,GPE,67,75
mdp.39015007769451,69,0,4,Detroit,GPE,80,87
mdp.39015007769451,69,2,0,Negro,NORP,37,42
mdp.39015007769451,69,4,0,St. Louis,GPE,0,9
mdp.39015007769451,69,4,1,Washington,GPE,11,21
mdp.39015007769451,69,4,2,D.C.,GPE,23,27
mdp.39015007769451,69,4,3,Kansas City,GPE,29,40
mdp.39015007769451,69,4,4,Mo.,GPE,42,45
mdp.39015007769451,69,4,5,Knoxville,GPE,47,56
mdp.39015007769451,69,4,6,Tenn.,GPE,58,63
mdp.39015007769451,69,4,7,Atlanta,GPE,65,72
mdp.39015007769451,69,4,8,Augusta,GPE,77,84
mdp.39015007769451,69,4,9,Georgia,GPE,86,93
mdp.39015007769451,69,4,10,Muskagee,GPE,95,103
mdp.39015007769451,69,4,11,Tulsa,GPE,108,113
mdp.39015007769451,69,4,12,Okla,GPE,115,119
mdp.39015007769451,69,4,13,Petersburg,GPE,121,131
mdp.39015007769451,69,4,14,Tampa,GPE,136,141
mdp.39015007769451,69,4,15,Florida,GPE,143,150
mdp.39015007769451,69,7,0,VI,CARDINAL,24,26
mdp.39015007769451,69,7,1,only 18,CARDINAL,40,47
mdp.39015007769451,70,0,0,1,CARDINAL,0,1
mdp.39015007769451,70,0,1,1,CARDINAL,4,5
mdp.39015007769451,71,0,0,28,CARDINAL,0,2
mdp.39015007769451,71,0,1,82,CARDINAL,17,19
mdp.39015007769451,71,0,2,Negroes,NORP,44,51
mdp.39015007769451,71,1,0,Peter M. Murray,PERSON,7,22
mdp.39015007769451,71,1,1,Howard University,ORG,35,52
mdp.39015007769451,71,1,2,the New York Hospital Survey Committee,ORG,67,105
mdp.39015007769451,71,1,3,1937,DATE,106,110
mdp.39015007769451,71,2,0,Negro,NORP,7,12
mdp.39015007769451,71,3,0,two,CARDINAL,38,41
mdp.39015007769451,71,3,1,Negro,NORP,66,71
mdp.39015007769451,71,3,2,the United States,GPE,87,104
mdp.39015007769451,71,3,3,Georgia,GPE,106,113
mdp.39015007769451,71,3,4,Mississippi,GPE,118,129
mdp.39015007769451,71,3,5,over one million,CARDINAL,140,156
mdp.39015007769451,71,5,0,Mississippi,GPE,41,52
mdp.39015007769451,71,5,1,only two,CARDINAL,112,120
mdp.39015007769451,71,5,2,75,CARDINAL,169,171
mdp.39015007769451,71,7,0,the Alpha Kappa Alpha,ORG,42,63
mdp.39015007769451,71,7,1,Negro,NORP,85,90
mdp.39015007769451,71,7,2,Hospital Provision for the Negro Race-American Hospital Association Bulletin--,WORK_OF_ART,132,210
mdp.39015007769451,71,7,3,July 1930,DATE,210,219
mdp.39015007769451,71,7,4,46,CARDINAL,226,228
mdp.39015007769451,71,7,5,24Jour of Amer. Medical Ass'n--,WORK_OF_ART,230,261
mdp.39015007769451,71,7,6,". 26, 1938",DATE,281,291
mdp.39015007769451,71,7,7,1013,CARDINAL,296,300
mdp.39015007769451,72,0,0,1,CARDINAL,0,1
mdp.39015007769451,73,0,0,29,CARDINAL,0,2
mdp.39015007769451,73,0,1,1934,DATE,12,16
mdp.39015007769451,73,0,2,The Mississippi Health Project,ORG,64,94
mdp.39015007769451,73,1,0,three years,DATE,4,15
mdp.39015007769451,73,2,0,1937,DATE,9,13
mdp.39015007769451,73,2,1,Dorothy Boulding Ferrebee,PERSON,47,72
mdp.39015007769451,73,2,2,The Mississippi Health Project,ORG,82,112
mdp.39015007769451,73,4,0,Negroes,NORP,122,129
mdp.39015007769451,73,4,1,Negroes,NORP,276,283
mdp.39015007769451,73,5,0,Mississippi,GPE,0,11
mdp.39015007769451,73,5,1,Georgia,GPE,16,23
mdp.39015007769451,73,7,0,North Carolina,GPE,0,14
mdp.39015007769451,73,8,0,VII,CARDINAL,11,14
mdp.39015007769451,74,0,0,1,CARDINAL,0,1
mdp.39015007769451,75,0,0,1938,DATE,72,76
mdp.39015007769451,75,0,1,Fla. A and M College,ORG,139,159
mdp.39015007769451,75,0,2,Montgomery Fraternity,ORG,163,184
mdp.39015007769451,75,0,3,Prarie View Hospital,ORG,188,208
mdp.39015007769451,75,0,4,Collins Chapel,ORG,212,226
mdp.39015007769451,75,0,5,Good Samaritan,ORG,265,279
mdp.39015007769451,75,0,6,Wheatley Provident,ORG,283,301
mdp.39015007769451,75,0,7,Waverly Fraternity,ORG,305,323
mdp.39015007769451,75,0,8,Good Samaritan,ORG,327,341
mdp.39015007769451,75,0,9,St. Agnes,ORG,364,373
mdp.39015007769451,75,0,10,John A. Andrew,PERSON,377,391
mdp.39015007769451,75,0,11,Lincoln,ORG,395,402
mdp.39015007769451,75,1,0,South Carolina,GPE,0,14
mdp.39015007769451,75,1,1,Florida,GPE,15,22
mdp.39015007769451,75,1,2,Alabama,GPE,23,30
mdp.39015007769451,75,1,3,Texas,GPE,31,36
mdp.39015007769451,75,1,4,Tennessee,GPE,37,46
mdp.39015007769451,75,1,5,North Carolina,GPE,47,61
mdp.39015007769451,75,1,6,Florida,GPE,62,69
mdp.39015007769451,75,1,7,South Carolina,GPE,70,84
mdp.39015007769451,75,1,8,Missouri,GPE,85,93
mdp.39015007769451,75,1,9,South Carolina,GPE,94,108
mdp.39015007769451,75,1,10,North Carolina,GPE,109,123
mdp.39015007769451,75,1,11,Louisiana,GPE,124,133
mdp.39015007769451,75,1,12,North Carolina,GPE,134,148
mdp.39015007769451,75,1,13,Alabama,GPE,149,156
mdp.39015007769451,75,1,14,North Carolina,GPE,157,171
mdp.39015007769451,75,1,15,Pennsylvania,GPE,172,184
mdp.39015007769451,75,1,16,Maryland,GPE,185,193
mdp.39015007769451,75,1,17,St. Marys,GPE,194,203
mdp.39015007769451,75,1,18,Missouri,GPE,208,216
mdp.39015007769451,75,1,19,Illinois,GPE,231,239
mdp.39015007769451,75,1,20,Kansas City,GPE,260,271
mdp.39015007769451,75,1,21,Homer G. Phillips,PERSON,298,315
mdp.39015007769451,75,1,22,Tennessee,GPE,335,344
mdp.39015007769451,75,1,23,Missouri,GPE,345,353
mdp.39015007769451,75,1,24,Missouri,GPE,372,380
mdp.39015007769451,75,1,25,Virginia,GPE,381,389
mdp.39015007769451,77,2,0,VIII,CARDINAL,11,15
mdp.39015007769451,77,4,0,four,CARDINAL,19,23
mdp.39015007769451,77,7,0,the Negro Hospital,ORG,14,32
mdp.39015007769451,77,10,0,29,CARDINAL,15,17
mdp.39015007769451,79,1,0,the American Medical Association,ORG,18,50
mdp.39015007769451,79,3,0,only fourteen,CARDINAL,43,56
mdp.39015007769451,79,4,0,Missouri,GPE,16,24
mdp.39015007769451,79,4,1,three,CARDINAL,51,56
mdp.39015007769451,79,4,2,1062,CARDINAL,101,105
mdp.39015007769451,79,4,3,North Carolina,GPE,107,121
mdp.39015007769451,79,4,4,three,CARDINAL,127,132
mdp.39015007769451,79,4,5,249,CARDINAL,175,178
mdp.39015007769451,79,5,0,Two,CARDINAL,0,3
mdp.39015007769451,79,5,1,Illinois,GPE,21,29
mdp.39015007769451,79,5,2,one,CARDINAL,36,39
mdp.39015007769451,79,5,3,144,CARDINAL,52,55
mdp.39015007769451,79,5,4,Pennsylvania,GPE,66,78
mdp.39015007769451,79,5,5,one,CARDINAL,84,87
mdp.39015007769451,79,5,6,100,CARDINAL,100,103
mdp.39015007769451,79,6,0,more than one hundred,CARDINAL,42,63
mdp.39015007769451,79,7,0,less than 75 1126,CARDINAL,23,40
mdp.39015007769451,79,7,1,June of this year,DATE,60,77
mdp.39015007769451,79,8,0,Negroes,NORP,82,89
mdp.39015007769451,79,8,1,Northern Medical,ORG,93,109
mdp.39015007769451,79,8,2,B.C.H. Harvey,PERSON,167,180
mdp.39015007769451,79,8,3,the University of Chicago,ORG,210,235
mdp.39015007769451,79,8,4,27,CARDINAL,334,336
mdp.39015007769451,79,9,0,Jan. 1938,DATE,120,129
mdp.39015007769451,79,9,1,Apr. 1930,DATE,174,183
mdp.39015007769451,79,9,2,39,CARDINAL,189,191
mdp.39015007769451,79,9,3,40,CARDINAL,192,194
mdp.39015007769451,81,0,0,Negro,NORP,15,20
mdp.39015007769451,81,1,0,the American Medical Association,ORG,23,55
mdp.39015007769451,81,2,0,but twenty-four,CARDINAL,22,37
mdp.39015007769451,81,2,1,Negro,NORP,76,81
mdp.39015007769451,81,4,0,daily,DATE,125,130
mdp.39015007769451,81,7,0,Negro,NORP,35,40
mdp.39015007769451,81,9,0,fourth,ORDINAL,0,6
mdp.39015007769451,83,2,0,Negroes,NORP,76,83
mdp.39015007769451,85,1,0,Negroes,NORP,101,108
mdp.39015007769451,85,1,1,Negro,NORP,125,130
mdp.39015007769451,85,1,2,New York City,GPE,154,167
mdp.39015007769451,85,3,0,the Hospital Survey for New York,WORK_OF_ART,3,35
mdp.39015007769451,85,3,1,Haven Emerson,PERSON,50,63
mdp.39015007769451,85,3,2,1937,DATE,67,71
mdp.39015007769451,85,3,3,Negroes,NORP,80,87
mdp.39015007769451,85,3,4,93,CARDINAL,198,200
mdp.39015007769451,85,3,5,13,CARDINAL,263,265
mdp.39015007769451,85,3,6,Negroes,NORP,280,287
mdp.39015007769451,85,3,7,4,CARDINAL,310,311
mdp.39015007769451,85,3,8,2,CARDINAL,376,377
mdp.39015007769451,85,4,0,About three-fourths,CARDINAL,0,19
mdp.39015007769451,85,4,1,74.0 percent,PERCENT,21,33
mdp.39015007769451,85,4,2,"40,567",CARDINAL,42,48
mdp.39015007769451,85,4,3,Negroes,NORP,49,56
mdp.39015007769451,85,4,4,30,CARDINAL,73,75
mdp.39015007769451,85,4,5,New York City,GPE,102,115
mdp.39015007769451,85,4,6,1933,DATE,119,123
mdp.39015007769451,85,4,7,about one-fourth,CARDINAL,170,186
mdp.39015007769451,85,4,8,26.0 percent,PERCENT,205,217
mdp.39015007769451,85,5,0,Harlem,GPE,23,29
mdp.39015007769451,85,5,1,two,CARDINAL,34,37
mdp.39015007769451,85,5,2,Colored,ORG,82,89
mdp.39015007769451,85,6,0,Harlem,FAC,0,6
mdp.39015007769451,85,6,1,Lincoln Hospitals,ORG,11,28
mdp.39015007769451,85,7,0,543,CARDINAL,68,71
mdp.39015007769451,85,7,1,331,CARDINAL,97,100
mdp.39015007769451,87,1,0,New York,GPE,62,70
mdp.39015007769451,87,2,0,90%,PERCENT,14,17
mdp.39015007769451,87,3,0,Negro,NORP,49,54
mdp.39015007769451,87,3,1,Negroes,NORP,137,144
mdp.39015007769451,87,3,2,Harlem Hospital,ORG,163,178
mdp.39015007769451,87,4,0,Lincoln Hospital,ORG,0,16
mdp.39015007769451,87,5,0,The National Hospital Association,ORG,0,33
mdp.39015007769451,87,5,1,1923,DATE,51,55
mdp.39015007769451,87,5,2,the National Medical Association,ORG,83,115
mdp.39015007769451,87,7,0,Negroes,NORP,172,179
mdp.39015007769451,87,8,0,annual,DATE,21,27
mdp.39015007769451,87,9,0,the American Hospital Asso(See,ORG,23,53
mdp.39015007769451,89,0,0,as much as one-tenth,CARDINAL,47,67
mdp.39015007769451,89,0,1,the United States,GPE,89,106
mdp.39015007769451,89,0,2,ten to twelve years,DATE,140,159
mdp.39015007769451,89,2,0,Negroes,NORP,94,101
mdp.39015007769451,89,4,0,the Civil War,EVENT,17,30
mdp.39015007769451,89,4,1,the Freedmen's Bureau Medical division,ORG,54,92
mdp.39015007769451,89,5,0,only one-fourth,CARDINAL,177,192
mdp.39015007769451,89,6,0,two,CARDINAL,5,8
mdp.39015007769451,89,6,1,Negro,NORP,33,38
mdp.39015007769451,91,0,0,three,CARDINAL,80,85
mdp.39015007769451,91,1,0,New York City,GPE,18,31
mdp.39015007769451,91,1,1,two,CARDINAL,61,64
mdp.39015007769451,91,1,2,Legro,LOC,143,148
mdp.39015007769451,91,1,3,about 90%,PERCENT,181,190
mdp.39015007769451,91,1,4,one,CARDINAL,204,207
mdp.39015007769451,91,2,0,Negroes,NORP,37,44
mdp.39015007769451,91,2,1,1923,DATE,73,77
mdp.39015007769451,91,2,2,the National Hospital Association,ORG,136,169
mdp.39015007769451,91,2,3,the National Medical Association,ORG,186,218
mdp.39015007769451,91,5,0,Negro,NORP,8,13
mdp.39015007769451,93,1,0,4Seventy years ago,DATE,0,18
mdp.39015007769451,93,1,1,Freedmen,NORP,135,143
mdp.39015007769451,93,2,0,today,DATE,79,84
mdp.39015007769451,93,3,0,the Alpha Kappa Alpha Sorority,ORG,67,97
mdp.39015007769451,93,3,1,Mississippi,GPE,101,112
mdp.39015007769451,93,4,0,Negro,NORP,74,79
mdp.39015007769451,95,0,0,1E.H.L. Corwin,PERSON,16,30
mdp.39015007769451,95,0,1,Gertrude E. Sturges,PERSON,33,52
mdp.39015007769451,95,0,2,I. Dublin,PERSON,128,137
mdp.39015007769451,95,0,3,Oct. 27,DATE,196,203
mdp.39015007769451,95,0,4,134,CARDINAL,205,208
mdp.39015007769451,95,1,0,3Malcom T. Kacchern,PERSON,0,19
mdp.39015007769451,95,1,1,1935,DATE,83,87
mdp.39015007769451,95,1,2,4Micheal M. Davis,PERSON,93,110
mdp.39015007769451,95,1,3,Medical Proctice in Hospital & Clinic,WORK_OF_ART,112,149
mdp.39015007769451,95,1,4,Harper Dro,ORG,151,161
mdp.39015007769451,95,1,5,1927,DATE,163,167
mdp.39015007769451,95,1,6,5W. Gill Wylie,PERSON,175,189
mdp.39015007769451,95,1,7,D. Appleton and Co.,ORG,247,266
mdp.39015007769451,95,1,8,1377,CARDINAL,267,271
mdp.39015007769451,95,2,0,Krofka,PERSON,8,14
mdp.39015007769451,95,2,1,1936,DATE,79,83
mdp.39015007769451,95,2,2,20,CARDINAL,90,92
mdp.39015007769451,95,3,0,326,CARDINAL,4,7
mdp.39015007769451,95,4,0,7Cecilia C.,PERSON,0,11
mdp.39015007769451,95,4,1,Fred Mettler,PERSON,14,26
mdp.39015007769451,95,4,2,the Annals of Medical History,WORK_OF_ART,59,88
mdp.39015007769451,95,4,3,University of Georgia,ORG,90,111
mdp.39015007769451,95,5,0,Freedmen's Bureau--Univ. of Iowa-1904,ORG,17,54
mdp.39015007769451,95,5,1,1,CARDINAL,59,60
mdp.39015007769451,95,7,0,1st,ORDINAL,24,27
mdp.39015007769451,95,7,1,11,CARDINAL,48,50
mdp.39015007769451,95,10,0,2nd,ORDINAL,20,23
mdp.39015007769451,95,10,1,1,CARDINAL,43,44
mdp.39015007769451,95,10,2,725,CARDINAL,49,52
mdp.39015007769451,95,13,0,2nd,ORDINAL,20,23
mdp.39015007769451,95,13,1,1,CARDINAL,43,44
mdp.39015007769451,95,13,2,639,CARDINAL,49,52
mdp.39015007769451,95,15,0,41st,ORDINAL,9,13
mdp.39015007769451,95,15,1,2nd,ORDINAL,24,27
mdp.39015007769451,95,15,2,142,CARDINAL,47,50
mdp.39015007769451,95,15,3,17,CARDINAL,55,57
mdp.39015007769451,95,16,0,"Mar. 28, 1938",DATE,64,77
mdp.39015007769451,95,17,0,July 1930,DATE,103,112
mdp.39015007769451,95,17,1,37,CARDINAL,117,119
mdp.39015007769451,95,17,2,46,CARDINAL,120,122
mdp.39015007769451,97,0,0,". 26, 1938",DATE,55,65
mdp.39015007769451,97,2,0,Jan. 1933,DATE,70,79
mdp.39015007769451,97,3,0,the American Hospital Ass'n,ORG,14,41
mdp.39015007769451,97,3,1,Apr. 1930,DATE,43,52
mdp.39015007769451,97,4,0,23,CARDINAL,85,87
mdp.39015007769451,97,5,0,Department of Commerce Bureau of Census--1920,ORG,16,61
mdp.39015007769451,97,6,0,Duke hospital,ORG,26,39
mdp.39015007769451,97,7,0,H. Walsh,PERSON,6,14
mdp.39015007769451,97,7,1,52,CARDINAL,119,121
mdp.39015007769451,97,7,2,Chicago,GPE,172,179
mdp.39015007769451,97,7,3,Illinois,GPE,181,189
mdp.39015007769451,97,8,0,"April 20, 1929",DATE,42,56
mdp.39015007769451,97,8,1,1375,CARDINAL,62,66
mdp.39015007769451,97,9,0,Investigation of Negro Hospitals,WORK_OF_ART,1,33
mdp.39015007769451,99,0,0,42,CARDINAL,0,2
mdp.39015007769451,99,0,1,the American Medical Association,ORG,47,79
mdp.39015007769451,99,0,2,1937,DATE,81,85
mdp.39015007769451,99,1,0,the National Hospital Association,ORG,41,74
mdp.39015007769451,101,0,0,43,CARDINAL,0,2
mdp.39015007769451,101,0,1,Alabama,GPE,9,16
mdp.39015007769451,101,0,2,Mobile,GPE,17,23
mdp.39015007769451,101,0,3,Selma,GPE,24,29
mdp.39015007769451,101,0,4,Tuskegee Selma,GPE,30,44
mdp.39015007769451,101,0,5,Tuskegee,GPE,45,53
mdp.39015007769451,101,0,6,Birmingham,GPE,54,64
mdp.39015007769451,101,0,7,Mt. Vernon,GPE,65,75
mdp.39015007769451,101,0,8,John Andrew,PERSON,117,128
mdp.39015007769451,101,2,0,1637,CARDINAL,6,10
mdp.39015007769451,101,2,1,Montgomery,GPE,58,68
mdp.39015007769451,101,2,2,Montgomery,GPE,69,79
mdp.39015007769451,101,3,0,Talladega,GPE,0,9
mdp.39015007769451,101,3,1,Arizona,GPE,27,34
mdp.39015007769451,101,3,2,Phoenix,GPE,35,42
mdp.39015007769451,101,3,3,B.T. Washington,GPE,43,58
mdp.39015007769451,101,3,4,Mem.,GPE,59,63
mdp.39015007769451,101,4,0,Arkansas,GPE,0,8
mdp.39015007769451,101,5,0,Alexander McRae,PERSON,0,15
mdp.39015007769451,101,5,1,San.,GPE,21,25
mdp.39015007769451,101,5,2,Delaware,GPE,26,34
mdp.39015007769451,101,5,3,Marshallton,GPE,35,46
mdp.39015007769451,101,5,4,Ind.,GPE,47,51
mdp.39015007769451,101,5,5,Ind.,GPE,71,75
mdp.39015007769451,101,5,6,Edgewood San.,GPE,93,106
mdp.39015007769451,101,6,0,T.B. State,GPE,0,10
mdp.39015007769451,101,6,1,District of Columbia,GPE,14,34
mdp.39015007769451,101,6,2,Carson,GPE,35,41
mdp.39015007769451,101,6,3,Florida,GPE,103,110
mdp.39015007769451,101,6,4,Jacksonville Petersburg,GPE,111,134
mdp.39015007769451,101,6,5,Tampa,GPE,135,140
mdp.39015007769451,101,6,6,Negro Hospital City,ORG,184,203
mdp.39015007769451,101,6,7,West Palm Beach,GPE,207,222
mdp.39015007769451,101,6,8,Pine Ridge N.P.A.,ORG,223,240
mdp.39015007769451,101,6,9,Miami,GPE,244,249
mdp.39015007769451,101,6,10,Palatka,GPE,250,257
mdp.39015007769451,101,6,11,Tallahassee,GPE,258,269
mdp.39015007769451,101,6,12,Mary Lawson,PERSON,290,301
mdp.39015007769451,101,6,13,Fla. A & M. Col. State,ORG,310,332
mdp.39015007769451,101,7,0,Georgia,GPE,0,7
mdp.39015007769451,101,7,1,Atlanta,GPE,8,15
mdp.39015007769451,101,7,2,Augusta,GPE,16,23
mdp.39015007769451,101,7,3,Macon,GPE,24,29
mdp.39015007769451,101,7,4,Savannah,GPE,30,38
mdp.39015007769451,101,7,5,Savannah,GPE,39,47
mdp.39015007769451,101,7,6,Statesboro,GPE,48,58
mdp.39015007769451,101,7,7,Grady Hosp. Unit,ORG,59,75
mdp.39015007769451,101,7,8,Lamar Wing,PERSON,93,103
mdp.39015007769451,101,7,9,Univ. Hosp. City,ORG,107,123
mdp.39015007769451,101,8,0,St. Luke,ORG,0,8
mdp.39015007769451,101,8,1,Charity Gen N.P.A.,ORG,22,40
mdp.39015007769451,101,8,2,Georgia Infirmary N.P.A.,ORG,44,68
mdp.39015007769451,101,8,3,Van Buren's San. Ind.,ORG,72,93
mdp.39015007769451,101,8,4,Atlanta,GPE,122,129
mdp.39015007769451,101,8,5,Dwelle's Infirmary Ind.,ORG,130,153
mdp.39015007769451,101,8,6,Atlanta,GPE,157,164
mdp.39015007769451,101,8,7,Illinois,GPE,228,236
mdp.39015007769451,101,8,8,Chicago,GPE,237,244
mdp.39015007769451,101,8,9,Evanston Community Hospital N.P.A.,ORG,271,305
mdp.39015007769451,101,8,10,21 165,CARDINAL,306,312
mdp.39015007769451,103,0,0,Indiana,GPE,9,16
mdp.39015007769451,103,0,1,Gary,GPE,17,21
mdp.39015007769451,103,1,0,St. John,ORG,0,8
mdp.39015007769451,103,1,1,Kansas Kansas City,GPE,23,41
mdp.39015007769451,103,1,2,25,CARDINAL,57,59
mdp.39015007769451,103,1,3,Kentucky,GPE,60,68
mdp.39015007769451,103,1,4,Louisville,GPE,69,79
mdp.39015007769451,103,1,5,Red Cross Hosp.,ORG,80,95
mdp.39015007769451,103,1,6,Louisana,GPE,111,119
mdp.39015007769451,103,1,7,New Orleans,GPE,120,131
mdp.39015007769451,103,1,8,Flint-Goodridge Gen. N.P.A.,ORG,132,159
mdp.39015007769451,103,1,9,Maryland,GPE,163,171
mdp.39015007769451,103,1,10,Baltimore,GPE,172,181
mdp.39015007769451,103,1,11,Baltimore,GPE,182,191
mdp.39015007769451,103,1,12,Good Shepherd Gen. Corp.,ORG,192,216
mdp.39015007769451,103,1,13,50,CARDINAL,217,219
mdp.39015007769451,103,1,14,Provident Hosp.,ORG,220,235
mdp.39015007769451,103,1,15,Crownsville,GPE,272,283
mdp.39015007769451,103,3,0,1310,DATE,6,10
mdp.39015007769451,103,3,1,Henryton,GPE,11,19
mdp.39015007769451,103,4,0,State,GPE,0,5
mdp.39015007769451,103,4,1,226,CARDINAL,6,9
mdp.39015007769451,103,4,2,Michigan,GPE,10,18
mdp.39015007769451,103,4,3,Detroit,GPE,19,26
mdp.39015007769451,103,4,4,Bethesda T.B. N.P.A.,ORG,27,47
mdp.39015007769451,103,4,5,83,DATE,48,50
mdp.39015007769451,103,4,6,Detroit,GPE,51,58
mdp.39015007769451,103,4,7,Edyth,GPE,59,64
mdp.39015007769451,103,4,8,K. Thomas Gen. N.P.A.,ORG,65,86
mdp.39015007769451,103,4,9,45,DATE,87,89
mdp.39015007769451,103,4,10,Detroit,GPE,90,97
mdp.39015007769451,103,4,11,Fairview Sa.,ORG,98,110
mdp.39015007769451,103,4,12,66,CARDINAL,123,125
mdp.39015007769451,103,4,13,Detroit,GPE,126,133
mdp.39015007769451,103,4,14,Detroit,GPE,162,169
mdp.39015007769451,103,4,15,Parkside Gen. N.P.A.,ORG,170,190
mdp.39015007769451,103,4,16,Detroit,GPE,194,201
mdp.39015007769451,103,4,17,St. Aubin Gen. Corp.,ORG,202,222
mdp.39015007769451,103,4,18,Detroit,GPE,226,233
mdp.39015007769451,103,4,19,Trinity Gen. N.P.A.,ORG,234,253
mdp.39015007769451,103,4,20,Detroit,GPE,278,285
mdp.39015007769451,103,4,21,46,CARDINAL,302,304
mdp.39015007769451,103,4,22,Mississippi,GPE,305,316
mdp.39015007769451,103,4,23,Greenville,GPE,343,353
mdp.39015007769451,103,4,24,Washington,GPE,354,364
mdp.39015007769451,103,4,25,Missouri,GPE,445,453
mdp.39015007769451,103,4,26,Kansas City,GPE,454,465
mdp.39015007769451,103,4,27,Kansas City,GPE,486,497
mdp.39015007769451,103,4,28,St. Louis,GPE,531,540
mdp.39015007769451,103,4,29,St. Louis,GPE,541,550
mdp.39015007769451,103,4,30,St. Louis,GPE,551,560
mdp.39015007769451,103,4,31,H.G. Phillips,PERSON,561,574
mdp.39015007769451,103,4,32,St. Mary's Gen. Church,ORG,612,634
mdp.39015007769451,103,4,33,130 1179,CARDINAL,635,643
mdp.39015007769451,103,5,0,Kansas City,GPE,21,32
mdp.39015007769451,103,5,1,Florence,GPE,33,41
mdp.39015007769451,103,5,2,Home for Maternity N.P.A.,ORG,42,67
mdp.39015007769451,103,5,3,52,CARDINAL,68,70
mdp.39015007769451,103,5,4,New Jersey,GPE,123,133
mdp.39015007769451,103,5,5,Newark,GPE,134,140
mdp.39015007769451,103,5,6,New York,GPE,166,174
mdp.39015007769451,103,5,7,Harlem Hosp,ORG,175,186
mdp.39015007769451,105,0,0,45,CARDINAL,0,2
mdp.39015007769451,105,1,0,North Carolina,GPE,0,14
mdp.39015007769451,105,1,1,Charlotte,GPE,15,24
mdp.39015007769451,105,1,2,Durham,GPE,25,31
mdp.39015007769451,105,1,3,Chruch,PERSON,52,58
mdp.39015007769451,105,1,4,Lincoln Hosp.,ORG,62,75
mdp.39015007769451,105,1,5,Goldsboro State Hosp,ORG,91,111
mdp.39015007769451,105,1,6,"2,150",CARDINAL,118,123
mdp.39015007769451,105,2,0,"1,919",CARDINAL,0,5
mdp.39015007769451,105,2,1,Greensboro,GPE,6,16
mdp.39015007769451,105,2,2,Henderson Jubilee Hosp,ORG,50,72
mdp.39015007769451,105,3,0,Church,PERSON,5,11
mdp.39015007769451,105,3,1,Raleigh St. Agnes Hosp,ORG,15,37
mdp.39015007769451,105,3,2,Church,PERSON,44,50
mdp.39015007769451,105,3,3,Wilmington Community Hosp,ORG,54,79
mdp.39015007769451,105,4,0,City Ctoy,PERSON,5,14
mdp.39015007769451,105,4,1,26,CARDINAL,15,17
mdp.39015007769451,105,5,0,Monroe Quality Hill,ORG,21,40
mdp.39015007769451,105,5,1,Ind.,GPE,51,55
mdp.39015007769451,105,5,2,Raleigh McCauley Private Ind.,ORG,59,88
mdp.39015007769451,105,5,3,Wilson Mercy Hosp,ORG,92,109
mdp.39015007769451,105,7,0,Ohio,GPE,19,23
mdp.39015007769451,105,7,1,Oklahoma,GPE,29,37
mdp.39015007769451,105,7,2,Muskogee Provident Hosp,ORG,38,61
mdp.39015007769451,105,8,0,20,CARDINAL,10,12
mdp.39015007769451,105,8,1,Okla.,GPE,13,18
mdp.39015007769451,105,8,2,Great Western Hosp,ORG,24,42
mdp.39015007769451,105,9,0,Okmulgee City,GPE,14,27
mdp.39015007769451,105,9,1,Colored Hosp,ORG,28,40
mdp.39015007769451,105,10,0,Muskogee State Hospital for Men,ORG,13,44
mdp.39015007769451,105,10,1,Tul sa Municipal Hosp,ORG,90,111
mdp.39015007769451,105,11,0,Pennsylvania,GPE,0,12
mdp.39015007769451,105,11,1,Philadelphia,GPE,13,25
mdp.39015007769451,105,11,2,Philadelphia,GPE,26,38
mdp.39015007769451,105,11,3,Fred Douglass,PERSON,39,52
mdp.39015007769451,105,12,0,South Carolina,GPE,40,54
mdp.39015007769451,105,12,1,Columbia,GPE,55,63
mdp.39015007769451,105,12,2,Columbia,GPE,64,72
mdp.39015007769451,105,12,3,Greenville,GPE,73,83
mdp.39015007769451,105,12,4,Greenwood State Park,FAC,84,104
mdp.39015007769451,105,12,5,Summerville,GPE,105,116
mdp.39015007769451,105,12,6,Working Benevolent,ORG,179,197
mdp.39015007769451,105,13,0,Brewer Hosp.,ORG,0,12
mdp.39015007769451,105,13,1,Palmetto San Unit of S.C. San,ORG,27,56
mdp.39015007769451,105,14,0,Arthur B. Lee,PERSON,0,13
mdp.39015007769451,105,14,1,Tennessee,GPE,33,42
mdp.39015007769451,105,14,2,Clarksville,GPE,43,54
mdp.39015007769451,105,14,3,Clarksville,GPE,55,66
mdp.39015007769451,105,14,4,Infirmary Memphis,ORG,85,102
mdp.39015007769451,105,14,5,Collins Chapel,ORG,103,117
mdp.39015007769451,105,14,6,Connectional Hosp,ORG,133,150
mdp.39015007769451,105,15,0,Nashville,GPE,0,9
mdp.39015007769451,105,15,1,Meharry,GPE,51,58
mdp.39015007769451,105,15,2,Nashville,GPE,59,68
mdp.39015007769451,105,15,3,Millie E. Hale,PERSON,69,83
mdp.39015007769451,105,15,4,Texas,GPE,99,104
mdp.39015007769451,105,15,5,Beaumont,GPE,105,113
mdp.39015007769451,105,15,6,Dallas,GPE,114,120
mdp.39015007769451,105,15,7,Houston,GPE,121,128
mdp.39015007769451,105,15,8,Jefferson County,GPE,129,145
mdp.39015007769451,105,15,9,T.B. County,GPE,146,157
mdp.39015007769451,105,15,10,Pinkston Clinc,GPE,161,175
mdp.39015007769451,105,15,11,Negro Hospital,ORG,189,203
mdp.39015007769451,105,15,12,Parairie View,GPE,216,229
mdp.39015007769451,105,15,13,Prairie View Hosp,ORG,230,247
mdp.39015007769451,107,1,0,Harrison Sheppard,PERSON,21,38
mdp.39015007769451,107,1,1,San.,GPE,87,91
mdp.39015007769451,107,2,0,Newport News,ORG,15,27
mdp.39015007769451,107,2,1,Richmond St. Phillips Hosp,ORG,135,161
mdp.39015007769451,109,0,0,47,CARDINAL,0,2
mdp.39015007769451,109,0,1,Clara Kreuger,PERSON,100,113
mdp.39015007769451,109,0,2,Brewster Hospital,ORG,131,148
mdp.39015007769451,109,0,3,Jefferson and 7th,FAC,149,166
mdp.39015007769451,109,0,4,Jacksonville,GPE,175,187
mdp.39015007769451,109,0,5,Florida,GPE,189,196
mdp.39015007769451,109,0,6,Homer G. Phillips Hospital,ORG,197,223
mdp.39015007769451,109,0,7,2,CARDINAL,254,255
mdp.39015007769451,109,0,8,St. Louis,GPE,257,266
mdp.39015007769451,109,0,9,Missouri,GPE,268,276
mdp.39015007769451,109,0,10,Freedman's Hospital,ORG,277,296
mdp.39015007769451,109,0,11,Washington,GPE,320,330
mdp.39015007769451,109,0,12,D. C.,ORG,332,337
mdp.39015007769451,109,0,13,Dillard University,ORG,366,384
mdp.39015007769451,109,0,14,New Orleans,GPE,385,396
mdp.39015007769451,109,0,15,Louisana George W. Hubbard Hospital,ORG,398,433
mdp.39015007769451,109,0,16,Heffernan St.,FAC,434,447
mdp.39015007769451,109,0,17,18th Ave,LOC,453,461
mdp.39015007769451,109,0,18,N.,GPE,464,466
mdp.39015007769451,109,0,19,Nashville,GPE,467,476
mdp.39015007769451,109,0,20,Tennessee,GPE,478,487
mdp.39015007769451,109,0,21,Good Samaritan Hospital,ORG,488,511
mdp.39015007769451,109,0,22,405 West Hill Street,FAC,512,532
mdp.39015007769451,109,0,23,Oral S. McClellan,PERSON,537,554
mdp.39015007769451,109,0,24,T. Edward Jones,PERSON,559,574
mdp.39015007769451,109,0,25,A. W. Dent,PERSON,579,589
mdp.39015007769451,109,0,26,J. A. McMillan,PERSON,594,608
mdp.39015007769451,109,0,27,M. Bodey,PERSON,614,622
mdp.39015007769451,109,0,28,Charlotte,GPE,623,632
mdp.39015007769451,109,0,29,North Carolina,GPE,634,648
mdp.39015007769451,109,0,30,Harlem Hospital,ORG,649,664
mdp.39015007769451,109,0,31,Lawrence Dermody,PERSON,669,685
mdp.39015007769451,109,0,32,New York City,GPE,686,699
mdp.39015007769451,109,0,33,John A. Andrew Memorial Hospital,ORG,700,732
mdp.39015007769451,109,0,34,C. A. Walwyn,PERSON,737,749
mdp.39015007769451,109,0,35,Tuskegee,GPE,750,758
mdp.39015007769451,109,0,36,Alabama,GPE,760,767
mdp.39015007769451,109,0,37,Kansas City,GPE,768,779
mdp.39015007769451,109,0,38,P. C. Turner,PERSON,810,822
mdp.39015007769451,109,0,39,McCoy Streets,FAC,832,845
mdp.39015007769451,109,0,40,Kansas City,GPE,846,857
mdp.39015007769451,109,0,41,Missouri,GPE,859,867
mdp.39015007769451,109,0,42,Knoxville General Hospital,ORG,868,894
mdp.39015007769451,109,0,43,Cleveland Place,FAC,914,929
mdp.39015007769451,109,0,44,Andrew Smith,PERSON,934,946
mdp.39015007769451,109,0,45,Knoxville,GPE,947,956
mdp.39015007769451,109,0,46,Tennessee,GPE,958,967
mdp.39015007769451,109,0,47,L. Richardson Memorial Hospital,ORG,968,999
mdp.39015007769451,109,0,48,Geneva S. Collins,PERSON,1005,1022
mdp.39015007769451,109,0,49,East Washington Street,FAC,1028,1050
mdp.39015007769451,109,0,50,Greensboro,GPE,1051,1061
mdp.39015007769451,109,0,51,North Carolina,GPE,1063,1077
mdp.39015007769451,109,0,52,Lincoln Hospital,ORG,1078,1094
mdp.39015007769451,109,0,53,Durham,GPE,1095,1101
mdp.39015007769451,109,0,54,North Carolina,GPE,1103,1117
mdp.39015007769451,109,0,55,Mercy Hospital,ORG,1118,1132
mdp.39015007769451,109,0,56,William M. Rich,PERSON,1137,1152
mdp.39015007769451,109,0,57,Henry M. Minton,PERSON,1157,1172
mdp.39015007769451,109,0,58,Philadelphia,GPE,1194,1206
mdp.39015007769451,109,0,59,Pennsylvania,GPE,1208,1220
mdp.39015007769451,111,0,0,Parkside Memorial Hospital,ORG,22,48
mdp.39015007769451,111,0,1,Brush Street,FAC,54,66
mdp.39015007769451,111,0,2,Detroit,GPE,67,74
mdp.39015007769451,111,0,3,Michigan,GPE,76,84
mdp.39015007769451,111,1,0,Chicago,GPE,42,49
mdp.39015007769451,111,1,1,Illinois,GPE,51,59
mdp.39015007769451,111,2,0,Baltimore,GPE,42,51
mdp.39015007769451,111,2,1,Maryland,GPE,53,61
mdp.39015007769451,111,3,0,. Agnes Hospital,ORG,4,20
mdp.39015007769451,111,3,1,Oakwood Avenue,FAC,21,35
mdp.39015007769451,111,3,2,Tarboro Street,FAC,40,54
mdp.39015007769451,111,3,3,Raleigh,GPE,55,62
mdp.39015007769451,111,3,4,North Carolina,GPE,64,78
mdp.39015007769451,111,4,0,. Mary's Infirmary,ORG,4,22
mdp.39015007769451,111,4,1,St. Louis,GPE,41,50
mdp.39015007769451,111,4,2,Missouri,GPE,52,60
mdp.39015007769451,111,4,3,Wheatley-Provident Hospital,ORG,63,90
mdp.39015007769451,111,4,4,Forest Avenue,FAC,96,109
mdp.39015007769451,111,4,5,Kansas City,GPE,110,121
mdp.39015007769451,111,4,6,Missouri,GPE,123,131
mdp.39015007769451,111,4,7,Veteran's Hospital,ORG,134,152
mdp.39015007769451,111,4,8,Tuskegee,GPE,153,161
mdp.39015007769451,111,4,9,Alabama,GPE,163,170
mdp.39015007769451,111,4,10,E. R. Carney,PERSON,190,202
mdp.39015007769451,111,4,11,John. W. Lawlah,PERSON,207,222
mdp.39015007769451,111,4,12,Betty Jenkins Phillips,PERSON,228,250
mdp.39015007769451,111,4,13,Frances A. Worrall,PERSON,256,274
mdp.39015007769451,111,4,14,M. Celeste,PERSON,282,292
mdp.39015007769451,111,4,15,L.E. William,PERSON,297,309
mdp.39015007769451,111,4,16,Eugene H. Dibble,PERSON,314,330
mdp.39015007769451,111,5,0,American College of Surgeons,ORG,94,122
