vol_id,page,sentence_id,ent_id,entity,entity_type,start_char,end_char
mdp.39015086661256,1,1,0,T. FOUNDER,PERSON,7,17
mdp.39015086661256,1,1,1,WASHINGTON,GPE,18,28
mdp.39015086661256,1,1,2,TUSKEGEE,PERSON,49,57
mdp.39015086661256,1,2,0,Putting the Most,WORK_OF_ART,8,24
mdp.39015086661256,1,3,0,SUNDAY. APRIL 1.,DATE,0,16
mdp.39015086661256,1,4,0,SUNDAY APRIL 8,DATE,3,17
mdp.39015086661256,1,5,0,HEALTH WEEK,DATE,79,90
mdp.39015086661256,1,5,1,NATIONAL NEGRO HEALTH WEEK,ORG,106,132
mdp.39015086661256,1,5,2,U.S. PUBLIC HEALTH SERVICE,ORG,144,170
mdp.39015086661256,1,5,3,THE UNITED STATES PUBLIC HEALTH SERVICE,ORG,181,220
mdp.39015086661256,1,5,4,WASHINGTON,GPE,222,232
mdp.39015086661256,1,5,5,D.C.,GPE,234,238
mdp.39015086661256,2,1,0,SLOGAN,PERSON,4,10
mdp.39015086661256,2,1,1,FIRST,ORDINAL,11,16
mdp.39015086661256,2,9,0,Special-day,DATE,4,15
mdp.39015086661256,2,9,1,the special days,DATE,39,55
mdp.39015086661256,2,9,2,the Health Week,EVENT,59,74
mdp.39015086661256,2,10,0,weekly,DATE,85,91
mdp.39015086661256,2,10,1,daily,DATE,122,127
mdp.39015086661256,2,10,2,the Health Week,EVENT,135,150
mdp.39015086661256,2,13,0,special-day,DATE,12,23
mdp.39015086661256,2,18,0,Health Week,EVENT,63,74
mdp.39015086661256,2,26,0,Health Week,EVENT,95,106
mdp.39015086661256,2,26,1,the day,DATE,203,210
mdp.39015086661256,2,27,0,the Health Week,EVENT,105,120
mdp.39015086661256,2,35,0,Health Week Committee,EVENT,37,58
mdp.39015086661256,2,37,0,Baltimore City,GPE,4,18
mdp.39015086661256,2,37,1,1934,DATE,54,58
mdp.39015086661256,3,0,0,THE UNITED STATES OF AMERICA,GPE,13,41
mdp.39015086661256,3,0,1,JAN 30 34 1934,DATE,42,56
mdp.39015086661256,3,0,2,1934,DATE,57,61
mdp.39015086661256,3,0,3,National Negro Health Week,EVENT,62,88
mdp.39015086661256,3,0,4,"Sunday, April 1, to Sunday, April 8",DATE,89,124
mdp.39015086661256,3,0,5,the National Negro Health Movement Adoisory Committee,ORG,169,222
mdp.39015086661256,3,0,6,GEORGE W. Bowles,PERSON,227,243
mdp.39015086661256,3,0,7,National Medical Association,ORG,245,273
mdp.39015086661256,3,0,8,Numa P. G. Adams,PERSON,288,304
mdp.39015086661256,3,0,9,Howard University,ORG,306,323
mdp.39015086661256,3,0,10,M. O. BOUSFIELD,PERSON,339,354
mdp.39015086661256,3,0,11,National Negro Insurance Association,ORG,356,392
mdp.39015086661256,3,0,12,R. C. WILLIAMS,PERSON,397,411
mdp.39015086661256,3,0,13,United States,GPE,413,426
mdp.39015086661256,3,0,14,MONROE N. Work,PERSON,453,467
mdp.39015086661256,3,0,15,Tuskegee Institute Health Week,ORG,469,499
mdp.39015086661256,3,0,16,Roscoe C. Brown,PERSON,514,529
mdp.39015086661256,3,0,17,Monroe N. Work,PERSON,544,558
mdp.39015086661256,3,0,18,F. RIVERS BARNWELL,PERSON,575,593
mdp.39015086661256,3,0,19,ALGERNON B. JACKSON,PERSON,598,617
mdp.39015086661256,3,0,20,R. MAURICE Moss,PERSON,618,633
mdp.39015086661256,3,0,21,United States,GPE,658,671
mdp.39015086661256,3,1,0,UNITED STATES,ORG,0,13
mdp.39015086661256,4,0,0,PROGRAM MOBILIZATION DAY,DATE,0,24
mdp.39015086661256,4,0,1,"Sunday, April 1",DATE,25,40
mdp.39015086661256,4,1,0,Health Week,EVENT,29,40
mdp.39015086661256,4,4,0,HOME HEALTH DAY,EVENT,0,15
mdp.39015086661256,4,4,1,"Monday, April 2",DATE,16,31
mdp.39015086661256,4,8,0,COMMUNITY SANITATION DAY,EVENT,0,24
mdp.39015086661256,4,8,1,"Tuesday, April 3",DATE,25,41
mdp.39015086661256,4,14,0,SPECIAL CAMPAIGN DAY,DATE,0,20
mdp.39015086661256,4,14,1,"Wednesday, April 4",DATE,21,39
mdp.39015086661256,4,14,2,This day,DATE,40,48
mdp.39015086661256,4,17,0,the National Negro Health Week Committee,ORG,72,112
mdp.39015086661256,4,17,1,United States Public Health Service,ORG,114,149
mdp.39015086661256,4,17,2,Washington,GPE,151,161
mdp.39015086661256,4,17,3,D.C.,GPE,163,167
mdp.39015086661256,4,18,0,National Negro Health Week,EVENT,21,47
mdp.39015086661256,4,19,0,41,CARDINAL,2,4
mdp.39015086661256,5,0,0,"Thursday, April 51",DATE,27,45
mdp.39015086661256,5,2,0,1,CARDINAL,12,13
mdp.39015086661256,5,2,1,2,CARDINAL,27,28
mdp.39015086661256,5,2,2,3,CARDINAL,43,44
mdp.39015086661256,5,2,3,4,CARDINAL,59,60
mdp.39015086661256,5,2,4,5,CARDINAL,78,79
mdp.39015086661256,5,2,5,6,CARDINAL,103,104
mdp.39015086661256,5,8,0,"Friday, April 6",DATE,4,19
mdp.39015086661256,5,14,0,GENERAL CLEAN-UP DAY,DATE,0,20
mdp.39015086661256,5,14,1,"Saturday, April 7",DATE,21,38
mdp.39015086661256,5,15,0,the preceding days,DATE,108,126
mdp.39015086661256,5,16,0,the preceding day,DATE,61,78
mdp.39015086661256,5,16,1,last work day,DATE,90,103
mdp.39015086661256,5,17,0,"Sunday, April 8",DATE,29,44
mdp.39015086661256,5,18,0,Health Week,EVENT,102,113
mdp.39015086661256,5,18,1,National Negro Health Week Committee,ORG,172,208
mdp.39015086661256,5,20,0,this day,DATE,32,40
mdp.39015086661256,5,20,1,"Thursday, Apr. 5",DATE,42,58
mdp.39015086661256,5,20,2,Booker T. Washington,PERSON,123,143
mdp.39015086661256,5,20,3,National Health Week,EVENT,156,176
mdp.39015086661256,5,23,0,5,CARDINAL,2,3
mdp.39015086661256,6,0,0,NATIONAL NEGRO HEALTH WEEK,EVENT,20,46
mdp.39015086661256,6,0,1,National Negro Health Week,EVENT,47,73
mdp.39015086661256,6,0,2,1915,DATE,91,95
mdp.39015086661256,6,0,3,Booker T. Washington,PERSON,108,128
mdp.39015086661256,6,2,0,The Negro Organization Society of Virginia,ORG,0,42
mdp.39015086661256,6,2,1,Hampton Institute,ORG,65,82
mdp.39015086661256,6,2,2,R. R. Moton,PERSON,107,118
mdp.39015086661256,6,2,3,Booker T. Washington,PERSON,142,162
mdp.39015086661256,6,2,4,Health Week,EVENT,186,197
mdp.39015086661256,6,3,0,Washington,PERSON,4,14
mdp.39015086661256,6,3,1,All-American,NORP,107,119
mdp.39015086661256,6,4,0,the latter part of the nineteenth century,DATE,187,228
mdp.39015086661256,6,4,1,the twentieth century,DATE,253,274
mdp.39015086661256,6,4,2,Louis I. Dublin,PERSON,312,327
mdp.39015086661256,6,4,3,Frederick L. Hoffman,PERSON,359,379
mdp.39015086661256,6,4,4,the year 1914,DATE,421,434
mdp.39015086661256,6,4,5,New Orleans,GPE,492,503
mdp.39015086661256,6,4,6,La.,GPE,505,508
mdp.39015086661256,6,4,7,Oscar Dowling,PERSON,538,551
mdp.39015086661256,6,4,8,Negro,NORP,573,578
mdp.39015086661256,6,4,9,1905,DATE,617,621
mdp.39015086661256,6,4,10,Savannah,GPE,626,634
mdp.39015086661256,6,4,11,Ga.,GPE,636,639
mdp.39015086661256,6,4,12,Monroe N. Work,PERSON,667,681
mdp.39015086661256,6,4,13,the Men's Sunday Club,ORG,702,723
mdp.39015086661256,6,4,14,the National Medical Association,ORG,899,931
mdp.39015086661256,6,4,15,1895,DATE,935,939
mdp.39015086661256,6,4,16,A. M. Brown,PERSON,982,993
mdp.39015086661256,6,4,17,A. Wilberforce Williams,PERSON,995,1018
mdp.39015086661256,6,4,18,C. V. Roman,PERSON,1020,1031
mdp.39015086661256,6,5,0,a National Health Week,EVENT,30,52
mdp.39015086661256,6,5,1,Washington,PERSON,58,68
mdp.39015086661256,6,5,2,the Annual Tuskegee Negro Conference,EVENT,98,134
mdp.39015086661256,6,5,3,the United States,GPE,221,238
mdp.39015086661256,6,6,0,45 percent,PERCENT,18,28
mdp.39015086661256,6,6,1,Negroes,NORP,49,56
mdp.39015086661256,6,6,2,"450,000",CARDINAL,89,96
mdp.39015086661256,6,6,3,Negroes,NORP,97,104
mdp.39015086661256,6,6,4,"75,000,000",MONEY,174,184
mdp.39015086661256,6,6,5,Negroes,NORP,215,222
mdp.39015086661256,6,6,6,"100,000,000",MONEY,233,244
mdp.39015086661256,6,7,0,Negro,NORP,63,68
mdp.39015086661256,6,7,1,"April 11 to April 17, inclusive, 1915",DATE,170,207
mdp.39015086661256,6,8,0,The National Medical Association,ORG,181,213
mdp.39015086661256,6,8,1,the National Association of Colored Graduate Nurses,ORG,215,266
mdp.39015086661256,6,8,2,the National Association of Colored Women's Clubs,ORG,268,317
mdp.39015086661256,6,8,3,the National Negro Business League,ORG,319,353
mdp.39015086661256,6,8,4,the National League on Urban Conditions Among Negroes,ORG,355,408
mdp.39015086661256,6,8,5,the National Association of Teachers in Colored Schools,ORG,410,465
mdp.39015086661256,6,8,6,the National Negro Press Association,ORG,467,503
mdp.39015086661256,6,8,7,annual,DATE,597,603
mdp.39015086661256,6,11,0,annually,DATE,78,86
mdp.39015086661256,6,12,0,first,ORDINAL,16,21
mdp.39015086661256,6,12,1,National Negro Health Week,EVENT,31,57
mdp.39015086661256,6,12,2,1915,DATE,61,65
mdp.39015086661256,6,12,3,14,CARDINAL,71,73
mdp.39015086661256,6,12,4,1934,DATE,138,142
mdp.39015086661256,6,12,5,over 45,CARDINAL,157,164
mdp.39015086661256,6,13,0,The United States Public Health Service,ORG,0,39
mdp.39015086661256,6,13,1,State,ORG,69,74
mdp.39015086661256,6,13,2,National Negro Health Week,EVENT,129,155
mdp.39015086661256,7,1,0,AMERICAN Child Health AssociATION,ORG,3,36
mdp.39015086661256,7,1,1,New York City,GPE,58,71
mdp.39015086661256,7,2,0,AMERICAN Heart AssociaTION,ORG,0,26
mdp.39015086661256,7,2,1,New York Ctiy,GPE,48,61
mdp.39015086661256,7,3,0,AMERICAN HOSPITAL ASSOCIATION,ORG,0,29
mdp.39015086661256,7,3,1,Chicago,GPE,56,63
mdp.39015086661256,7,3,2,AMERICAN Public Health AssOCIATION,ORG,70,104
mdp.39015086661256,7,3,3,New York City,GPE,126,139
mdp.39015086661256,7,4,0,AMERICAN Red Cross,ORG,0,18
mdp.39015086661256,7,4,1,Seventeenth and D Streets,FAC,20,45
mdp.39015086661256,7,4,2,Washington,GPE,51,61
mdp.39015086661256,7,4,3,D.C.,GPE,63,67
mdp.39015086661256,7,4,4,AMERICAN Social HYGIENE Association,ORG,68,103
mdp.39015086661256,7,4,5,New York City,GPE,125,138
mdp.39015086661256,7,5,0,AMERICAN SOCIETY FOR THE CONTROL of,ORG,0,35
mdp.39015086661256,7,5,1,New York City,GPE,72,85
mdp.39015086661256,7,6,0,ANNA T. JEANES FUND,ORG,0,19
mdp.39015086661256,7,6,1,Washington,GPE,45,55
mdp.39015086661256,7,6,2,D.C.,GPE,57,61
mdp.39015086661256,7,7,0,AssociaTED NEGRO Press,ORG,0,22
mdp.39015086661256,7,7,1,3423 Indiana Avenue,FAC,24,43
mdp.39015086661256,7,7,2,Chicago,GPE,45,52
mdp.39015086661256,7,7,3,Ill.,GPE,54,58
mdp.39015086661256,7,8,0,ATLANTA School OF SOCIAL SERVICE,ORG,0,32
mdp.39015086661256,7,8,1,Herndon Building,FAC,34,50
mdp.39015086661256,7,8,2,Atlanta,GPE,52,59
mdp.39015086661256,7,8,3,Ga.,GPE,61,64
mdp.39015086661256,7,9,0,COMMISSION INTERRACIAL COOPERATION,ORG,0,34
mdp.39015086661256,7,9,1,"703 Standard, Building",ORG,36,58
mdp.39015086661256,7,9,2,Atlanta,GPE,60,67
mdp.39015086661256,7,10,0,UNITED States,GPE,19,32
mdp.39015086661256,7,10,1,DepartMENT OF AGRICULTURE,ORG,33,58
mdp.39015086661256,7,10,2,Washington,GPE,60,70
mdp.39015086661256,7,10,3,D.C.,GPE,72,76
mdp.39015086661256,7,10,4,105,CARDINAL,116,119
mdp.39015086661256,7,10,5,New York City,GPE,147,160
mdp.39015086661256,7,11,0,HAMPTON INSTITUTE,ORG,0,17
mdp.39015086661256,7,11,1,Hampton,GPE,19,26
mdp.39015086661256,7,12,0,Washington,GPE,19,29
mdp.39015086661256,7,12,1,Washington,GPE,107,117
mdp.39015086661256,7,12,2,D.C.,GPE,119,123
mdp.39015086661256,7,13,0,130,CARDINAL,40,43
mdp.39015086661256,7,13,1,East End Avenue,FAC,44,59
mdp.39015086661256,7,13,2,New York City,GPE,61,74
mdp.39015086661256,7,14,0,Julius RosenwALD,PERSON,0,16
mdp.39015086661256,7,14,1,4901,CARDINAL,23,27
mdp.39015086661256,7,14,2,Ellis Avenue,FAC,28,40
mdp.39015086661256,7,14,3,Chicago,GPE,42,49
mdp.39015086661256,7,15,0,METROPOLITAN LIFE INSURANCE Co.,ORG,0,31
mdp.39015086661256,7,15,1,Madison Avenue,FAC,55,69
mdp.39015086661256,7,15,2,New York City,GPE,71,84
mdp.39015086661256,7,16,0,NATIONAL AssocIATION COLORED GRADUATE,ORG,0,37
mdp.39015086661256,7,16,1,450,CARDINAL,46,49
mdp.39015086661256,7,16,2,Seventh Avenue,FAC,50,64
mdp.39015086661256,7,16,3,New York City,GPE,66,79
mdp.39015086661256,7,17,0,NATIONAL AssociATION OF COLORED Women,ORG,0,37
mdp.39015086661256,7,17,1,Washington,GPE,58,68
mdp.39015086661256,7,18,0,NATIONAL Bar Association,ORG,0,24
mdp.39015086661256,7,18,1,3737,CARDINAL,26,30
mdp.39015086661256,7,18,2,Chicago,GPE,51,58
mdp.39015086661256,7,18,3,Ili,GPE,60,63
mdp.39015086661256,7,19,0,"NATIONAL BOARD,",ORG,0,15
mdp.39015086661256,7,19,1,600,CARDINAL,26,29
mdp.39015086661256,7,19,2,Lexington Avenue,FAC,30,46
mdp.39015086661256,7,19,3,New York City,GPE,48,61
mdp.39015086661256,7,20,0,2201,CARDINAL,48,52
mdp.39015086661256,7,20,1,Washington,GPE,74,84
mdp.39015086661256,7,20,2,D.C.,GPE,86,90
mdp.39015086661256,7,21,0,NATIONAL COMMITTEE FOR MENTAL HYGIENE,ORG,0,37
mdp.39015086661256,7,21,1,New York City,GPE,59,72
mdp.39015086661256,7,22,0,National Council,ORG,0,16
mdp.39015086661256,7,22,1,Madison Avenue,FAC,32,46
mdp.39015086661256,7,22,2,New York City,GPE,48,61
mdp.39015086661256,7,23,0,NATIONAL DAIRY COUNCIL,ORG,0,22
mdp.39015086661256,7,23,1,910,CARDINAL,24,27
mdp.39015086661256,7,23,2,Chicago,GPE,51,58
mdp.39015086661256,7,23,3,Ill.,GPE,60,64
mdp.39015086661256,7,24,0,NATIONAL DENTAL ASSOCIATION,ORG,0,27
mdp.39015086661256,7,24,1,466,CARDINAL,29,32
mdp.39015086661256,7,24,2,Westfield,GPE,52,61
mdp.39015086661256,7,24,3,N.J.,GPE,63,67
mdp.39015086661256,7,24,4,NATIONAL HEALTH CIRCLE FOR COLORED PEOPLE,ORG,68,109
mdp.39015086661256,7,24,5,New York City,GPE,131,144
mdp.39015086661256,7,25,0,NATIONAL Health Council,ORG,0,23
mdp.39015086661256,7,25,1,New York City,GPE,45,58
mdp.39015086661256,7,26,0,NATIONAL MEDICAL ASSOCIATION,ORG,0,28
mdp.39015086661256,7,26,1,Brownsville,GPE,30,41
mdp.39015086661256,7,27,0,NATIONAL NEGRO BUSINESS LEAGUE,ORG,0,30
mdp.39015086661256,7,27,1,New York City,GPE,61,74
mdp.39015086661256,7,28,0,National Negro INSURANCE Association,ORG,0,36
mdp.39015086661256,7,28,1,3511 South Parkway,FAC,38,56
mdp.39015086661256,7,28,2,Chicago,GPE,58,65
mdp.39015086661256,7,29,0,NATIONAL ORGANIZATION,ORG,0,21
mdp.39015086661256,7,29,1,New York City,GPE,65,78
mdp.39015086661256,7,30,0,NATIONAL RECREATION ASSOCIATION,ORG,0,31
mdp.39015086661256,7,30,1,315 Fourth OF OFFICIAL GOVERNMENT SERVICE,ORG,33,74
mdp.39015086661256,7,31,0,UNITED STATES Public HEALTH SERVICE,ORG,0,35
mdp.39015086661256,7,31,1,WashingState Health DEPARTMENT,ORG,37,67
mdp.39015086661256,7,32,0,the National Negro Health Week Committee,ORG,51,91
mdp.39015086661256,7,32,1,United States,GPE,93,106
mdp.39015086661256,7,32,2,Washington,GPE,130,140
mdp.39015086661256,7,32,3,D.C.,GPE,142,146
mdp.39015086661256,7,32,4,Health Week,DATE,200,211
mdp.39015086661256,7,32,5,year-round,DATE,216,226
mdp.39015086661256,7,37,0,FIRST,ORDINAL,0,5
mdp.39015086661256,7,37,1,New York City,GPE,44,57
mdp.39015086661256,7,38,0,NATIONAL Society FOR THE PREVENTION OF BLINDNESS,ORG,0,48
mdp.39015086661256,7,38,1,450 Seventh Avenue,FAC,50,68
mdp.39015086661256,7,38,2,New York City,GPE,70,83
mdp.39015086661256,7,39,0,NATIONAL TUBERCULOSIS ASSOCIATION,ORG,0,33
mdp.39015086661256,7,39,1,450 Seventh Avenue,FAC,35,53
mdp.39015086661256,7,39,2,New York City,GPE,55,68
mdp.39015086661256,7,41,0,the National Tuberculosis Association,ORG,37,74
mdp.39015086661256,7,42,0,National URBAN LEAGUE,ORG,0,21
mdp.39015086661256,7,42,1,New York City,GPE,38,51
mdp.39015086661256,7,43,0,Negro Civic WELFARE Association,ORG,0,31
mdp.39015086661256,7,43,1,1041 Cutter Street,FAC,33,51
mdp.39015086661256,7,43,2,Cincinnati,GPE,53,63
mdp.39015086661256,7,43,3,Ohio,GPE,65,69
mdp.39015086661256,7,44,0,NEGRO ORGANIZATION Society,ORG,0,26
mdp.39015086661256,7,44,1,Southern Aid Building,FAC,28,49
mdp.39015086661256,7,44,2,Richmond,GPE,51,59
mdp.39015086661256,7,44,3,Va.,GPE,61,64
mdp.39015086661256,7,45,0,North CAROLINA MUTUAL LIFE INSURANCE Co.,ORG,0,40
mdp.39015086661256,7,45,1,Durham,GPE,42,48
mdp.39015086661256,7,45,2,N.C.,GPE,50,54
mdp.39015086661256,7,45,3,ROCKEFELLER FOUNDATION,ORG,55,77
mdp.39015086661256,7,45,4,61,CARDINAL,79,81
mdp.39015086661256,7,45,5,New York City,GPE,92,105
mdp.39015086661256,7,46,0,Russell SAGE FOUNDATION,ORG,0,23
mdp.39015086661256,7,46,1,New York City,GPE,55,68
mdp.39015086661256,7,47,0,Texas TUBERCULOSIS Association,ORG,0,30
mdp.39015086661256,7,47,1,Austin,GPE,51,57
mdp.39015086661256,7,47,2,Tex,GPE,59,62
mdp.39015086661256,7,48,0,TUSKEGEE INSTITUTE,ORG,0,18
mdp.39015086661256,7,48,1,Tuskegee Institute,ORG,20,38
mdp.39015086661256,7,48,2,Ala.,GPE,40,44
mdp.39015086661256,7,48,3,ton,GPE,45,48
mdp.39015086661256,7,48,4,D.C.,GPE,50,54
mdp.39015086661256,8,0,0,NEGRO HEALTH WEEK,EVENT,55,72
mdp.39015086661256,8,1,0,the year 1932,DATE,15,28
mdp.39015086661256,8,1,1,National Negro Health Week,EVENT,130,156
mdp.39015086661256,8,1,2,the ensuing year,DATE,168,184
mdp.39015086661256,8,2,0,Health Week,EVENT,50,61
mdp.39015086661256,8,2,1,Health Week,EVENT,175,186
mdp.39015086661256,8,4,0,1,CARDINAL,21,22
mdp.39015086661256,8,6,0,2,CARDINAL,0,1
mdp.39015086661256,8,9,0,3,CARDINAL,0,1
mdp.39015086661256,8,11,0,4,CARDINAL,0,1
mdp.39015086661256,8,13,0,5,CARDINAL,0,1
mdp.39015086661256,8,14,0,one,CARDINAL,23,26
mdp.39015086661256,8,14,1,one,CARDINAL,114,117
mdp.39015086661256,8,17,0,7,CARDINAL,0,1
mdp.39015086661256,8,18,0,the National Negro Health Week Committee,ORG,80,120
mdp.39015086661256,8,18,1,United States Public Health Service,ORG,122,157
mdp.39015086661256,8,18,2,Washington,GPE,159,169
mdp.39015086661256,8,18,3,D.C.,GPE,171,175
mdp.39015086661256,8,18,4,Health Week,EVENT,213,224
mdp.39015086661256,8,18,5,"April 1, 1934",DATE,237,250
mdp.39015086661256,8,20,0,8,CARDINAL,0,1
mdp.39015086661256,8,21,0,the National Negro Health Week Committee,ORG,40,80
mdp.39015086661256,8,21,1,"June 15, 1934",DATE,96,109
mdp.39015086661256,8,22,0,9,CARDINAL,0,1
mdp.39015086661256,8,23,0,the National Negro Health Week Committee,ORG,57,97
mdp.39015086661256,8,25,0,10,CARDINAL,0,2
mdp.39015086661256,8,26,0,the National Negro Health Week Committee,ORG,52,92
mdp.39015086661256,8,29,0,the National Negro Health Week,EVENT,95,125
mdp.39015086661256,8,32,0,the NATIONAL NEGRO HEALTH WEEK COMMITTEE,ORG,31,71
mdp.39015086661256,8,32,1,United States Public Health Service,ORG,73,108
mdp.39015086661256,8,32,2,Washington,GPE,110,120
mdp.39015086661256,8,32,3,D.C.,GPE,122,126
mdp.39015086661256,8,32,4,21574-33,CARDINAL,127,135
mdp.39015086661256,8,33,0,U.S.,GPE,0,4
mdp.39015086661256,8,33,1,19 33,CARDINAL,33,38
