vol_id,page,sentence_id,ent_id,entity,entity_type,start_char,end_char
mdp.39015086661272,1,0,0,1915 TO 1939,DATE,35,47
mdp.39015086661272,1,0,1,fifth,ORDINAL,85,90
mdp.39015086661272,1,0,2,"April 1–30, 1939",DATE,100,116
mdp.39015086661272,1,0,3,THE YEAR,DATE,131,139
mdp.39015086661272,1,0,4,UNITED STATES,GPE,233,246
mdp.39015086661272,2,0,0,Negro Health Week,EVENT,0,17
mdp.39015086661272,2,0,1,"1-30, 1939",DATE,18,28
mdp.39015086661272,2,0,2,2-9,DATE,29,32
mdp.39015086661272,2,0,3,Cary nstitute,PERSON,114,127
mdp.39015086661272,2,0,4,Ala.,GPE,129,133
mdp.39015086661272,2,0,5,Virginia,GPE,134,142
mdp.39015086661272,2,0,6,New Orleans,GPE,143,154
mdp.39015086661272,2,0,7,La. e,GPE,156,161
mdp.39015086661272,2,0,8,Health Week Awards es and Public Welfare ion ommittee tion of Colored Graduate Nurses en,EVENT,165,253
mdp.39015086661272,2,0,9,Conn.,GPE,255,260
mdp.39015086661272,2,2,0,ROBERT OLESEN,PERSON,119,132
mdp.39015086661272,2,2,1,WASHINGTON,GPE,152,162
mdp.39015086661272,2,2,2,D. C.,GPE,164,169
mdp.39015086661272,3,0,0,THE UNITED STATES OF AMERICA,GPE,13,41
mdp.39015086661272,3,0,1,MAR 23,DATE,42,48
mdp.39015086661272,3,0,2,Booker T Washington,PERSON,98,117
mdp.39015086661272,3,0,3,National Negro Health Week,EVENT,144,170
mdp.39015086661272,3,0,4,1915,DATE,172,176
mdp.39015086661272,3,2,0,ROBERT RUSSA MOTON,PERSON,2,20
mdp.39015086661272,3,2,1,Tuskegee Institute,ORG,41,59
mdp.39015086661272,3,2,2,National Negro Health Week,EVENT,92,118
mdp.39015086661272,3,2,3,Washington,PERSON,147,157
mdp.39015086661272,3,2,4,1915,DATE,161,165
mdp.39015086661272,3,3,0,Booker T. Washington,PERSON,40,60
mdp.39015086661272,3,4,0,National Negro Health Week,EVENT,144,170
mdp.39015086661272,3,5,0,Organized Negro Effort for Negro Progress,WORK_OF_ART,7,48
mdp.39015086661272,5,0,0,the National Negro  TUSKEGEE INSTITUTE,ORG,12,50
mdp.39015086661272,5,0,1,WASHIN,GPE,76,82
mdp.39015086661272,5,1,0,1,CARDINAL,1,2
mdp.39015086661272,5,1,1,UNITED STATES,GPE,6,19
mdp.39015086661272,5,1,2,Administrative Building,FAC,79,102
mdp.39015086661272,5,1,3,Washington,GPE,104,114
mdp.39015086661272,5,1,4,D. C.,GPE,116,121
mdp.39015086661272,7,0,0,Three,CARDINAL,0,5
mdp.39015086661272,7,0,1,National Tuberculosis Association,ORG,29,62
mdp.39015086661272,7,0,2,New York City,GPE,64,77
mdp.39015086661272,7,0,3,Public Health Education Section,ORG,148,179
mdp.39015086661272,7,0,4,U.S. Public Health Service,ORG,181,207
mdp.39015086661272,8,1,0,The Julius Rosenwald Fund,ORG,0,25
mdp.39015086661272,8,1,1,Howard University,ORG,56,73
mdp.39015086661272,8,2,0,"July 1, 1932",DATE,6,18
mdp.39015086661272,8,2,1,the Public Health Service,ORG,20,45
mdp.39015086661272,8,2,2,July 1934,DATE,125,134
mdp.39015086661272,8,4,0,the Public Health Service,ORG,26,51
mdp.39015086661272,8,4,1,National Negro Health News,ORG,186,212
mdp.39015086661272,8,4,2,quarterly,DATE,216,225
mdp.39015086661272,8,5,0,Mortality Among Southern Negroes Since 1920,WORK_OF_ART,41,84
mdp.39015086661272,8,5,1,1937,DATE,150,154
mdp.39015086661272,8,6,0,State,ORG,79,84
mdp.39015086661272,8,6,1,the Julius Rosenwald Fund,ORG,124,149
mdp.39015086661272,8,6,2,two,CARDINAL,152,155
mdp.39015086661272,8,7,0,First,ORDINAL,0,5
mdp.39015086661272,8,9,0,Second,ORDINAL,0,6
mdp.39015086661272,8,9,1,Negro,NORP,63,68
mdp.39015086661272,8,11,0,Tuskegee Institute,ORG,17,35
mdp.39015086661272,8,11,1,Alabama,GPE,73,80
mdp.39015086661272,8,11,2,Booker T. Washington,PERSON,140,160
mdp.39015086661272,8,12,0,one,CARDINAL,3,6
mdp.39015086661272,8,14,0,North,LOC,15,20
mdp.39015086661272,8,14,1,South,LOC,25,30
mdp.39015086661272,8,15,0,the last generation,DATE,26,45
mdp.39015086661272,8,16,0,Nation,ORG,24,30
mdp.39015086661272,8,16,1,half,CARDINAL,32,36
mdp.39015086661272,8,17,0,half,CARDINAL,29,33
mdp.39015086661272,8,17,1,half,CARDINAL,44,48
mdp.39015086661272,8,18,0,Negro,NORP,82,87
mdp.39015086661272,8,19,0,American,NORP,151,159
mdp.39015086661272,8,21,0,THOMAS PARRAN,PERSON,7,20
mdp.39015086661272,8,21,1,United States Public Health Service,ORG,38,73
mdp.39015086661272,8,21,2,Thomas Parran,PERSON,102,115
mdp.39015086661272,8,21,3,April 1938,DATE,154,164
mdp.39015086661272,8,23,0,third,ORDINAL,17,22
mdp.39015086661272,8,23,1,North,LOC,99,104
mdp.39015086661272,8,23,2,South,LOC,109,114
mdp.39015086661272,8,23,3,South,LOC,142,147
mdp.39015086661272,8,26,0,Negro,NORP,24,29
mdp.39015086661272,8,26,1,some three or four generations,DATE,181,211
mdp.39015086661272,8,26,2,hite,NORP,256,260
mdp.39015086661272,8,26,3,Christopher Columbus,PERSON,319,339
mdp.39015086661272,8,28,0,Two,CARDINAL,51,54
mdp.39015086661272,8,28,1,Division of Venereal Diseases,ORG,75,104
mdp.39015086661272,8,28,2,U. S. Public Health Service,ORG,106,133
mdp.39015086661272,8,28,3,R. A. Vonderlehr,PERSON,141,157
mdp.39015086661272,8,29,0,the past year,DATE,7,20
mdp.39015086661272,8,29,1,two,CARDINAL,21,24
mdp.39015086661272,8,29,2,the Public Health Service,ORG,64,89
mdp.39015086661272,8,29,3,States,GPE,127,133
mdp.39015086661272,8,30,0,One,CARDINAL,0,3
mdp.39015086661272,8,30,1,Harold H. Whitted,PERSON,18,35
mdp.39015086661272,8,30,2,the Alabama Department of Public Health,ORG,83,122
mdp.39015086661272,8,30,3,William B. Perry,PERSON,143,159
mdp.39015086661272,8,30,4,the State Board of Health,ORG,211,236
mdp.39015086661272,8,30,5,North Carolina,GPE,240,254
mdp.39015086661272,9,2,0,U. S. Public Health Service,ORG,0,27
mdp.39015086661272,9,4,0,Volunteer Health League,ORG,13,36
mdp.39015086661272,9,5,0,Galveston,GPE,0,9
mdp.39015086661272,9,5,1,Tex,GPE,11,14
mdp.39015086661272,9,6,0,George COMMUNITY,ORG,13,29
mdp.39015086661272,9,7,0,Health Unit,ORG,13,24
mdp.39015086661272,9,8,0,Metropolitan Baptist Church,ORG,0,27
mdp.39015086661272,9,8,1,Washington,GPE,29,39
mdp.39015086661272,9,8,2,D. C.,GPE,41,46
mdp.39015086661272,10,0,0,Negro,NORP,5,10
mdp.39015086661272,10,0,1,annual,DATE,27,33
mdp.39015086661272,10,0,2,Negro Health Week,EVENT,48,65
mdp.39015086661272,10,0,3,year-round,DATE,100,110
mdp.39015086661272,10,1,0,YEAR-ROUND,DATE,0,10
mdp.39015086661272,10,2,0,Negro Health Week,EVENT,0,17
mdp.39015086661272,10,2,1,Maryland,GPE,21,29
mdp.39015086661272,10,2,2,year-round,DATE,63,73
mdp.39015086661272,10,3,0,annual,DATE,4,10
mdp.39015086661272,10,5,0,year,DATE,168,172
mdp.39015086661272,10,5,1,year,DATE,179,183
mdp.39015086661272,10,6,0,Negro Health Week,EVENT,35,52
mdp.39015086661272,10,6,1,Baltimore City,GPE,56,70
mdp.39015086661272,10,9,0,A. Maceo Williams,PERSON,2,19
mdp.39015086661272,10,9,1,Negro,NORP,23,28
mdp.39015086661272,10,9,2,the Harvard University School of Public Health,ORG,63,109
mdp.39015086661272,10,9,3,the Baltimore Health Department,ORG,198,229
mdp.39015086661272,10,10,0,F. RIVERS BARNWELL,PERSON,0,18
mdp.39015086661272,10,10,1,Negro Health Education,ORG,29,51
mdp.39015086661272,10,11,0,First,ORDINAL,0,5
mdp.39015086661272,10,11,1,Health Week,EVENT,46,57
mdp.39015086661272,10,11,2,1915,DATE,73,77
mdp.39015086661272,10,11,3,Dyson,PERSON,125,130
mdp.39015086661272,10,11,4,Hamilton,PERSON,135,143
mdp.39015086661272,10,11,5,Dallas,GPE,147,153
mdp.39015086661272,10,11,6,Tex,GPE,155,158
mdp.39015086661272,10,12,0,1919,DATE,37,41
mdp.39015086661272,10,12,1,the Texas Tuberculosis Association,ORG,82,116
mdp.39015086661272,10,13,0,The Negro Health Week,EVENT,0,21
mdp.39015086661272,10,13,1,Negroes,NORP,71,78
mdp.39015086661272,10,13,2,year-round,DATE,124,134
mdp.39015086661272,10,14,0,Second,ORDINAL,0,6
mdp.39015086661272,10,15,0,Third,ORDINAL,0,5
mdp.39015086661272,10,16,0,year-round,DATE,52,62
mdp.39015086661272,10,21,0,National Tuberculosis Association,ORG,42,75
mdp.39015086661272,10,21,1,New York,GPE,97,105
mdp.39015086661272,10,21,2,N. Y.,GPE,107,112
mdp.39015086661272,10,22,0,first,ORDINAL,10,15
mdp.39015086661272,10,22,1,Negro Health Week,EVENT,30,47
mdp.39015086661272,10,22,2,Louisville,GPE,51,61
mdp.39015086661272,10,22,3,1925,DATE,66,70
mdp.39015086661272,10,23,0,1925,DATE,0,4
mdp.39015086661272,10,23,1,weekly,DATE,20,26
mdp.39015086661272,10,24,0,1927,DATE,0,4
mdp.39015086661272,10,24,1,the Waverley-Hill Sanatorium,ORG,47,75
mdp.39015086661272,10,25,0,1928,DATE,0,4
mdp.39015086661272,10,27,0,two,CARDINAL,32,35
mdp.39015086661272,10,28,0,West Chestnut Street,FAC,40,60
mdp.39015086661272,10,29,0,2 1221730,CARDINAL,0,9
mdp.39015086661272,10,29,1,U.S.,GPE,10,14
mdp.39015086661272,10,29,2,1939,DATE,43,47
mdp.39015086661272,11,0,0,"THE JOURNAL OF NEGRO EDUCATION V. VI Jutt, 1937 No. 3 EDITORIAL NOTE THE REALTH STATUS AND HEALTH EDUCATION OF NEOROEP Thinse of the JOTENAL constidata on the subject",WORK_OF_ART,3,169
mdp.39015086661272,11,0,1,ibie Yearbook,WORK_OF_ART,313,326
mdp.39015086661272,11,1,0,Ysblogton,GPE,148,157
mdp.39015086661272,11,2,0,20,MONEY,90,92
mdp.39015086661272,11,2,1,peab segreverato,PERSON,346,362
mdp.39015086661272,11,3,0,tetral Buber,PERSON,361,373
mdp.39015086661272,11,3,1,DC,GPE,503,505
mdp.39015086661272,11,3,2,Inel tacam,PERSON,548,558
mdp.39015086661272,11,3,3,proride au Mare,PERSON,559,574
mdp.39015086661272,11,4,0,HARLEM RIVER,LOC,6,18
mdp.39015086661272,11,4,1,Martrm Reis Mehea,PERSON,26,43
mdp.39015086661272,11,4,2,William Role,PERSON,48,60
mdp.39015086661272,11,5,0,New York,GPE,39,47
mdp.39015086661272,11,6,0,Teod M. Doroty,PERSON,31,45
mdp.39015086661272,11,6,1,Coop River,LOC,115,125
mdp.39015086661272,11,8,0,Les ja Arty,GPE,267,278
mdp.39015086661272,13,0,0,Richmond,GPE,70,78
mdp.39015086661272,13,1,0,Eina Mutual Life Insurance Co.,ORG,0,30
mdp.39015086661272,13,1,1,C. Foundation,ORG,32,45
mdp.39015086661272,13,1,2,New York City,GPE,49,62
mdp.39015086661272,13,2,0,New York City,GPE,32,45
mdp.39015086661272,13,2,1,ucation Foundation,ORG,47,65
mdp.39015086661272,13,2,2,Place NW,FAC,67,75
mdp.39015086661272,13,2,3,Washington,GPE,78,88
mdp.39015086661272,13,2,4,D. C.,ORG,90,95
mdp.39015086661272,13,2,5,Austin,GPE,124,130
mdp.39015086661272,13,2,6,Cooperative Extension titute,ORG,145,173
mdp.39015086661272,13,2,7,Ala.,GPE,175,179
mdp.39015086661272,13,5,0,1,CARDINAL,9,10
mdp.39015086661272,13,5,1,"the berculosis Association, New York IILIS.—""Three",ORG,43,93
mdp.39015086661272,13,5,2,Georgia,GPE,118,125
mdp.39015086661272,13,6,0,State of Health,ORG,9,24
mdp.39015086661272,13,6,1,Atlanta,GPE,26,33
mdp.39015086661272,13,6,2,Ga.,GPE,35,38
mdp.39015086661272,13,6,3,the es Public Health Service,ORG,43,71
mdp.39015086661272,13,7,0,ren,PERSON,0,3
mdp.39015086661272,13,7,1,United States Depart,ORG,14,34
mdp.39015086661272,13,8,0,Health Week,EVENT,17,28
mdp.39015086661272,13,8,1,City,GPE,67,71
mdp.39015086661272,13,8,2,Mo.,GPE,73,76
mdp.39015086661272,13,8,3,1931,DATE,88,92
mdp.39015086661272,13,9,0,County,GPE,0,6
mdp.39015086661272,13,9,1,Md.,GPE,8,11
mdp.39015086661272,13,9,2,1933,DATE,29,33
mdp.39015086661272,13,10,0,anburg County,GPE,0,13
mdp.39015086661272,13,10,1,S. C.,GPE,15,20
mdp.39015086661272,13,10,2,1936-37,DATE,39,46
mdp.39015086661272,13,11,0,more,GPE,0,4
mdp.39015086661272,13,11,1,Md.,GPE,6,9
mdp.39015086661272,13,11,2,38,CARDINAL,31,33
mdp.39015086661272,13,13,0,SHINGTON,GPE,0,8
mdp.39015086661272,13,13,1,D. C.,GPE,10,15
mdp.39015086661272,13,15,0,nal Negro Health Week,ORG,10,31
mdp.39015086661272,14,0,0,National Association of Colored Graduate Nurses,ORG,37,84
mdp.39015086661272,14,0,1,New York City,GPE,111,124
mdp.39015086661272,14,1,0,National Association of Colored Women,ORG,0,37
mdp.39015086661272,14,1,1,Washington,GPE,58,68
mdp.39015086661272,14,1,2,D. C.,GPE,70,75
mdp.39015086661272,14,2,0,Negro Organization So Southern Aid Building,ORG,0,43
mdp.39015086661272,14,2,1,North Carolina,GPE,44,58
mdp.39015086661272,14,2,2,N. C. Rockefeller Foundati,ORG,72,98
mdp.39015086661272,14,2,3,"61 Broaduay,",ORG,99,111
mdp.39015086661272,14,2,4,Russell Sage Founda,ORG,118,137
mdp.39015086661272,14,2,5,130 East Twenty-secoSouthern Education,ORG,138,176
mdp.39015086661272,14,3,0,National Board,ORG,0,14
mdp.39015086661272,14,3,1,Y. W. C. A.,ORG,16,27
mdp.39015086661272,14,3,2,600,CARDINAL,29,32
mdp.39015086661272,14,3,3,Lexington Avenue,FAC,33,49
mdp.39015086661272,14,3,4,New York City,GPE,51,64
mdp.39015086661272,14,4,0,National Clean Up and Paint Up Campaign Bureau,ORG,0,46
mdp.39015086661272,14,4,1,2201,CARDINAL,48,52
mdp.39015086661272,14,4,2,Washington,GPE,74,84
mdp.39015086661272,14,4,3,D. C.,GPE,86,91
mdp.39015086661272,14,5,0,National Committee for Mental Hygiene,ORG,0,37
mdp.39015086661272,14,5,1,50,CARDINAL,39,41
mdp.39015086661272,14,5,2,New York City,GPE,64,77
mdp.39015086661272,14,6,0,National Council,ORG,0,16
mdp.39015086661272,14,6,1,Y. M. C. A.,ORG,18,29
mdp.39015086661272,14,6,2,Madison Avenue,FAC,35,49
mdp.39015086661272,14,6,3,New York City,GPE,51,64
mdp.39015086661272,14,6,4,Texas,GPE,66,71
mdp.39015086661272,14,6,5,"A Tuskegee Institute,",ORG,104,125
mdp.39015086661272,14,6,6,Tuskegee Institute,ORG,135,153
mdp.39015086661272,14,6,7,National Dairy Council,ORG,155,177
mdp.39015086661272,14,6,8,Chicago,GPE,203,210
mdp.39015086661272,14,6,9,IU,GPE,212,214
mdp.39015086661272,14,7,0,National Dental Association,ORG,0,27
mdp.39015086661272,14,7,1,406 Commerce Street NW,FAC,29,51
mdp.39015086661272,14,7,2,Charlottesville,GPE,54,69
mdp.39015086661272,14,7,3,Va.,GPE,71,74
mdp.39015086661272,14,8,0,American Dental Association,ORG,0,27
mdp.39015086661272,14,8,1,212,CARDINAL,29,32
mdp.39015086661272,14,8,2,Chicago,GPE,55,62
mdp.39015086661272,14,9,0,American Heart Association,ORG,0,26
mdp.39015086661272,14,9,1,50 West Fiftieth Street,FAC,28,51
mdp.39015086661272,14,9,2,New York City,GPE,53,66
mdp.39015086661272,14,10,0,American Hospital Association,ORG,0,29
mdp.39015086661272,14,10,1,18,CARDINAL,31,33
mdp.39015086661272,14,10,2,East Division Street,FAC,34,54
mdp.39015086661272,14,10,3,Chicago,GPE,56,63
mdp.39015086661272,14,11,0,American Medical Association,ORG,0,28
mdp.39015086661272,14,11,1,535,CARDINAL,30,33
mdp.39015086661272,14,11,2,Chicago,GPE,57,64
mdp.39015086661272,14,11,3,Il,GPE,66,68
mdp.39015086661272,14,12,0,American Public Health Association,ORG,0,34
mdp.39015086661272,14,12,1,50 West Fiftieth Street,FAC,36,59
mdp.39015086661272,14,12,2,New York City,GPE,61,74
mdp.39015086661272,14,13,0,American Red Cross,ORG,0,18
mdp.39015086661272,14,13,1,Seventeenth and D Streets,FAC,20,45
mdp.39015086661272,14,13,2,Washington,GPE,51,61
mdp.39015086661272,14,13,3,D. C.,GPE,63,68
mdp.39015086661272,14,14,0,American Social Hygiene Association,ORG,0,35
mdp.39015086661272,14,14,1,New York City,GPE,62,75
mdp.39015086661272,14,15,0,American Society for the Control of Cancer,ORG,0,42
mdp.39015086661272,14,15,1,New York City,GPE,72,85
mdp.39015086661272,14,16,0,American Teachers Association,ORG,0,29
mdp.39015086661272,14,16,1,1034 Bridge Avenue,FAC,31,49
mdp.39015086661272,14,16,2,Charleston,GPE,51,61
mdp.39015086661272,14,16,3,W. Va.,GPE,63,69
mdp.39015086661272,14,16,4,Associated Negro Press,ORG,70,92
mdp.39015086661272,14,16,5,3507 South Parkway,FAC,94,112
mdp.39015086661272,14,16,6,Chicago,GPE,114,121
mdp.39015086661272,14,17,0,Atlanta School of Social Work,ORG,0,29
mdp.39015086661272,14,17,1,Atlanta,GPE,53,60
mdp.39015086661272,14,18,0,Better Health Institute,ORG,0,23
mdp.39015086661272,14,18,1,Washington,GPE,43,53
mdp.39015086661272,14,19,0,Calvin's Newspaper Service,ORG,0,26
mdp.39015086661272,14,19,1,New York City,GPE,52,65
mdp.39015086661272,14,20,0,Commission on Interracial Cooperation,ORG,0,37
mdp.39015086661272,14,20,1,710 Standard Building,FAC,39,60
mdp.39015086661272,14,20,2,Atlanta,GPE,62,69
mdp.39015086661272,14,21,0,Commonwealth Fund,ORG,0,17
mdp.39015086661272,14,21,1,41 East Fifty-seventh Street,FAC,19,47
mdp.39015086661272,14,21,2,New York City,GPE,49,62
mdp.39015086661272,14,22,0,Federal Council of Churches of Christ,ORG,0,37
mdp.39015086661272,14,22,1,New York City,GPE,58,71
mdp.39015086661272,14,23,0,Fisk University,ORG,0,15
mdp.39015086661272,14,23,1,Department of Social Science,ORG,17,45
mdp.39015086661272,14,23,2,Nashville,GPE,47,56
mdp.39015086661272,14,24,0,Hampton Institute,ORG,0,17
mdp.39015086661272,14,24,1,Hampton,GPE,50,57
mdp.39015086661272,14,25,0,Howard University,ORG,0,17
mdp.39015086661272,14,25,1,School of Medicine,ORG,19,37
mdp.39015086661272,14,25,2,Washington,GPE,39,49
mdp.39015086661272,14,25,3,D. C. I. B. P. 0,GPE,51,67
mdp.39015086661272,14,26,0,Washington,GPE,33,43
mdp.39015086661272,14,26,1,D. C.,ORG,45,50
mdp.39015086661272,14,26,2,International Dental Health Foundation,ORG,51,89
mdp.39015086661272,14,26,3,East End Avenue,FAC,95,110
mdp.39015086661272,14,26,4,New York City,GPE,112,125
mdp.39015086661272,14,27,0,John Hancock Mutual Life Insurance Co.,ORG,0,38
mdp.39015086661272,14,27,1,Boston,GPE,40,46
mdp.39015086661272,14,27,2,Mass.,GPE,48,53
mdp.39015086661272,14,28,0,Julius Rosenwald Fund,ORG,0,21
mdp.39015086661272,14,28,1,4901 Ellis Avenue,FAC,23,40
mdp.39015086661272,14,28,2,Chicago,GPE,42,49
mdp.39015086661272,14,28,3,Ill.,GPE,51,55
mdp.39015086661272,14,28,4,Meharry Medical College,ORG,56,79
mdp.39015086661272,14,28,5,Nashville,GPE,81,90
mdp.39015086661272,14,28,6,Tenn.,GPE,92,97
mdp.39015086661272,14,29,0,Metropolitan Life Insurance Company,ORG,0,35
mdp.39015086661272,14,29,1,New York City,GPE,55,68
mdp.39015086661272,14,29,2,Milbank Fuod,ORG,70,82
mdp.39015086661272,14,29,3,New York City,GPE,100,113
mdp.39015086661272,14,30,0,National Education Association,ORG,0,30
mdp.39015086661272,14,30,1,Washington,GPE,59,69
mdp.39015086661272,14,30,2,D. C.,GPE,71,76
mdp.39015086661272,14,31,0,National Health Council,ORG,0,23
mdp.39015086661272,14,31,1,New York City,GPE,50,63
mdp.39015086661272,14,32,0,National Medical Association,ORG,0,28
mdp.39015086661272,14,32,1,1108 Church Street,FAC,30,48
mdp.39015086661272,14,32,2,Norfolk,GPE,50,57
mdp.39015086661272,14,32,3,Va.,GPE,59,62
mdp.39015086661272,14,32,4,National Negro Business League,ORG,63,93
mdp.39015086661272,14,32,5,Tuskegee Institute,ORG,95,113
mdp.39015086661272,14,32,6,Ala.,GPE,115,119
mdp.39015086661272,14,33,0,National Negro Insurance Association,ORG,0,36
mdp.39015086661272,14,33,1,214,CARDINAL,38,41
mdp.39015086661272,14,33,2,East Clay Street,FAC,42,58
mdp.39015086661272,14,33,3,Richmond,GPE,60,68
mdp.39015086661272,14,33,4,National Negro Student Health Association,ORG,74,115
mdp.39015086661272,14,33,5,Howard University,ORG,117,134
mdp.39015086661272,14,33,6,Washington,GPE,136,146
mdp.39015086661272,14,33,7,D. C.,GPE,148,153
mdp.39015086661272,14,34,0,National Organization for Public Health Nursing,ORG,0,47
mdp.39015086661272,14,34,1,New York City,GPE,74,87
mdp.39015086661272,14,35,0,National Recreation Association,ORG,0,31
mdp.39015086661272,14,35,1,315 Fourth Avenue,FAC,33,50
mdp.39015086661272,14,35,2,New York City,GPE,52,65
mdp.39015086661272,14,36,0,National Society for the Prevention of Blindness,ORG,0,48
mdp.39015086661272,14,36,1,50 West Fiftieth Street,FAC,50,73
mdp.39015086661272,14,36,2,New York City,GPE,75,88
mdp.39015086661272,14,37,0,National Tuberculosis Association,ORG,0,33
mdp.39015086661272,14,37,1,New York City,GPE,60,73
mdp.39015086661272,14,38,0,National Urban League,ORG,0,21
mdp.39015086661272,14,38,1,New York City,GPE,38,51
mdp.39015086661272,14,39,0,National,ORG,75,83
mdp.39015086661272,14,39,1,Sta,ORG,85,88
mdp.39015086661272,14,40,0,On TUBERC Live,WORK_OF_ART,33,47
mdp.39015086661272,14,40,1,State,ORG,59,64
mdp.39015086661272,14,40,2,National TubercCity,ORG,78,97
mdp.39015086661272,14,41,0,Department of United States,ORG,28,55
mdp.39015086661272,14,41,1,D. C.,GPE,63,68
mdp.39015086661272,14,42,0,The Children ment of Labor,ORG,0,26
mdp.39015086661272,14,42,1,Ne Three,ORG,52,60
mdp.39015086661272,14,42,2,Kansas,GPE,85,91
mdp.39015086661272,14,42,3,1938,DATE,127,131
mdp.39015086661272,14,42,4,Stat,ORG,184,188
mdp.39015086661272,14,42,5,UNITED States Public Health SERVICE,ORG,273,308
mdp.39015086661272,14,42,6,WA,GPE,310,312
mdp.39015086661272,14,43,0,the Natio United States Public Health Service,ORG,101,146
mdp.39015086661272,14,43,1,Washington,GPE,148,158
mdp.39015086661272,14,43,2,D. C.,GPE,160,165
mdp.39015086661272,14,43,3,Health Week,EVENT,182,193
mdp.39015086661272,14,43,4,year-round,DATE,198,208
