vol_id,page,sentence_id,ent_id,entity,entity_type,start_char,end_char
uc1.b4576329,2,0,0,Gaylord Bros.,ORG,28,41
uc1.b4576329,2,0,1,Syracuse,GPE,49,57
uc1.b4576329,2,0,2,N. Y.,GPE,59,64
uc1.b4576329,2,0,3,"JAN 21, 1908",DATE,70,82
uc1.b4576329,3,0,0,PENNSYLVANIA,GPE,15,27
uc1.b4576329,3,0,1,PHILADELPHIA,GPE,76,88
uc1.b4576329,3,0,2,SADIE T. MOSSELL,PERSON,89,105
uc1.b4576329,3,0,3,H. R. M. LANDIS,PERSON,138,153
uc1.b4576329,3,0,4,THE HENRY PHIPPS INSTITUTE,ORG,177,203
uc1.b4576329,3,0,5,SEP 14 1925,DATE,232,243
uc1.b4576329,3,1,0,the Whittier Centre,ORG,42,61
uc1.b4576329,3,1,1,the Henry Phipps Institute,ORG,66,92
uc1.b4576329,3,1,2,the Philadelphia Health Council,ORG,112,143
uc1.b4576329,3,1,3,Tuberculosis Committee,ORG,148,170
uc1.b4576329,3,2,0,PHILADELPHIA,GPE,0,12
uc1.b4576329,3,2,1,1923,DATE,13,17
uc1.b4576329,5,0,0,PHILADELPHIA,GPE,72,84
uc1.b4576329,5,0,1,SADIE T. MOSSELL,PERSON,88,104
uc1.b4576329,5,0,2,H. R. M. LANDIS,PERSON,137,152
uc1.b4576329,5,1,0,the Whittier Centre,ORG,42,61
uc1.b4576329,5,1,1,the Henry Phipps Institute,ORG,66,92
uc1.b4576329,5,1,2,the Philadelphia Health Council and Tuberculosis Committee,ORG,112,170
uc1.b4576329,5,2,0,THE HENRY PHIPPS INSTITUTE,ORG,13,39
uc1.b4576329,5,2,1,PHILADELPHIA,GPE,68,80
uc1.b4576329,5,2,2,1923,DATE,81,85
uc1.b4576329,7,1,0,Negroes,NORP,119,126
uc1.b4576329,7,2,0,eight years,DATE,4,15
uc1.b4576329,7,2,1,the Phipps Institute,ORG,16,36
uc1.b4576329,7,3,0,the Whittier Centre,ORG,79,98
uc1.b4576329,7,3,1,the Philadelphia Branch,ORG,100,123
uc1.b4576329,7,3,2,the Pennsylvania Society for the Study of Tuberculosis,ORG,127,181
uc1.b4576329,7,3,3,the Philadelphia Health Council,ORG,193,224
uc1.b4576329,7,4,0,1914,DATE,34,38
uc1.b4576329,7,4,1,one,CARDINAL,59,62
uc1.b4576329,7,4,2,the Whittier Centre,ORG,90,109
uc1.b4576329,7,5,0,Later in that year,DATE,0,18
uc1.b4576329,7,5,1,the Philadelphia Branch,ORG,19,42
uc1.b4576329,7,5,2,the Pennsylvania Society for the Study of Tuberculosis,ORG,46,100
uc1.b4576329,7,5,3,two,CARDINAL,107,110
uc1.b4576329,7,6,0,the Phipps Institute,ORG,14,34
uc1.b4576329,7,6,1,six,CARDINAL,65,68
uc1.b4576329,7,6,2,one,CARDINAL,86,89
uc1.b4576329,7,6,3,three,CARDINAL,109,114
uc1.b4576329,7,6,4,three,CARDINAL,137,142
uc1.b4576329,7,6,5,the Whittier Centre,ORG,166,185
uc1.b4576329,7,6,6,three,CARDINAL,187,192
uc1.b4576329,7,6,7,three,CARDINAL,204,209
uc1.b4576329,7,6,8,the Philadelphia Health Council,ORG,224,255
uc1.b4576329,7,6,9,the Jefferson Hospital,ORG,260,282
uc1.b4576329,7,6,10,Department for Diseases of Chest,ORG,284,316
uc1.b4576329,7,6,11,one,CARDINAL,318,321
uc1.b4576329,7,6,12,one,CARDINAL,344,347
uc1.b4576329,7,6,13,the Philadelphia Health Council,ORG,378,409
uc1.b4576329,7,8,0,one,CARDINAL,178,181
uc1.b4576329,7,12,0,the period 1914-1922,DATE,7,27
uc1.b4576329,7,12,1,South Philadelphia,LOC,82,100
uc1.b4576329,8,2,0,Negro,NORP,82,87
uc1.b4576329,8,3,0,the Whittier Centre,ORG,26,45
uc1.b4576329,8,4,0,first,ORDINAL,19,24
uc1.b4576329,8,4,1,Negro,NORP,71,76
uc1.b4576329,8,5,0,1,CARDINAL,153,154
uc1.b4576329,8,5,1,Philadelphia,GPE,161,173
uc1.b4576329,8,5,2,Negro,NORP,196,201
uc1.b4576329,8,5,3,"140,000",CARDINAL,221,228
uc1.b4576329,8,6,0,2,CARDINAL,1,2
uc1.b4576329,8,6,1,Negroes,NORP,80,87
uc1.b4576329,8,7,0,3,CARDINAL,1,2
uc1.b4576329,8,7,1,Negro,NORP,84,89
uc1.b4576329,8,8,0,4,CARDINAL,1,2
uc1.b4576329,8,8,1,Negro,NORP,72,77
uc1.b4576329,8,8,2,"3,800",CARDINAL,154,159
uc1.b4576329,8,9,0,nine,CARDINAL,24,28
uc1.b4576329,8,10,0,two,CARDINAL,80,83
uc1.b4576329,8,10,1,Negro Hospitals,ORG,84,99
uc1.b4576329,8,11,0,the Negro Hospitals,ORG,15,34
uc1.b4576329,8,12,0,Negroes,NORP,51,58
uc1.b4576329,8,12,1,two,CARDINAL,77,80
uc1.b4576329,8,12,2,Phipps Institute,ORG,82,98
uc1.b4576329,8,12,3,Jefferson Chest Hospital,ORG,103,127
uc1.b4576329,9,0,0,PHILADELPHIA,GPE,45,57
uc1.b4576329,9,0,1,1921,DATE,61,65
uc1.b4576329,9,0,2,PHILADELPHIA,GPE,108,120
uc1.b4576329,9,1,0,PHILADELPHIA,GPE,44,56
uc1.b4576329,9,1,1,III,CARDINAL,138,141
uc1.b4576329,9,2,0,PHILADELPHIA,GPE,83,95
uc1.b4576329,9,2,1,1921,DATE,99,103
uc1.b4576329,9,3,0,1,CARDINAL,0,1
uc1.b4576329,9,3,1,Philadelphia,GPE,17,29
uc1.b4576329,9,3,2,1900,DATE,36,40
uc1.b4576329,9,3,3,1910,DATE,42,46
uc1.b4576329,9,3,4,1920,DATE,51,55
uc1.b4576329,9,4,0,Eight,CARDINAL,40,45
uc1.b4576329,9,4,1,United States,GPE,46,59
uc1.b4576329,9,4,2,"January 1, 1920",DATE,86,101
uc1.b4576329,9,5,0,Philadelphia,GPE,17,29
uc1.b4576329,9,5,1,1920,DATE,33,37
uc1.b4576329,9,5,2,Irish,NORP,95,100
uc1.b4576329,9,6,0,"100,000",CARDINAL,37,44
uc1.b4576329,9,6,1,1920,DATE,59,63
uc1.b4576329,9,6,2,Pennsylvania,GPE,91,103
uc1.b4576329,9,6,3,Philadelphia,GPE,105,117
uc1.b4576329,9,6,4,Seven,CARDINAL,122,127
uc1.b4576329,9,6,5,"700,000",CARDINAL,149,156
uc1.b4576329,9,6,6,the United States,GPE,160,177
uc1.b4576329,9,7,0,Philadelphia,GPE,29,41
uc1.b4576329,9,7,1,1920,DATE,75,79
uc1.b4576329,9,8,0,Philadelphia,GPE,47,59
uc1.b4576329,9,8,1,1911-1920,DATE,61,70
uc1.b4576329,9,9,0,Philadelphia,GPE,47,59
uc1.b4576329,9,9,1,1920,DATE,63,67
uc1.b4576329,9,10,0,Philadelphia,GPE,24,36
uc1.b4576329,9,10,1,1920,DATE,40,44
uc1.b4576329,9,11,0,Five,CARDINAL,17,21
uc1.b4576329,9,11,1,Philadelphia,GPE,46,58
uc1.b4576329,9,11,2,1921,DATE,62,66
uc1.b4576329,9,12,0,Phipps Institute Tuberculosis Clinic,ORG,18,54
uc1.b4576329,9,12,1,1921,DATE,58,62
uc1.b4576329,9,13,0,Phipps Institute Tuberculosis Clinic,ORG,18,54
uc1.b4576329,9,13,1,1921,DATE,58,62
uc1.b4576329,9,13,2,Monthly,DATE,163,170
uc1.b4576329,9,14,0,12,CARDINAL,0,2
uc1.b4576329,9,15,0,Jefferson Chest and Rush Hospital,ORG,14,47
uc1.b4576329,9,15,1,1921,DATE,59,63
uc1.b4576329,9,15,2,the End of the Year,DATE,149,168
uc1.b4576329,9,16,0,13,CARDINAL,0,2
uc1.b4576329,9,16,1,Philadelphia,GPE,54,66
uc1.b4576329,9,16,2,1921,DATE,70,74
uc1.b4576329,9,16,3,the End of the Year,DATE,143,162
uc1.b4576329,9,18,0,Philadelphia,GPE,7,19
uc1.b4576329,9,18,1,1920,DATE,71,75
uc1.b4576329,9,19,0,Philadelphia,GPE,11,23
uc1.b4576329,9,19,1,"100,000",CARDINAL,80,87
uc1.b4576329,9,19,2,1920,DATE,102,106
uc1.b4576329,9,20,0,Philadelphia,GPE,48,60
uc1.b4576329,9,20,1,1911-1920,DATE,62,71
uc1.b4576329,11,0,0,V CALIR,PERSON,5,12
uc1.b4576329,11,0,1,PHILADELPHIA,GPE,58,70
uc1.b4576329,11,0,2,1921,DATE,74,78
uc1.b4576329,11,2,0,Philadelphia,GPE,107,119
uc1.b4576329,11,2,1,the year 1921,DATE,124,137
uc1.b4576329,11,3,0,Negro,NORP,18,23
uc1.b4576329,11,4,0,Negroes,NORP,37,44
uc1.b4576329,11,4,1,Phila delphia,GPE,48,61
uc1.b4576329,11,7,0,III,CARDINAL,0,3
uc1.b4576329,11,7,1,Negroes,NORP,83,90
uc1.b4576329,11,10,0,1,CARDINAL,0,1
uc1.b4576329,11,10,1,the United States Census,ORG,29,53
uc1.b4576329,11,10,2,the years 1900,DATE,58,72
uc1.b4576329,11,10,3,1910,DATE,74,78
uc1.b4576329,11,10,4,1920,DATE,84,88
uc1.b4576329,11,10,5,United States,GPE,98,111
uc1.b4576329,11,10,6,1911 to 1920,DATE,134,146
uc1.b4576329,11,11,0,The Annual Reports of the Philadelphia Department of Health,WORK_OF_ART,0,59
uc1.b4576329,11,11,1,the years 1920 and 1921,DATE,64,87
uc1.b4576329,11,11,2,the Bureau of Medical Inspection,ORG,148,180
uc1.b4576329,11,11,3,Philadelphia,GPE,184,196
uc1.b4576329,11,11,4,1921,DATE,200,204
uc1.b4576329,11,12,0,2,CARDINAL,0,1
uc1.b4576329,11,13,0,Philadelphia,GPE,40,52
uc1.b4576329,11,14,0,3,CARDINAL,0,1
uc1.b4576329,11,15,0,Philadelphia,GPE,21,33
uc1.b4576329,11,15,1,1921,DATE,120,124
uc1.b4576329,11,16,0,the year 1921,DATE,94,107
uc1.b4576329,11,16,1,1,CARDINAL,135,136
uc1.b4576329,11,16,2,1921,DATE,138,142
uc1.b4576329,11,16,3,the last completed year,DATE,147,170
uc1.b4576329,11,17,0,2,CARDINAL,0,1
uc1.b4576329,11,17,1,years prior to 1921,DATE,18,37
uc1.b4576329,12,0,0,SADIE T. MOSSELL,PERSON,2,18
uc1.b4576329,12,0,1,PHILADELPHIA,GPE,69,81
uc1.b4576329,12,1,0,Philadelphia,GPE,24,36
uc1.b4576329,12,1,1,the United States Census of 1920,ORG,51,83
uc1.b4576329,12,1,2,"134,229",CARDINAL,88,95
uc1.b4576329,12,1,3,7.4 percent,PERCENT,100,111
uc1.b4576329,12,2,0,1,CARDINAL,20,21
uc1.b4576329,12,2,1,Negro,NORP,38,43
uc1.b4576329,12,2,2,"70,000",CARDINAL,82,88
uc1.b4576329,12,2,3,1900,DATE,95,99
uc1.b4576329,12,3,0,Fifty thousand,CARDINAL,0,14
uc1.b4576329,12,3,1,1910,DATE,52,56
uc1.b4576329,12,4,0,95 percent,PERCENT,54,64
uc1.b4576329,12,4,1,1900,DATE,93,97
uc1.b4576329,12,4,2,only 92.5 percent,PERCENT,112,129
uc1.b4576329,12,5,0,2,CARDINAL,6,7
uc1.b4576329,12,5,1,Philadelphia,GPE,48,60
uc1.b4576329,12,5,2,the United States,GPE,88,105
uc1.b4576329,12,5,3,seven,CARDINAL,111,116
uc1.b4576329,12,5,4,"700,000",CARDINAL,148,155
uc1.b4576329,12,6,0,Negro,NORP,16,21
uc1.b4576329,12,6,1,Philadelphia,GPE,36,48
uc1.b4576329,12,6,2,New York,GPE,121,129
uc1.b4576329,12,6,3,Negro,NORP,200,205
uc1.b4576329,12,6,4,Philadelphia,GPE,220,232
uc1.b4576329,12,6,5,4.7 percent,PERCENT,236,247
uc1.b4576329,12,6,6,New York,GPE,267,275
uc1.b4576329,12,7,0,Baltimore,GPE,27,36
uc1.b4576329,12,7,1,St. Louis,GPE,41,50
uc1.b4576329,12,7,2,Negro,NORP,61,66
uc1.b4576329,12,7,3,14.8 percent,PERCENT,89,101
uc1.b4576329,12,7,4,9 percent,PERCENT,107,116
uc1.b4576329,12,8,0,Negro,NORP,16,21
uc1.b4576329,12,8,1,Philadelphia,GPE,36,48
uc1.b4576329,12,8,2,3,CARDINAL,77,78
uc1.b4576329,12,8,3,Negroes,NORP,138,145
uc1.b4576329,12,9,0,North Philadelphia,LOC,60,78
uc1.b4576329,12,9,1,South Philadelphia,GPE,80,98
uc1.b4576329,12,9,2,West Philadelphia,GPE,104,121
uc1.b4576329,12,10,0,two,CARDINAL,3,6
uc1.b4576329,12,10,1,over 40 percent,PERCENT,43,58
uc1.b4576329,12,11,0,5,CARDINAL,10,11
uc1.b4576329,12,11,1,over 20 percent,PERCENT,18,33
uc1.b4576329,12,12,0,12,CARDINAL,14,16
uc1.b4576329,12,12,1,over 10 percent,PERCENT,23,38
uc1.b4576329,12,14,0,Negroes,NORP,83,90
uc1.b4576329,12,14,1,30,CARDINAL,131,133
uc1.b4576329,12,14,2,7,CARDINAL,135,136
uc1.b4576329,12,14,3,5,CARDINAL,138,139
uc1.b4576329,12,14,4,6,CARDINAL,141,142
uc1.b4576329,12,14,5,8,CARDINAL,144,145
uc1.b4576329,12,14,6,9,CARDINAL,147,148
uc1.b4576329,12,14,7,10,CARDINAL,153,155
uc1.b4576329,12,14,8,a large percent,PERCENT,161,176
uc1.b4576329,12,15,0,30,CARDINAL,5,7
uc1.b4576329,12,15,1,Broad St.,FAC,29,38
uc1.b4576329,12,15,2,the Schuylkill River,LOC,52,72
uc1.b4576329,12,15,3,Washington Avenue,FAC,86,103
uc1.b4576329,12,15,4,South Street,FAC,121,133
uc1.b4576329,12,15,5,53 percent,PERCENT,151,161
uc1.b4576329,12,16,0,7,CARDINAL,20,21
uc1.b4576329,12,16,1,7th Street,FAC,50,60
uc1.b4576329,12,16,2,South Street,FAC,62,74
uc1.b4576329,12,16,3,Spruce Street,FAC,76,89
uc1.b4576329,12,16,4,the Schuylkill River,LOC,94,114
uc1.b4576329,12,16,5,47 percent,PERCENT,118,128
uc1.b4576329,12,18,0,two,CARDINAL,6,9
uc1.b4576329,12,19,0,8,CARDINAL,6,7
uc1.b4576329,12,19,1,9,CARDINAL,12,13
uc1.b4576329,12,19,2,13,CARDINAL,18,20
uc1.b4576329,13,0,0,PHILADELPHIA,GPE,39,51
uc1.b4576329,13,0,1,1921,DATE,55,59
uc1.b4576329,13,0,2,9 cent,PERCENT,60,66
uc1.b4576329,13,1,0,5,CARDINAL,16,17
uc1.b4576329,13,1,1,6,CARDINAL,19,20
uc1.b4576329,13,1,2,10,CARDINAL,25,27
uc1.b4576329,13,1,3,between 5 and 10 percent,PERCENT,28,52
uc1.b4576329,13,3,0,North Philadelphia-,GPE,0,19
uc1.b4576329,13,4,0,North Philadelphia,LOC,3,21
uc1.b4576329,13,4,1,Negro,NORP,39,44
uc1.b4576329,13,4,2,"47, 28 percent",PERCENT,78,92
uc1.b4576329,13,5,0,"20, 18 percent",PERCENT,7,21
uc1.b4576329,13,6,0,"14, 27 percent",PERCENT,7,21
uc1.b4576329,13,7,0,"13, 11 percent",PERCENT,7,21
uc1.b4576329,13,9,0,15,CARDINAL,22,24
uc1.b4576329,13,9,1,29,CARDINAL,26,28
uc1.b4576329,13,9,2,32,CARDINAL,34,36
uc1.b4576329,13,9,3,between 5 and 10 percent,PERCENT,41,65
uc1.b4576329,13,11,0,Negroes,NORP,27,34
uc1.b4576329,13,11,1,Montgomery Avenue,FAC,91,108
uc1.b4576329,13,11,2,13th Street,FAC,125,136
uc1.b4576329,13,11,3,Melon Street,FAC,154,166
uc1.b4576329,13,11,4,9th Street,FAC,186,196
uc1.b4576329,13,12,0,Negroes,NORP,37,44
uc1.b4576329,13,12,1,Philadelphia,GPE,48,60
uc1.b4576329,13,13,0,Philadelphia,GPE,28,40
uc1.b4576329,13,13,1,"36, 24 percent",PERCENT,47,61
uc1.b4576329,13,14,0,"26, 9 percent",PERCENT,7,20
uc1.b4576329,13,15,0,"2, 6 percent",PERCENT,7,19
uc1.b4576329,13,16,0,"3, 8 percent",PERCENT,7,19
uc1.b4576329,13,17,0,"4, 16 percent",PERCENT,7,20
uc1.b4576329,13,18,0,Negro,NORP,24,29
uc1.b4576329,13,19,0,Negroes,NORP,16,23
uc1.b4576329,13,19,1,Lombard Street,FAC,82,96
uc1.b4576329,13,19,2,McKean Street,FAC,143,156
uc1.b4576329,13,19,3,15th,ORDINAL,170,174
uc1.b4576329,13,20,0,Negroes,NORP,40,47
uc1.b4576329,13,20,1,Philadelphia,GPE,51,63
uc1.b4576329,13,21,0,Philadelphia,GPE,62,74
uc1.b4576329,13,21,1,Negroes,NORP,75,82
uc1.b4576329,13,21,2,Negro,NORP,131,136
uc1.b4576329,13,21,3,Philadelphia,GPE,140,152
uc1.b4576329,13,23,0,Philadelphia,GPE,5,17
uc1.b4576329,13,23,1,the Schuylkill River,LOC,25,45
uc1.b4576329,13,23,2,30,CARDINAL,57,59
uc1.b4576329,13,23,3,7,CARDINAL,64,65
uc1.b4576329,13,24,0,Negroes,NORP,3,10
uc1.b4576329,13,24,1,24,CARDINAL,60,62
uc1.b4576329,13,24,2,27,CARDINAL,67,69
uc1.b4576329,13,24,3,14 percent,PERCENT,88,98
uc1.b4576329,13,24,4,12 percent,PERCENT,104,114
uc1.b4576329,13,26,0,Negroes,NORP,4,11
uc1.b4576329,13,26,1,Reno Street,FAC,106,117
uc1.b4576329,13,26,2,39th Street,FAC,134,145
uc1.b4576329,13,26,3,Haverford Avenue,FAC,163,179
uc1.b4576329,13,26,4,37th Street,FAC,199,210
uc1.b4576329,13,27,0,Southern States,LOC,53,68
uc1.b4576329,13,27,1,Philadelphia,GPE,81,93
uc1.b4576329,13,27,2,1917,DATE,101,105
uc1.b4576329,13,27,3,1918,DATE,110,114
uc1.b4576329,13,28,0,Philadelphia,GPE,48,60
uc1.b4576329,13,28,1,West,LOC,100,104
uc1.b4576329,14,0,0,10,CARDINAL,0,2
uc1.b4576329,14,0,1,SADIE T. MOSSELL,PERSON,3,19
uc1.b4576329,14,0,2,Philadelphia,GPE,20,32
uc1.b4576329,14,0,3,War,EVENT,55,58
uc1.b4576329,14,5,0,Negro,NORP,49,54
uc1.b4576329,14,5,1,Germantown,GPE,98,108
uc1.b4576329,14,5,2,Tioga,GPE,110,115
uc1.b4576329,14,6,0,22,CARDINAL,8,10
uc1.b4576329,14,6,1,Germantown,GPE,29,39
uc1.b4576329,14,6,2,8 percent,PERCENT,41,50
uc1.b4576329,14,6,3,Negro,NORP,73,78
uc1.b4576329,14,7,0,two,CARDINAL,10,13
uc1.b4576329,14,7,1,Negroes,NORP,29,36
uc1.b4576329,14,7,2,Germantown,GPE,40,50
uc1.b4576329,14,8,0,first,ORDINAL,4,9
uc1.b4576329,14,8,1,Newhall Street,FAC,69,83
uc1.b4576329,14,8,2,Queen Lane,FAC,90,100
uc1.b4576329,14,8,3,Winona Street,FAC,104,117
uc1.b4576329,14,8,4,Earlham Terrace,FAC,134,149
uc1.b4576329,14,8,5,Winona Street,FAC,154,167
uc1.b4576329,14,8,6,Schuyler Street,FAC,185,200
uc1.b4576329,14,8,7,West Penn Street,FAC,220,236
uc1.b4576329,14,9,0,second,ORDINAL,4,10
uc1.b4576329,14,9,1,Negroes,NORP,25,32
uc1.b4576329,14,9,2,Germantown,GPE,36,46
uc1.b4576329,14,9,3,the Philadelphia and Reading Railroad,ORG,114,151
uc1.b4576329,14,9,4,Walnut Lane,FAC,155,166
uc1.b4576329,14,9,5,Mayland Street,FAC,195,209
uc1.b4576329,14,9,6,Germantown Avenue,FAC,226,243
uc1.b4576329,14,9,7,Haines and Mechanic Streets,FAC,261,288
uc1.b4576329,14,10,0,Negroes,NORP,80,87
uc1.b4576329,14,10,1,Germantown,GPE,91,101
uc1.b4576329,14,12,0,37,CARDINAL,5,7
uc1.b4576329,14,12,1,Tioga,GPE,28,33
uc1.b4576329,14,12,2,5 percent,PERCENT,38,47
uc1.b4576329,14,14,0,Negroes,NORP,22,29
uc1.b4576329,14,14,1,Madison Street,FAC,93,107
uc1.b4576329,14,14,2,20th Street,FAC,122,133
uc1.b4576329,14,14,3,22d Street,FAC,147,157
uc1.b4576329,14,14,4,Allegheny Avenue,FAC,174,190
uc1.b4576329,14,15,0,40,CARDINAL,5,7
uc1.b4576329,14,15,1,5 percent,PERCENT,50,59
uc1.b4576329,14,16,0,Negro,NORP,0,5
uc1.b4576329,14,17,0,two,CARDINAL,10,13
uc1.b4576329,14,17,1,Negro,NORP,14,19
uc1.b4576329,14,17,2,one,CARDINAL,38,41
uc1.b4576329,14,17,3,Darby,GPE,53,58
uc1.b4576329,14,17,4,82d Street,FAC,105,115
uc1.b4576329,14,17,5,Holstein Street,FAC,132,147
uc1.b4576329,14,17,6,88th Street,FAC,165,176
uc1.b4576329,14,17,7,Ashwood Street,FAC,196,210
uc1.b4576329,14,18,0,Negro,NORP,26,31
uc1.b4576329,14,18,1,Germantown,GPE,46,56
uc1.b4576329,15,0,0,NEGRO TUBERCULOSIS,PERSON,9,27
uc1.b4576329,15,0,1,PHILADELPHIA,GPE,39,51
uc1.b4576329,15,0,2,1921,DATE,55,59
uc1.b4576329,15,1,0,3,CARDINAL,37,38
uc1.b4576329,15,1,1,Negro,NORP,86,91
uc1.b4576329,15,1,2,30,CARDINAL,200,202
uc1.b4576329,15,1,3,7,CARDINAL,207,208
uc1.b4576329,15,2,0,Negroes,NORP,0,7
uc1.b4576329,15,2,1,11th,ORDINAL,15,19
uc1.b4576329,15,2,2,10th,ORDINAL,24,28
uc1.b4576329,15,2,3,3,CARDINAL,102,103
uc1.b4576329,15,2,4,2,CARDINAL,108,109
uc1.b4576329,15,2,5,8 percent,PERCENT,157,166
uc1.b4576329,15,2,6,6 percent,PERCENT,172,181
uc1.b4576329,15,4,0,a large percent,PERCENT,46,61
uc1.b4576329,15,4,1,Negroes,NORP,66,73
uc1.b4576329,15,4,2,Negroes,NORP,130,137
uc1.b4576329,15,5,0,II,CARDINAL,5,7
uc1.b4576329,15,6,0,PHILADELPHIA,GPE,44,56
uc1.b4576329,15,8,0,Philadelphia,GPE,13,25
uc1.b4576329,15,8,1,seven,CARDINAL,31,36
uc1.b4576329,15,8,2,the United States,GPE,53,70
uc1.b4576329,15,8,3,"over 700,000",CARDINAL,74,86
uc1.b4576329,15,8,4,two,CARDINAL,145,148
uc1.b4576329,15,8,5,"100,000",CARDINAL,231,238
uc1.b4576329,15,8,6,Baltimore,GPE,336,345
uc1.b4576329,15,9,0,Boston,GPE,24,30
uc1.b4576329,15,10,0,4,CARDINAL,7,8
uc1.b4576329,15,11,0,the State of Pennsylvania,GPE,19,44
uc1.b4576329,15,12,0,Pennsylvania,GPE,117,129
uc1.b4576329,15,12,1,New York,GPE,183,191
uc1.b4576329,15,12,2,Cleveland,GPE,193,202
uc1.b4576329,15,12,3,Boston,GPE,208,214
uc1.b4576329,15,13,0,Baltimore,GPE,40,49
uc1.b4576329,15,13,1,St. Louis,GPE,54,63
uc1.b4576329,15,13,2,Negro,NORP,91,96
uc1.b4576329,15,13,3,three,CARDINAL,162,167
uc1.b4576329,15,13,4,Philadelphia,GPE,197,209
uc1.b4576329,15,14,0,Philadelphia,GPE,45,57
uc1.b4576329,15,14,1,1920,DATE,61,65
uc1.b4576329,15,14,2,5,CARDINAL,82,83
uc1.b4576329,15,14,3,fourth,ORDINAL,142,148
uc1.b4576329,16,2,0,first,ORDINAL,132,137
uc1.b4576329,16,2,1,third,ORDINAL,142,147
uc1.b4576329,16,2,2,third,ORDINAL,179,184
uc1.b4576329,16,2,3,fourth,ORDINAL,189,195
uc1.b4576329,16,3,0,Philadelphia,GPE,60,72
uc1.b4576329,16,3,1,1911 to 1920,DATE,73,85
uc1.b4576329,16,3,2,6,CARDINAL,102,103
uc1.b4576329,16,3,3,between 212 and 3,CARDINAL,147,164
uc1.b4576329,16,3,4,this period of years,DATE,209,229
uc1.b4576329,16,5,0,1918,DATE,58,62
uc1.b4576329,16,5,1,that year,DATE,124,133
uc1.b4576329,16,7,0,6,CARDINAL,6,7
uc1.b4576329,16,7,1,about 85 percent,PERCENT,68,84
uc1.b4576329,16,7,2,Negroes,NORP,144,151
uc1.b4576329,16,7,3,Negro,NORP,166,171
uc1.b4576329,16,7,4,212,CARDINAL,222,225
uc1.b4576329,16,7,5,3,CARDINAL,229,230
uc1.b4576329,16,8,0,recent years,DATE,128,140
uc1.b4576329,16,9,0,3,CARDINAL,57,58
uc1.b4576329,16,9,1,32,CARDINAL,62,64
uc1.b4576329,16,9,2,the years 1919,DATE,116,130
uc1.b4576329,16,9,3,1920,DATE,135,139
uc1.b4576329,16,10,0,1917,DATE,120,124
uc1.b4576329,16,10,1,Negroes,NORP,188,195
uc1.b4576329,16,11,0,7,CARDINAL,21,22
uc1.b4576329,16,11,1,"100,000",CARDINAL,90,97
uc1.b4576329,16,11,2,Philadelphia,GPE,112,124
uc1.b4576329,16,11,3,1920,DATE,128,132
uc1.b4576329,16,11,4,30,CARDINAL,203,205
uc1.b4576329,16,11,5,7,CARDINAL,207,208
uc1.b4576329,16,11,6,8,CARDINAL,210,211
uc1.b4576329,16,11,7,5,CARDINAL,213,214
uc1.b4576329,16,11,8,6,CARDINAL,216,217
uc1.b4576329,16,11,9,10,CARDINAL,223,225
uc1.b4576329,16,12,0,6,CARDINAL,6,7
uc1.b4576329,16,12,1,7,CARDINAL,9,10
uc1.b4576329,16,12,2,10,CARDINAL,16,18
uc1.b4576329,16,12,3,300,CARDINAL,45,48
uc1.b4576329,16,12,4,"100,000",CARDINAL,53,60
uc1.b4576329,16,12,5,5,CARDINAL,83,84
uc1.b4576329,16,12,6,8,CARDINAL,86,87
uc1.b4576329,16,12,7,30,CARDINAL,93,95
uc1.b4576329,16,12,8,200,CARDINAL,123,126
uc1.b4576329,16,13,0,27,CARDINAL,5,7
uc1.b4576329,16,13,1,West,LOC,11,15
uc1.b4576329,17,0,0,NEGRO TUBERCULOSIS,PERSON,9,27
uc1.b4576329,17,0,1,PHILADELPHIA,GPE,39,51
uc1.b4576329,17,0,2,1921,DATE,55,59
uc1.b4576329,17,1,0,Philadelphia,GPE,0,12
uc1.b4576329,17,1,1,412,CARDINAL,49,52
uc1.b4576329,17,1,2,"100,000",CARDINAL,57,64
uc1.b4576329,17,3,0,the Philadelphia General Hospital,ORG,14,47
uc1.b4576329,17,3,1,27,CARDINAL,67,69
uc1.b4576329,17,4,0,35,CARDINAL,106,108
uc1.b4576329,17,4,1,208,CARDINAL,130,133
uc1.b4576329,17,4,2,"100,000",CARDINAL,138,145
uc1.b4576329,17,5,0,8,CARDINAL,33,34
uc1.b4576329,17,5,1,Negro,NORP,99,104
uc1.b4576329,17,5,2,Philadelphia,GPE,189,201
uc1.b4576329,17,6,0,27,CARDINAL,59,61
uc1.b4576329,17,6,1,7,CARDINAL,63,64
uc1.b4576329,17,6,2,30,CARDINAL,66,68
uc1.b4576329,17,6,3,8,CARDINAL,70,71
uc1.b4576329,17,6,4,5,CARDINAL,73,74
uc1.b4576329,17,6,5,6,CARDINAL,76,77
uc1.b4576329,17,6,6,10,CARDINAL,82,84
uc1.b4576329,17,8,0,Ward 30,FAC,13,20
uc1.b4576329,17,8,1,265,CARDINAL,93,96
uc1.b4576329,17,8,2,"100,000",CARDINAL,101,108
uc1.b4576329,17,8,3,six,CARDINAL,137,140
uc1.b4576329,17,9,0,9,CARDINAL,11,12
uc1.b4576329,17,9,1,13 percent,PERCENT,22,32
uc1.b4576329,17,10,0,82,CARDINAL,77,79
uc1.b4576329,17,10,1,"100,000",CARDINAL,84,91
uc1.b4576329,17,11,0,Philadelphia,GPE,56,68
uc1.b4576329,17,11,1,Negro,NORP,121,126
uc1.b4576329,17,12,0,Irish,NORP,60,65
uc1.b4576329,17,12,1,Irish,NORP,94,99
uc1.b4576329,17,12,2,3,CARDINAL,168,169
uc1.b4576329,17,13,0,6,CARDINAL,16,17
uc1.b4576329,17,13,1,only 5 percent,PERCENT,38,52
uc1.b4576329,17,14,0,Negroes,NORP,0,7
uc1.b4576329,17,14,1,354,CARDINAL,45,48
uc1.b4576329,17,14,2,"100,000",CARDINAL,53,60
uc1.b4576329,17,15,0,4 percent,PERCENT,60,69
uc1.b4576329,17,15,1,Irish,NORP,71,76
uc1.b4576329,17,16,0,6 percent,PERCENT,14,23
uc1.b4576329,17,16,1,30,CARDINAL,51,53
uc1.b4576329,17,16,2,Irish,NORP,57,62
uc1.b4576329,17,16,3,53 percent,PERCENT,157,167
uc1.b4576329,17,16,4,Negro,NORP,190,195
uc1.b4576329,17,17,0,8,CARDINAL,6,7
uc1.b4576329,17,17,1,2,CARDINAL,65,66
uc1.b4576329,17,17,2,3,CARDINAL,68,69
uc1.b4576329,17,17,3,4,CARDINAL,71,72
uc1.b4576329,17,17,4,13,CARDINAL,74,76
uc1.b4576329,17,17,5,14,CARDINAL,81,83
uc1.b4576329,17,17,6,the greatest percent,PERCENT,134,154
uc1.b4576329,17,17,7,Negro,NORP,159,164
uc1.b4576329,18,1,0,annual,DATE,4,10
uc1.b4576329,18,1,1,the Department of Public Health,ORG,21,52
uc1.b4576329,18,1,2,1921,DATE,73,77
uc1.b4576329,18,1,3,429,CARDINAL,84,87
uc1.b4576329,18,1,4,Philadelphia,GPE,104,116
uc1.b4576329,18,2,0,Framingham,ORG,37,47
uc1.b4576329,18,2,1,9,CARDINAL,77,78
uc1.b4576329,18,2,2,"3,800",CARDINAL,159,164
uc1.b4576329,18,2,3,Negroes,NORP,193,200
uc1.b4576329,18,2,4,Philadelphia,GPE,204,216
uc1.b4576329,18,2,5,that year,DATE,224,233
uc1.b4576329,18,3,0,"3,632",CARDINAL,7,12
uc1.b4576329,18,3,1,1921,DATE,47,51
uc1.b4576329,18,3,2,the Bureau of Medical Inspection of Philadelphia,ORG,55,103
uc1.b4576329,18,3,3,"1,245",CARDINAL,105,110
uc1.b4576329,18,3,4,Negroes,NORP,116,123
uc1.b4576329,18,4,0,Philadelphia,GPE,85,97
uc1.b4576329,18,4,1,1921,DATE,101,105
uc1.b4576329,18,4,2,305,CARDINAL,117,120
uc1.b4576329,18,4,3,Negro,NORP,121,126
uc1.b4576329,18,4,4,490,CARDINAL,162,165
uc1.b4576329,18,5,0,"1,245",CARDINAL,43,48
uc1.b4576329,18,5,1,the Health Department,ORG,67,88
uc1.b4576329,18,6,0,1920,DATE,3,7
uc1.b4576329,18,6,1,only 667,CARDINAL,19,27
uc1.b4576329,18,6,2,Negro,NORP,28,33
uc1.b4576329,18,7,0,"1,912",CARDINAL,22,27
uc1.b4576329,18,7,1,1920,DATE,46,50
uc1.b4576329,18,7,2,1921,DATE,55,59
uc1.b4576329,18,8,0,"3,800",CARDINAL,43,48
uc1.b4576329,18,8,1,1921,DATE,65,69
uc1.b4576329,18,8,2,"1,912",CARDINAL,78,83
uc1.b4576329,18,8,3,1920,DATE,102,106
uc1.b4576329,18,8,4,1921,DATE,111,115
uc1.b4576329,18,8,5,"almost 2,000",CARDINAL,143,155
uc1.b4576329,18,8,6,Negroes,NORP,168,175
uc1.b4576329,18,9,0,"2,000",CARDINAL,14,19
uc1.b4576329,18,10,0,III,CARDINAL,5,8
uc1.b4576329,18,11,0,PHILADELPHIA,GPE,83,95
uc1.b4576329,18,11,1,1921,DATE,99,103
uc1.b4576329,18,11,2,ten,CARDINAL,115,118
uc1.b4576329,18,11,3,Negroes,NORP,232,239
uc1.b4576329,18,11,4,Philadelphia,GPE,243,255
uc1.b4576329,18,11,5,1921,DATE,259,263
uc1.b4576329,18,12,0,Phipps Institute,ORG,33,49
uc1.b4576329,18,12,1,7th and Lombard Streets,DATE,51,74
uc1.b4576329,18,13,0,Jefferson Chest,ORG,0,15
uc1.b4576329,18,13,1,238,CARDINAL,17,20
uc1.b4576329,18,13,2,Pine Street,FAC,21,32
uc1.b4576329,18,14,0,State Clinic No. 21,ORG,0,19
uc1.b4576329,18,14,1,1724,CARDINAL,21,25
uc1.b4576329,18,14,2,Cherry Street,FAC,26,39
uc1.b4576329,18,15,0,State Clinic No. 107,ORG,0,20
uc1.b4576329,18,15,1,Frankford Avenue,FAC,22,38
uc1.b4576329,18,15,2,Palmer Street,FAC,43,56
uc1.b4576329,18,16,0,Philadelphia General Hospital,ORG,0,29
uc1.b4576329,18,16,1,34th and Pine Streets,DATE,31,52
uc1.b4576329,18,17,0,1,CARDINAL,0,1
uc1.b4576329,19,0,0,PHILADELPHIA,GPE,39,51
uc1.b4576329,19,0,1,1921,DATE,55,59
uc1.b4576329,19,1,0,Rush Hospital,ORG,0,13
uc1.b4576329,19,1,1,33d Street,FAC,26,36
uc1.b4576329,19,1,2,Lancaster Avenue,FAC,41,57
uc1.b4576329,19,2,0,Polyclinic Hospital,ORG,26,45
uc1.b4576329,19,2,1,18th,ORDINAL,47,51
uc1.b4576329,19,2,2,Lombard Streets,FAC,56,71
uc1.b4576329,19,3,0,U. S. Veterans' Bureau,ORG,0,22
uc1.b4576329,19,3,1,20th,ORDINAL,24,28
uc1.b4576329,19,3,2,Arch Streets,FAC,33,45
uc1.b4576329,19,4,0,State Dispensary No. 88,ORG,0,23
uc1.b4576329,19,4,1,Allegheny Avenue,FAC,25,41
uc1.b4576329,19,4,2,Tulip Street,FAC,46,58
uc1.b4576329,19,5,0,Kensington Dispensary,FAC,0,21
uc1.b4576329,19,5,1,Hancock,GPE,23,30
uc1.b4576329,19,5,2,Susquehanna Avenue,FAC,35,53
uc1.b4576329,19,6,0,only five,CARDINAL,10,19
uc1.b4576329,19,6,1,Phipps Institute,ORG,29,45
uc1.b4576329,19,6,2,Jefferson Chest,ORG,47,62
uc1.b4576329,19,6,3,State Clinic No. 21,ORG,64,83
uc1.b4576329,19,6,4,State Clinic No. 107,ORG,85,105
uc1.b4576329,19,6,5,Rush Hospital Clinic,ORG,111,131
uc1.b4576329,19,6,6,two,CARDINAL,137,140
uc1.b4576329,19,6,7,Philadelphia General,ORG,152,172
uc1.b4576329,19,6,8,Rush,ORG,177,181
uc1.b4576329,19,6,9,that year,DATE,260,269
uc1.b4576329,19,7,0,State Dispensary No. 88,ORG,0,23
uc1.b4576329,19,7,1,October,DATE,38,45
uc1.b4576329,19,7,2,1921,DATE,47,51
uc1.b4576329,19,7,3,the remainder of,DATE,94,110
uc1.b4576329,19,7,4,the year,DATE,111,119
uc1.b4576329,19,8,0,The United States Veterans' Bureau,ORG,0,34
uc1.b4576329,19,9,0,Polyclinic Hospital,ORG,36,55
uc1.b4576329,19,9,1,Kensington Dispensary,ORG,60,81
uc1.b4576329,19,10,0,five,CARDINAL,33,37
uc1.b4576329,19,10,1,two,CARDINAL,50,53
uc1.b4576329,19,10,2,1921,DATE,97,101
uc1.b4576329,19,10,3,9,CARDINAL,147,148
uc1.b4576329,19,10,4,10,CARDINAL,150,152
uc1.b4576329,19,10,5,11,CARDINAL,154,156
uc1.b4576329,19,10,6,12,CARDINAL,158,160
uc1.b4576329,19,10,7,13,CARDINAL,166,168
uc1.b4576329,19,11,0,Phipps Institute,ORG,16,32
uc1.b4576329,19,11,1,Jefferson Chest,ORG,34,49
uc1.b4576329,19,11,2,Rush Hospital,ORG,55,68
uc1.b4576329,19,11,3,monthly,DATE,141,148
uc1.b4576329,19,11,4,annual,DATE,152,158
uc1.b4576329,19,12,0,two,CARDINAL,26,29
uc1.b4576329,19,12,1,State Clinics No. 21,ORG,66,86
uc1.b4576329,19,12,2,107,CARDINAL,95,98
uc1.b4576329,19,12,3,monthly,DATE,119,126
uc1.b4576329,19,13,0,State,ORG,122,127
uc1.b4576329,19,13,1,monthly,DATE,152,159
uc1.b4576329,20,0,0,SADIE T. MOSSELL,PERSON,3,19
uc1.b4576329,20,2,0,Philadelphia,GPE,177,189
uc1.b4576329,20,3,0,9,CARDINAL,31,32
uc1.b4576329,20,3,1,Negro,NORP,72,77
uc1.b4576329,20,3,2,1921,DATE,99,103
uc1.b4576329,20,3,3,"4,466",CARDINAL,113,118
uc1.b4576329,20,3,4,774,CARDINAL,135,138
uc1.b4576329,20,3,5,Negro,NORP,144,149
uc1.b4576329,20,3,6,17 percent,PERCENT,164,174
uc1.b4576329,20,4,0,774,CARDINAL,9,12
uc1.b4576329,20,4,1,305 or 39 percent,PERCENT,29,46
uc1.b4576329,20,5,0,The Phipps Institute,ORG,0,20
uc1.b4576329,20,5,1,State Clinic No. 21,ORG,85,104
uc1.b4576329,20,5,2,Jefferson Chest,ORG,109,124
uc1.b4576329,20,6,0,Thirty percent,PERCENT,0,14
uc1.b4576329,20,6,1,Phipps Institute,ORG,44,60
uc1.b4576329,20,6,2,19 percent,PERCENT,87,97
uc1.b4576329,20,6,3,12 percent,PERCENT,103,113
uc1.b4576329,20,7,0,Jefferson Chest,ORG,17,32
uc1.b4576329,20,7,1,State Clinic No. 21,ORG,37,56
uc1.b4576329,20,8,0,Rush Hospital,ORG,28,41
uc1.b4576329,20,8,1,82 percent,PERCENT,59,69
uc1.b4576329,20,8,2,Phipps Institute,ORG,118,134
uc1.b4576329,20,8,3,State Clinic No. 21,ORG,139,158
uc1.b4576329,20,8,4,only 31 and 46 percent,PERCENT,169,191
uc1.b4576329,20,9,0,10,CARDINAL,7,9
uc1.b4576329,20,9,1,11,CARDINAL,14,16
uc1.b4576329,20,9,2,Phipps Institute,ORG,56,72
uc1.b4576329,20,10,0,"the period from January 1 to December 31, 1921",DATE,72,118
uc1.b4576329,20,10,1,"2,318",CARDINAL,131,136
uc1.b4576329,20,10,2,521,CARDINAL,156,159
uc1.b4576329,20,10,3,22 percent,PERCENT,163,173
uc1.b4576329,20,11,0,Negroes,NORP,13,20
uc1.b4576329,20,12,0,44 percent,PERCENT,32,42
uc1.b4576329,20,12,1,56 percent,PERCENT,66,76
uc1.b4576329,20,14,0,Fifty percent,PERCENT,0,13
uc1.b4576329,20,14,1,50 percent,PERCENT,50,60
uc1.b4576329,20,14,2,25 percent,PERCENT,73,83
uc1.b4576329,20,14,3,Negro,NORP,92,97
uc1.b4576329,20,14,4,75 percent,PERCENT,120,130
uc1.b4576329,20,16,0,the year,DATE,260,268
uc1.b4576329,20,16,1,the end of the year,DATE,303,322
uc1.b4576329,20,16,2,1,CARDINAL,354,355
uc1.b4576329,20,16,3,3.6,CARDINAL,402,405
uc1.b4576329,20,16,4,3.3,CARDINAL,448,451
uc1.b4576329,20,17,0,months,DATE,125,131
uc1.b4576329,21,0,0,PHILADELPHIA,GPE,39,51
uc1.b4576329,21,0,1,1921,DATE,55,59
uc1.b4576329,21,0,2,17,CARDINAL,60,62
uc1.b4576329,21,1,0,58 percent,PERCENT,12,22
uc1.b4576329,21,1,1,less than one month,DATE,65,84
uc1.b4576329,21,1,2,only 53 percent,PERCENT,86,101
uc1.b4576329,21,2,0,Negroes,NORP,7,14
uc1.b4576329,21,3,0,Twenty-eight percent,PERCENT,0,20
uc1.b4576329,21,4,0,Negroes,NORP,7,14
uc1.b4576329,21,4,1,1 to 3 months,DATE,43,56
uc1.b4576329,21,4,2,24 percent,PERCENT,68,78
uc1.b4576329,21,5,0,10 percent,PERCENT,19,29
uc1.b4576329,21,6,0,Negroes,NORP,7,14
uc1.b4576329,21,6,1,4 to 6 months,DATE,43,56
uc1.b4576329,21,6,2,8 percent,PERCENT,68,77
uc1.b4576329,21,7,0,Eleven percent,PERCENT,0,14
uc1.b4576329,21,8,0,7 months to 1 year,DATE,35,53
uc1.b4576329,21,8,1,10 percent,PERCENT,73,83
uc1.b4576329,21,9,0,Negroes,NORP,7,14
uc1.b4576329,21,10,0,2) Eighteen percent,PERCENT,1,20
uc1.b4576329,21,11,0,Negroes,NORP,19,26
uc1.b4576329,21,11,1,the end of the year,DATE,71,90
uc1.b4576329,21,12,0,3) Three percent,PERCENT,1,17
uc1.b4576329,21,13,0,1 percent,PERCENT,38,47
uc1.b4576329,21,15,0,4),PERCENT,1,3
uc1.b4576329,21,15,1,Fifty-six percent,PERCENT,4,21
uc1.b4576329,21,16,0,61 percent,PERCENT,78,88
uc1.b4576329,21,17,0,23 percent,PERCENT,19,29
uc1.b4576329,21,17,1,Negro,NORP,38,43
uc1.b4576329,21,17,2,20 percent,PERCENT,94,104
uc1.b4576329,21,18,0,Negroes,NORP,36,43
uc1.b4576329,21,18,1,Phipps Institute,ORG,74,90
uc1.b4576329,21,18,2,1921,DATE,94,98
uc1.b4576329,21,19,0,Negroes,NORP,42,49
uc1.b4576329,21,19,1,Negro,NORP,101,106
uc1.b4576329,21,19,2,Negro,NORP,151,156
uc1.b4576329,21,20,0,1921,DATE,3,7
uc1.b4576329,21,20,1,the Philadelphia Health Council,ORG,8,39
uc1.b4576329,21,20,2,one,CARDINAL,76,79
uc1.b4576329,21,20,3,two,CARDINAL,96,99
uc1.b4576329,21,20,4,the entire year,DATE,129,144
uc1.b4576329,21,20,5,Negro,NORP,165,170
uc1.b4576329,21,20,6,the last 4 months of the year,DATE,178,207
uc1.b4576329,21,21,0,12,CARDINAL,6,8
uc1.b4576329,21,21,1,Rush Hospital,ORG,35,48
uc1.b4576329,21,21,2,Jefferson Chest,ORG,53,68
uc1.b4576329,21,22,0,months,DATE,33,39
uc1.b4576329,21,22,1,Phipps Institute,ORG,107,123
uc1.b4576329,21,24,0,two,CARDINAL,27,30
uc1.b4576329,21,24,1,monthly,DATE,146,153
uc1.b4576329,21,24,2,annual,DATE,182,188
uc1.b4576329,22,0,0,SADIE T. MOSSELL,PERSON,3,19
uc1.b4576329,22,0,1,12,CARDINAL,26,28
uc1.b4576329,22,0,2,Negro,NORP,44,49
uc1.b4576329,22,0,3,Rush Hospital,ORG,64,77
uc1.b4576329,22,0,4,1921,DATE,88,92
uc1.b4576329,22,0,5,17,CARDINAL,141,143
uc1.b4576329,22,0,6,Jefferson Chest,ORG,163,178
uc1.b4576329,22,0,7,Negro,NORP,198,203
uc1.b4576329,22,1,0,Negro,NORP,4,9
uc1.b4576329,22,1,1,2,CARDINAL,42,43
uc1.b4576329,22,1,2,2.4,CARDINAL,74,77
uc1.b4576329,22,1,3,Negro,NORP,122,127
uc1.b4576329,22,1,4,Rush Hospital,ORG,140,153
uc1.b4576329,22,1,5,1.8,CARDINAL,170,173
uc1.b4576329,22,1,6,1.7,CARDINAL,204,207
uc1.b4576329,22,2,0,one,CARDINAL,25,28
uc1.b4576329,22,2,1,1,CARDINAL,48,49
uc1.b4576329,22,2,2,Jefferson Chest,ORG,81,96
uc1.b4576329,22,2,3,this year,DATE,104,113
uc1.b4576329,22,2,4,Negroes,NORP,179,186
uc1.b4576329,22,3,0,Rush Hospital,ORG,0,13
uc1.b4576329,22,3,1,Negro,NORP,82,87
uc1.b4576329,22,3,2,Rush Hospital,ORG,119,132
uc1.b4576329,22,4,0,Jefferson Chest,ORG,0,15
uc1.b4576329,22,4,1,a large percent,PERCENT,38,53
uc1.b4576329,22,4,2,60 and,PERCENT,124,130
uc1.b4576329,22,4,3,62 percent,PERCENT,131,141
uc1.b4576329,22,5,0,Only 7 percent,PERCENT,0,14
uc1.b4576329,22,5,1,Jefferson Chest,ORG,48,63
uc1.b4576329,22,5,2,1921,DATE,74,78
uc1.b4576329,22,5,3,22 percent,PERCENT,88,98
uc1.b4576329,22,6,0,only 2,CARDINAL,4,10
uc1.b4576329,22,6,1,Negro,NORP,36,41
uc1.b4576329,22,6,2,this year,DATE,70,79
uc1.b4576329,22,6,3,Philadelphia General Hospital,ORG,85,114
uc1.b4576329,22,6,4,235,CARDINAL,121,124
uc1.b4576329,22,6,5,Rush Hospital,ORG,152,165
uc1.b4576329,22,6,6,38,CARDINAL,171,173
uc1.b4576329,22,7,0,2,CARDINAL,4,5
uc1.b4576329,22,7,1,Frederick Douglass Memorial,ORG,23,50
uc1.b4576329,22,7,2,Mercy,ORG,55,60
uc1.b4576329,22,8,0,Jefferson Chest,ORG,0,15
uc1.b4576329,22,8,1,40,CARDINAL,20,22
uc1.b4576329,22,8,2,Negroes,NORP,115,122
uc1.b4576329,22,8,3,1921,DATE,126,130
uc1.b4576329,22,9,0,13,CARDINAL,6,8
uc1.b4576329,22,9,1,Negroes,NORP,41,48
uc1.b4576329,22,9,2,Philadelphia General,ORG,61,81
uc1.b4576329,22,9,3,Rush,ORG,86,90
uc1.b4576329,22,9,4,1921,DATE,104,108
uc1.b4576329,22,10,0,the Philadelphia General,ORG,12,36
uc1.b4576329,22,10,1,96 percent,PERCENT,45,55
uc1.b4576329,22,10,2,67 percent,PERCENT,107,117
uc1.b4576329,22,10,3,that year,DATE,204,213
uc1.b4576329,22,11,0,Rush Hospital,ORG,0,13
uc1.b4576329,22,11,1,22,CARDINAL,61,63
uc1.b4576329,22,11,2,77 percent,PERCENT,80,90
uc1.b4576329,22,12,0,Rush Hospital,ORG,42,55
uc1.b4576329,22,12,1,Philadelphia General Hospital,ORG,137,166
uc1.b4576329,22,12,2,Philadelphia General,ORG,178,198
uc1.b4576329,22,12,3,Negroes,NORP,239,246
uc1.b4576329,22,12,4,1921,DATE,276,280
uc1.b4576329,23,0,0,NEGRO TUBERCULOSIS,PERSON,9,27
uc1.b4576329,23,0,1,PHILADELPHIA,GPE,39,51
uc1.b4576329,23,0,2,1921,DATE,55,59
uc1.b4576329,23,0,3,19,CARDINAL,60,62
uc1.b4576329,23,1,0,Philadelphia,GPE,20,32
uc1.b4576329,23,2,0,"134,229",CARDINAL,11,18
uc1.b4576329,23,2,1,Philadelphia,GPE,30,42
uc1.b4576329,23,2,2,1920,DATE,46,50
uc1.b4576329,23,2,3,that year,DATE,93,102
uc1.b4576329,23,3,0,1921,DATE,35,39
uc1.b4576329,23,3,1,"143,166",CARDINAL,68,75
uc1.b4576329,23,5,0,Twelve,CARDINAL,0,6
uc1.b4576329,23,5,1,over 10 percent,PERCENT,18,33
uc1.b4576329,23,6,0,2,CARDINAL,11,12
uc1.b4576329,23,6,1,over 40 percent,PERCENT,19,34
uc1.b4576329,23,8,0,"100,000",CARDINAL,29,36
uc1.b4576329,23,8,1,Philadelphia,GPE,51,63
uc1.b4576329,23,8,2,from 1911 to 1920,DATE,64,81
uc1.b4576329,23,8,3,22 to 3,CARDINAL,116,123
uc1.b4576329,23,9,0,2d,ORDINAL,36,38
uc1.b4576329,23,9,1,Negroes,NORP,81,88
uc1.b4576329,23,10,0,Negro,NORP,4,9
uc1.b4576329,23,10,1,"100,000",CARDINAL,55,62
uc1.b4576329,23,10,2,the State of Pennsylvania,GPE,99,124
uc1.b4576329,23,10,3,Chicago,GPE,149,156
uc1.b4576329,23,10,4,Detroit,GPE,158,165
uc1.b4576329,23,10,5,Baltimore,GPE,176,185
uc1.b4576329,23,12,0,One thousand,CARDINAL,34,46
uc1.b4576329,23,12,1,two hundred forty-five,CARDINAL,48,70
uc1.b4576329,23,12,2,the Department of Medical Inspection of Philadelphia,ORG,116,168
uc1.b4576329,23,12,3,1921,DATE,172,176
uc1.b4576329,23,12,4,429,CARDINAL,182,185
uc1.b4576329,23,12,5,the Department of Public Health,ORG,216,247
uc1.b4576329,23,12,6,that year,DATE,266,275
uc1.b4576329,23,13,0,9,CARDINAL,20,21
uc1.b4576329,23,13,1,"about 3,800",CARDINAL,76,87
uc1.b4576329,23,13,2,that year,DATE,120,129
uc1.b4576329,23,14,0,nearly 900,CARDINAL,38,48
uc1.b4576329,23,14,1,1921,DATE,65,69
uc1.b4576329,23,15,0,"about 2,000",CARDINAL,39,50
uc1.b4576329,23,15,1,Philadelphia,GPE,74,86
uc1.b4576329,23,15,2,1921,DATE,90,94
uc1.b4576329,23,16,0,"3,800",CARDINAL,75,80
uc1.b4576329,23,16,1,1921,DATE,114,118
uc1.b4576329,23,16,2,only 900,CARDINAL,120,128
uc1.b4576329,23,16,3,less than one-fourth,CARDINAL,133,153
uc1.b4576329,23,17,0,8,CARDINAL,11,12
uc1.b4576329,23,17,1,3,CARDINAL,25,26
uc1.b4576329,23,17,2,Negroes,NORP,102,109
uc1.b4576329,23,18,0,the Philadelphia General Hospital,ORG,9,42
uc1.b4576329,23,19,0,only 5,CARDINAL,16,22
uc1.b4576329,23,20,0,5,CARDINAL,21,22
uc1.b4576329,24,0,0,'20,DATE,0,3
uc1.b4576329,24,0,1,SADIE T. MOSSELL,PERSON,4,20
uc1.b4576329,24,0,2,Phipps Institute,ORG,100,116
uc1.b4576329,24,0,3,Jefferson Chest Hospital,ORG,121,145
uc1.b4576329,24,1,0,Phipps Institute,ORG,0,16
uc1.b4576329,25,0,0,PHILADELPHIA,GPE,39,51
uc1.b4576329,25,0,1,1921,DATE,55,59
uc1.b4576329,25,0,2,PHILADELPHIA,GPE,85,97
uc1.b4576329,25,0,3,"1900,",DATE,104,109
uc1.b4576329,25,0,4,1910,DATE,110,114
uc1.b4576329,25,0,5,1920,DATE,120,124
uc1.b4576329,25,1,0,1920,DATE,57,61
uc1.b4576329,25,2,0,"1,823,779",CARDINAL,0,9
uc1.b4576329,25,3,0,1910,DATE,0,4
uc1.b4576329,25,3,1,"1,549,008",CARDINAL,10,19
uc1.b4576329,25,4,0,"1,293,697",CARDINAL,0,9
uc1.b4576329,25,4,1,Philadelphia,GPE,10,22
uc1.b4576329,25,4,2,New York,GPE,23,31
uc1.b4576329,25,4,3,Chicago,GPE,32,39
uc1.b4576329,25,4,4,Detroit,GPE,40,47
uc1.b4576329,25,4,5,Cleveland St. Louis,GPE,48,67
uc1.b4576329,25,4,6,Boston,GPE,68,74
uc1.b4576329,25,4,7,Baltimore,GPE,75,84
uc1.b4576329,25,4,8,United States,GPE,85,98
uc1.b4576329,25,4,9,Whites,NORP,99,105
uc1.b4576329,25,7,0,"1,688,180",CARDINAL,4,13
uc1.b4576329,25,7,1,"62,613",CARDINAL,64,70
uc1.b4576329,25,7,2,"105,710,620",CARDINAL,96,107
uc1.b4576329,25,7,3,United States,GPE,199,212
uc1.b4576329,25,7,4,"1900, 1920",DATE,220,230
uc1.b4576329,25,10,0,2,CARDINAL,22,23
uc1.b4576329,25,10,1,EIGHT,CARDINAL,61,66
uc1.b4576329,25,10,2,UNITED STATES,GPE,67,80
uc1.b4576329,25,10,3,"JANUARY 1, 1920",DATE,107,122
uc1.b4576329,25,10,4,"10,463,131",CARDINAL,162,172
uc1.b4576329,25,10,5,"134,229",CARDINAL,173,180
uc1.b4576329,25,10,6,"152,467",CARDINAL,181,188
uc1.b4576329,25,10,7,"109,458",CARDINAL,189,196
uc1.b4576329,25,10,8,"40,838",CARDINAL,197,203
uc1.b4576329,25,10,9,"34,451",CARDINAL,204,210
uc1.b4576329,25,10,10,"69,854",CARDINAL,211,217
uc1.b4576329,25,11,0,United States,GPE,32,45
uc1.b4576329,25,11,1,1920,DATE,54,58
uc1.b4576329,25,12,0,"1,370",CARDINAL,4,9
uc1.b4576329,25,13,0,9.9 .08 .08 .10 Percent,PERCENT,0,23
uc1.b4576329,25,14,0,7.4,CARDINAL,8,11
uc1.b4576329,25,14,1,4.1,CARDINAL,20,23
uc1.b4576329,26,0,0,PHILADELPHIA,GPE,42,54
uc1.b4576329,26,0,1,1920,DATE,58,62
uc1.b4576329,26,2,0,1234,CARDINAL,6,10
uc1.b4576329,26,2,1,"9,211 23 Percent",PERCENT,1230,1246
uc1.b4576329,26,3,0,Irish,NORP,218,223
uc1.b4576329,26,4,0,United States Census,ORG,243,263
uc1.b4576329,26,4,1,1920,DATE,265,269
uc1.b4576329,26,5,0,Bureau Vital Statistics,ORG,62,85
uc1.b4576329,26,5,1,Philadelphia,GPE,87,99
uc1.b4576329,26,5,2,Philadelphia,GPE,144,156
uc1.b4576329,27,0,0,PHILADELPHIA,GPE,39,51
uc1.b4576329,27,0,1,1921,DATE,55,59
uc1.b4576329,27,0,2,4,CARDINAL,69,70
uc1.b4576329,27,0,3,"100,000",CARDINAL,105,112
uc1.b4576329,27,0,4,1920,DATE,127,131
uc1.b4576329,27,0,5,PENNSYLVANIA,GPE,159,171
uc1.b4576329,27,0,6,PHILADELPHIA,GPE,173,185
uc1.b4576329,27,0,7,SEVEN,CARDINAL,190,195
uc1.b4576329,27,0,8,"OVER 700,000",CARDINAL,212,224
uc1.b4576329,27,0,9,THE UNITED STATES,GPE,228,245
uc1.b4576329,27,0,10,Pennsylvania,GPE,293,305
uc1.b4576329,27,0,11,Philadelphia,GPE,326,338
uc1.b4576329,27,0,12,New York,GPE,359,367
uc1.b4576329,27,0,13,Chicago,GPE,393,400
uc1.b4576329,27,0,14,Detroit,GPE,407,414
uc1.b4576329,27,0,15,Cleveland,GPE,449,458
uc1.b4576329,27,0,16,St. Louis,GPE,479,488
uc1.b4576329,27,0,17,Baltimore,GPE,536,545
uc1.b4576329,27,1,0,"July 1, 1920",DATE,54,66
uc1.b4576329,27,1,1,the United States,ORG,100,117
uc1.b4576329,27,1,2,1920,DATE,140,144
uc1.b4576329,28,0,0,SADIE T. MOSSELL,PERSON,2,18
uc1.b4576329,28,0,1,24,CARDINAL,19,21
uc1.b4576329,28,0,2,5,CARDINAL,28,29
uc1.b4576329,28,0,3,PHILADELPHIA,GPE,56,68
uc1.b4576329,28,0,4,1920,DATE,102,106
uc1.b4576329,28,4,0,Year,DATE,74,78
uc1.b4576329,28,6,0,under 2 years,DATE,24,37
uc1.b4576329,28,10,0,"26,511 2,227",CARDINAL,6,18
uc1.b4576329,28,10,1,"1,811",CARDINAL,25,30
uc1.b4576329,28,10,2,"2,981 1,123",CARDINAL,91,102
uc1.b4576329,28,11,0,United States,GPE,34,47
uc1.b4576329,28,11,1,1920,DATE,70,74
uc1.b4576329,28,12,0,"July 1, 1920",DATE,47,59
uc1.b4576329,28,15,0,506 533,CARDINAL,13,20
uc1.b4576329,28,18,0,437,CARDINAL,19,22
uc1.b4576329,28,18,1,1920,DATE,39,43
uc1.b4576329,28,18,2,"2,018",CARDINAL,44,49
uc1.b4576329,28,18,3,1919,DATE,60,64
uc1.b4576329,28,18,4,"2,397",CARDINAL,65,70
uc1.b4576329,28,18,5,1918,DATE,81,85
uc1.b4576329,28,18,6,"3,123",CARDINAL,86,91
uc1.b4576329,28,18,7,1917,DATE,102,106
uc1.b4576329,28,18,8,"2,855",CARDINAL,107,112
uc1.b4576329,28,18,9,1916,DATE,123,127
uc1.b4576329,28,18,10,"2,808",CARDINAL,128,133
uc1.b4576329,28,18,11,1915,DATE,144,148
uc1.b4576329,28,18,12,"2,634",CARDINAL,149,154
uc1.b4576329,28,18,13,1914,DATE,165,169
uc1.b4576329,28,18,14,"2,678",CARDINAL,170,175
uc1.b4576329,28,18,15,1913,DATE,194,198
uc1.b4576329,28,18,16,1912,DATE,223,227
uc1.b4576329,28,21,0,69,CARDINAL,0,2
uc1.b4576329,28,21,1,"100,000",CARDINAL,93,100
uc1.b4576329,28,21,2,98.5,CARDINAL,112,116
uc1.b4576329,28,21,3,"1,387.5",CARDINAL,162,169
uc1.b4576329,28,25,0,PHILADELPHIA,GPE,71,83
uc1.b4576329,28,25,1,1911 TO 1920,DATE,85,97
uc1.b4576329,28,27,0,"100,000",CARDINAL,35,42
uc1.b4576329,28,28,0,United States,GPE,25,38
uc1.b4576329,28,28,1,1911 to 1920,DATE,60,72
uc1.b4576329,29,0,0,NEGRO,GPE,9,14
uc1.b4576329,29,0,1,PHILADELPHIA,GPE,39,51
uc1.b4576329,29,0,2,1921 25,DATE,55,62
uc1.b4576329,29,0,3,7,CARDINAL,69,70
uc1.b4576329,29,0,4,PHILADELPHIA,GPE,115,127
uc1.b4576329,29,0,5,1920,DATE,131,135
uc1.b4576329,29,0,6,"2,509",CARDINAL,308,313
uc1.b4576329,29,1,0,Bureau of Vital Statistics,ORG,20,46
uc1.b4576329,29,1,1,Philadelphia,GPE,48,60
uc1.b4576329,29,2,0,"July 1, 1920",DATE,60,72
uc1.b4576329,30,0,0,SADIE T. MOSSELL,PERSON,3,19
uc1.b4576329,30,0,1,8,CARDINAL,26,27
uc1.b4576329,30,0,2,PHILADELPHIA,GPE,49,61
uc1.b4576329,30,0,3,1920,DATE,65,69
uc1.b4576329,30,3,0,3,CARDINAL,269,270
uc1.b4576329,30,3,1,7,CARDINAL,275,276
uc1.b4576329,30,4,0,1,CARDINAL,1,2
uc1.b4576329,30,4,1,3,CARDINAL,13,14
uc1.b4576329,30,6,0,2,CARDINAL,1,2
uc1.b4576329,30,6,1,30,CARDINAL,13,15
uc1.b4576329,30,9,0,3,CARDINAL,1,2
uc1.b4576329,30,9,1,27,CARDINAL,14,16
uc1.b4576329,30,11,0,35,CARDINAL,10,12
uc1.b4576329,30,13,0,48,CARDINAL,9,11
uc1.b4576329,30,16,0,46,CARDINAL,9,11
uc1.b4576329,31,0,0,PHILADELPHIA,GPE,39,51
uc1.b4576329,31,0,1,1921,DATE,55,59
uc1.b4576329,31,0,2,FIVE,CARDINAL,77,81
uc1.b4576329,31,0,3,PHILADELPHIA,GPE,106,118
uc1.b4576329,31,0,4,1921,DATE,122,126
uc1.b4576329,31,3,0,"4,466 1,288",CARDINAL,24,35
uc1.b4576329,31,3,1,212,CARDINAL,43,46
uc1.b4576329,31,3,2,"2,318 1,797",CARDINAL,90,101
uc1.b4576329,31,3,3,"3,692",CARDINAL,112,117
uc1.b4576329,31,6,0,899,CARDINAL,0,3
uc1.b4576329,31,6,1,"1,341 661",CARDINAL,12,21
uc1.b4576329,31,8,0,70 100,CARDINAL,0,6
uc1.b4576329,31,8,1,774,CARDINAL,35,38
uc1.b4576329,31,8,2,"17 1,030",CARDINAL,64,72
uc1.b4576329,31,9,0,2,CARDINAL,85,86
uc1.b4576329,31,9,1,one,CARDINAL,118,121
uc1.b4576329,31,10,0,"January 1 to December 31, 1921",DATE,36,66
uc1.b4576329,31,12,0,1921,DATE,70,74
uc1.b4576329,31,13,0,44 50,CARDINAL,33,38
uc1.b4576329,31,13,1,"1,288",CARDINAL,113,118
uc1.b4576329,31,13,2,53 46 28 Percent,PERCENT,140,156
uc1.b4576329,31,14,0,56 50 75,PERCENT,0,8
uc1.b4576329,31,15,0,Clinic Records of Phipps Institute,ORG,21,55
uc1.b4576329,31,15,1,"January 1 to December 31, 1921",DATE,57,87
uc1.b4576329,32,0,0,1921,DATE,63,67
uc1.b4576329,32,0,1,"2,318 1,797",CARDINAL,297,308
uc1.b4576329,32,2,0,"8,167 6,424",CARDINAL,14,25
uc1.b4576329,32,2,1,"1,743",CARDINAL,26,31
uc1.b4576329,32,2,2,3.5 3.6,CARDINAL,86,93
uc1.b4576329,32,2,3,Less than 1 month,DATE,104,121
uc1.b4576329,32,3,0,months,DATE,38,44
uc1.b4576329,32,5,0,1 to 3 months,DATE,26,39
uc1.b4576329,32,5,1,4 to 6 months,DATE,40,53
uc1.b4576329,32,5,2,"1,317",CARDINAL,54,59
uc1.b4576329,32,5,3,"1,041",CARDINAL,70,75
uc1.b4576329,32,5,4,24,CARDINAL,83,85
uc1.b4576329,32,6,0,2.4,CARDINAL,18,21
uc1.b4576329,32,13,0,189 139,CARDINAL,4,11
uc1.b4576329,32,16,0,50 10,CARDINAL,0,5
uc1.b4576329,32,16,1,Clinic Records of Phipps Institute,ORG,27,61
uc1.b4576329,32,16,2,"January 1 to December 31, 1921",DATE,62,92
uc1.b4576329,32,22,0,30 1.8,CARDINAL,0,6
uc1.b4576329,32,22,1,7 mo. to 1 yr,DATE,17,30
uc1.b4576329,32,26,0,65 242,CARDINAL,0,6
uc1.b4576329,32,26,1,JEFFERSON CHEST,ORG,67,82
uc1.b4576329,32,26,2,1921,DATE,112,116
uc1.b4576329,32,26,3,THE END OF THE YEAR,DATE,202,221
uc1.b4576329,32,28,0,"December 31, 1921",DATE,24,41
uc1.b4576329,32,29,0,46 24 Per cent,PERCENT,0,14
uc1.b4576329,32,31,0,"December 31, 1921",DATE,29,46
uc1.b4576329,32,32,0,Rush Hospital,ORG,10,23
uc1.b4576329,32,32,1,212 195,CARDINAL,24,31
uc1.b4576329,32,32,2,732 596,CARDINAL,53,60
uc1.b4576329,32,32,3,267 2.0,CARDINAL,71,78
uc1.b4576329,32,36,0,"January 1 to December 31, 1921",DATE,36,66
uc1.b4576329,32,37,0,"1,390",CARDINAL,4,9
uc1.b4576329,32,37,1,"1,098",CARDINAL,13,18
uc1.b4576329,32,41,0,5,CARDINAL,0,1
uc1.b4576329,32,41,1,8,CARDINAL,13,14
uc1.b4576329,32,44,0,34 18,CARDINAL,9,14
uc1.b4576329,32,47,0,423,CARDINAL,20,23
uc1.b4576329,32,47,1,328,CARDINAL,24,27
uc1.b4576329,32,51,0,12,CARDINAL,0,2
uc1.b4576329,32,54,0,$85,MONEY,5,8
uc1.b4576329,33,0,0,PHILADELPHIA,GPE,39,51
uc1.b4576329,33,0,1,1921,DATE,55,59
uc1.b4576329,33,1,0,PHILADEL PHIA,GPE,61,74
uc1.b4576329,33,1,1,1921,DATE,78,82
uc1.b4576329,33,3,0,13 100,CARDINAL,6,12
uc1.b4576329,33,3,1,"December 31, 1921",DATE,51,68
uc1.b4576329,33,4,0,162,CARDINAL,0,3
uc1.b4576329,33,6,0,35 165,CARDINAL,0,6
uc1.b4576329,33,7,0,9 Per,PERCENT,13,18
uc1.b4576329,33,8,0,490 22,CARDINAL,0,6
uc1.b4576329,33,8,1,468,CARDINAL,28,31
uc1.b4576329,33,8,2,"January 1 to December 31, 1921",DATE,70,100
uc1.b4576329,33,9,0,9 2,CARDINAL,0,3
uc1.b4576329,33,10,0,2,CARDINAL,0,1
uc1.b4576329,33,10,1,154,CARDINAL,6,9
uc1.b4576329,33,10,2,153 Per cent,PERCENT,12,24
uc1.b4576329,33,11,0,31 5,CARDINAL,0,4
uc1.b4576329,34,0,0,PHILADELPHIA,GPE,7,19
uc1.b4576329,34,3,0,PHILADA,GPE,100,107
uc1.b4576329,34,4,0,1908,DATE,34,38
uc1.b4576329,34,6,0,40 percent,PERCENT,1,11
uc1.b4576329,34,8,0,over -20-39 percent,PERCENT,0,19
uc1.b4576329,34,9,0,-10-19 percent,PERCENT,0,14
uc1.b4576329,34,10,0,=5-9 percent,PERCENT,0,12
uc1.b4576329,34,11,0,-1-4 percent,PERCENT,0,12
uc1.b4576329,34,12,0,1 percent,PERCENT,7,16
uc1.b4576329,35,0,0,PHILADELPHIA,GPE,7,19
uc1.b4576329,35,0,1,TUBERCULOSIS,GPE,48,60
uc1.b4576329,35,0,2,"100,000",CARDINAL,77,84
uc1.b4576329,35,0,3,1920,DATE,99,103
uc1.b4576329,35,1,0,MONTGOMERY COUNTY,GPE,1,18
uc1.b4576329,35,1,1,13'4,CARDINAL,19,23
uc1.b4576329,35,1,2,DELAWARE COUNTY,GPE,28,43
uc1.b4576329,35,2,0,MONTGOMERY COUNTY,GPE,0,17
uc1.b4576329,35,2,1,"100,000",CARDINAL,215,222
uc1.b4576329,35,2,2,tbc.,ORG,320,324
uc1.b4576329,36,0,0,"100,000",CARDINAL,15,22
uc1.b4576329,36,0,1,900,CARDINAL,39,42
uc1.b4576329,36,0,2,300,CARDINAL,43,46
uc1.b4576329,36,0,3,PHILADELPHIA,GPE,100,112
uc1.b4576329,36,0,4,1911-1920,DATE,113,122
uc1.b4576329,36,0,5,1912 1913,DATE,152,161
uc1.b4576329,36,0,6,1918 1919,DATE,187,196
uc1.b4576329,36,0,7,1920,DATE,233,237
uc1.b4576329,38,1,0,25,CARDINAL,67,69
uc1.b4576329,38,2,0,50,CARDINAL,29,31
uc1.b4576329,38,2,1,THE FOURTH DAY,DATE,41,55
uc1.b4576329,38,2,2,1.00,MONEY,64,68
uc1.b4576329,38,2,3,THE SEVENTH DAY,DATE,72,87
uc1.b4576329,38,3,0,Biology Library,ORG,0,15
