vol_id,page,sentence_id,ent_id,entity,entity_type,start_char,end_char
mdp.39015086661694,1,0,0,FIFTEENTH ANNUAL,DATE,1,17
mdp.39015086661694,1,0,1,1929,DATE,30,34
mdp.39015086661694,1,0,2,"Sunday, March 31",DATE,72,88
mdp.39015086661694,1,0,3,"Sunday, April 7",DATE,93,108
mdp.39015086661694,1,1,0,FIRST,ORDINAL,7,12
mdp.39015086661694,1,1,1,the year 1929,DATE,27,40
mdp.39015086661694,1,1,2,THE UNITED STATES PUBLIC HEALTH SERVICE,ORG,96,135
mdp.39015086661694,1,1,3,WASHINGTON,GPE,137,147
mdp.39015086661694,1,1,4,D. C.,GPE,149,154
mdp.39015086661694,2,0,0,"SUNDAY, MARCH 31",DATE,32,48
mdp.39015086661694,2,0,1,"MONDAY, APRIL 1",DATE,49,64
mdp.39015086661694,2,0,2,"TUESDAY, APRIL 2 WEDNESDAY, APRIL 3",DATE,65,100
mdp.39015086661694,2,0,3,"THURSDAY, APRIL 4 FRIDAY, APRIL 5",DATE,101,134
mdp.39015086661694,2,0,4,"SATURDAY, APRIL 6",DATE,135,152
mdp.39015086661694,2,0,5,"SUNDAY, APRIL 7",DATE,153,168
mdp.39015086661694,2,7,0,Health Week,EVENT,41,52
mdp.39015086661694,2,7,1,Churches,ORG,134,142
mdp.39015086661694,2,14,0,1,CARDINAL,45,46
mdp.39015086661694,2,15,0,2,CARDINAL,11,12
mdp.39015086661694,2,15,1,3,CARDINAL,148,149
mdp.39015086661694,2,19,0,4,CARDINAL,18,19
mdp.39015086661694,2,20,0,last workday,DATE,14,26
mdp.39015086661694,2,23,0,THE YEAR 1929,DATE,14,27
mdp.39015086661694,2,24,0,this day,DATE,30,38
mdp.39015086661694,2,24,1,"Friday, Apr. 5",DATE,40,54
mdp.39015086661694,2,24,2,Booker T. Washington,PERSON,119,139
mdp.39015086661694,2,24,3,National Health Week,EVENT,152,172
mdp.39015086661694,2,26,0,N. B.-It,ORG,0,8
mdp.39015086661694,2,27,0,Organizing for Health Week,WORK_OF_ART,5,31
mdp.39015086661694,2,29,0,R. R. Moton,PERSON,81,92
mdp.39015086661694,2,29,1,Tuskegee Institute,ORG,105,123
mdp.39015086661694,2,29,2,Alabama,GPE,125,132
mdp.39015086661694,2,29,3,the National Negro Health Week Committee,ORG,155,195
mdp.39015086661694,3,0,0,1929 1929,DATE,0,9
mdp.39015086661694,3,0,1,National Negro Health Week,EVENT,10,36
mdp.39015086661694,3,0,2,"Sunday, March 31, to Sunday, April 7",DATE,37,73
mdp.39015086661694,3,0,3,Fifteenth,ORDINAL,78,87
mdp.39015086661694,3,0,4,The Annual Tuskegee Negro Conference,EVENT,128,164
mdp.39015086661694,3,0,5,The National Negro Business League,ORG,169,203
mdp.39015086661694,3,0,6,The United States,GPE,224,241
mdp.39015086661694,3,0,7,THE UNITED STATES,ORG,392,409
mdp.39015086661694,3,0,8,United States,GPE,432,445
mdp.39015086661694,3,0,9,Washington,GPE,473,483
mdp.39015086661694,3,0,10,1929,DATE,484,488
mdp.39015086661694,4,0,0,THE YEAR 1929,DATE,14,27
mdp.39015086661694,4,0,1,Sunday-MondayTuesday WednesdayThursday-Friday,DATE,72,117
mdp.39015086661694,4,0,2,Saturday---Sunday,DATE,118,135
mdp.39015086661694,4,1,0,Home Health Day,DATE,0,15
mdp.39015086661694,4,2,0,Community Sanitation Day,DATE,0,24
mdp.39015086661694,4,3,0,School Health Day,DATE,0,17
mdp.39015086661694,4,4,0,Adults' Health Day,DATE,0,18
mdp.39015086661694,4,5,0,Special Campaign Day,DATE,0,20
mdp.39015086661694,4,6,0,General Clean-up Day,DATE,0,20
mdp.39015086661694,4,8,0,NEGRO HEALTH WEEK,EVENT,9,26
mdp.39015086661694,4,8,1,ROSCOE C. Brown,PERSON,41,56
mdp.39015086661694,4,8,2,MONROE N. WORK,PERSON,71,85
mdp.39015086661694,4,8,3,JAMES BOND,PERSON,101,111
mdp.39015086661694,4,8,4,ALGERNON B. JACKSON R. MAURICE Moss,PERSON,116,151
mdp.39015086661694,4,8,5,TUSKEGEE INSTITUTE,ORG,223,241
mdp.39015086661694,4,8,6,ALA,GPE,243,246
mdp.39015086661694,4,9,0,National Negro Health Week,EVENT,25,51
mdp.39015086661694,4,10,0,5 cents,MONEY,15,22
mdp.39015086661694,4,10,1,100,CARDINAL,40,43
mdp.39015086661694,4,10,2,2,MONEY,54,55
mdp.39015086661694,4,10,3,100,CARDINAL,60,63
mdp.39015086661694,4,11,0,National Negro Health Week,EVENT,0,26
mdp.39015086661694,4,11,1,5 cents,MONEY,50,57
mdp.39015086661694,4,11,2,100,CARDINAL,75,78
mdp.39015086661694,4,11,3,3,MONEY,89,90
mdp.39015086661694,4,11,4,100,CARDINAL,95,98
mdp.39015086661694,5,0,0,3-7-1929,DATE,14,22
mdp.39015086661694,5,1,0,"The week of March 31 to April 7, 1929",DATE,0,37
mdp.39015086661694,5,1,1,fifteenth,ORDINAL,66,75
mdp.39015086661694,5,1,2,National Negro Health Week,EVENT,90,116
mdp.39015086661694,5,3,0,the United States Public Health Service,ORG,42,81
mdp.39015086661694,5,4,0,the health week,DATE,104,119
mdp.39015086661694,5,5,0,Health Week,EVENT,232,243
mdp.39015086661694,5,5,1,Health Week,EVENT,293,304
mdp.39015086661694,5,6,0,each day of the week,DATE,44,64
mdp.39015086661694,5,7,0,"Sunday, March 31",DATE,0,16
mdp.39015086661694,5,7,1,Mobilization Day,DATE,26,42
mdp.39015086661694,5,7,2,"Monday, April 1, Home Health Day",DATE,44,76
mdp.39015086661694,5,7,3,"Tuesday, April 2, Community Sanitation Day",DATE,78,120
mdp.39015086661694,5,7,4,"Wednesday, April 3, School Health Day",DATE,122,159
mdp.39015086661694,5,7,5,"Thursday, April 4, Adults' Health Day",DATE,161,198
mdp.39015086661694,5,7,6,"Friday, April 5, Special Campaign Day",DATE,200,237
mdp.39015086661694,5,7,7,"Saturday, April 6, General Clean-up Day",DATE,239,278
mdp.39015086661694,5,7,8,"Sunday, April 7, Report and Follow-up Day",DATE,280,321
mdp.39015086661694,5,8,0,National Negro Health Week,EVENT,249,275
mdp.39015086661694,5,9,0,three,CARDINAL,37,42
mdp.39015086661694,5,11,0,the Superintendent of Documents,ORG,92,123
mdp.39015086661694,5,11,1,Government Printing Office,ORG,125,151
mdp.39015086661694,5,11,2,Washington,GPE,153,163
mdp.39015086661694,5,11,3,D. C.,GPE,165,170
mdp.39015086661694,5,12,0,Health Week,EVENT,90,101
mdp.39015086661694,5,12,1,the Health Week,EVENT,207,222
mdp.39015086661694,5,12,2,the United States Public Health Service,ORG,237,276
mdp.39015086661694,5,12,3,Washington,GPE,278,288
mdp.39015086661694,5,12,4,D. C.,GPE,290,295
mdp.39015086661694,5,12,5,the National Negro Health Week Committee,ORG,300,340
mdp.39015086661694,5,12,6,Tuskegee Institute,ORG,342,360
mdp.39015086661694,5,12,7,Alabama,GPE,362,369
mdp.39015086661694,5,13,0,Bulletins,WORK_OF_ART,13,22
mdp.39015086661694,6,0,0,CINCINNATI,GPE,0,10
mdp.39015086661694,6,0,1,1928,DATE,36,40
mdp.39015086661694,6,0,2,Henderson,GPE,41,50
mdp.39015086661694,6,0,3,Ky.,GPE,52,55
mdp.39015086661694,6,0,4,Montgomery County,GPE,61,78
mdp.39015086661694,6,0,5,Md.,GPE,80,83
mdp.39015086661694,6,1,0,1928,DATE,3,7
mdp.39015086661694,6,1,1,the third consecutive year,DATE,13,39
mdp.39015086661694,6,1,2,Cincinnati,GPE,41,51
mdp.39015086661694,6,1,3,National Negro Health Week,EVENT,122,148
mdp.39015086661694,6,2,0,the National Clean-up and Paint-up Campaign Bureau of New York,ORG,52,114
mdp.39015086661694,6,3,0,Cincinnati,GPE,0,10
mdp.39015086661694,6,3,1,"more than 100,000",CARDINAL,47,64
mdp.39015086661694,6,3,2,the Health Week,EVENT,96,111
mdp.39015086661694,6,4,0,the Negro Civic Welfare Association,ORG,42,77
mdp.39015086661694,6,4,1,James H. Robinson,PERSON,88,105
mdp.39015086661694,6,5,0,Henderson,GPE,0,9
mdp.39015086661694,6,5,1,Ky.,GPE,11,14
mdp.39015086661694,6,5,2,"12,000",CARDINAL,26,32
mdp.39015086661694,6,5,3,two,CARDINAL,49,52
mdp.39015086661694,6,5,4,last year,DATE,60,69
mdp.39015086661694,6,5,5,one,CARDINAL,70,73
mdp.39015086661694,6,5,6,"less than 100,000",CARDINAL,134,151
mdp.39015086661694,6,6,0,F. A. Taylor,PERSON,0,12
mdp.39015086661694,6,6,1,the Douglass High School,ORG,27,51
mdp.39015086661694,6,6,2,Henderson,GPE,80,89
mdp.39015086661694,6,7,0,Montgomery County,GPE,17,34
mdp.39015086661694,6,7,1,Md.,GPE,36,39
mdp.39015086661694,6,8,0,More than 50,CARDINAL,0,12
mdp.39015086661694,6,8,1,1928,DATE,131,135
mdp.39015086661694,6,9,0,Robert R. Moton,PERSON,90,105
mdp.39015086661694,6,9,1,the National Negro Business League,ORG,120,154
mdp.39015086661694,6,9,2,twenty-ninth,DATE,172,184
mdp.39015086661694,6,9,3,New York City,GPE,203,216
mdp.39015086661694,6,9,4,"August 15–17, 1928",DATE,218,236
mdp.39015086661694,6,10,0,Virginia Wing,PERSON,58,71
mdp.39015086661694,6,10,1,the Cleveland (Ohio) Health Council,ORG,76,111
mdp.39015086661694,6,10,2,E. G. Routzahn,PERSON,113,127
mdp.39015086661694,6,10,3,the Russell Sage Foundation,ORG,132,159
mdp.39015086661694,6,10,4,New York,GPE,161,169
mdp.39015086661694,6,10,5,Monroe N. Work,PERSON,171,185
mdp.39015086661694,6,10,6,Tuskegee Institute,ORG,239,257
mdp.39015086661694,6,10,7,Clyde Donnell,PERSON,263,276
mdp.39015086661694,6,10,8,the National Medical Association,ORG,291,323
mdp.39015086661694,6,10,9,P. B. Young,PERSON,325,336
mdp.39015086661694,6,10,10,the Norfolk Journal and Guide,ORG,348,377
mdp.39015086661694,6,10,11,Jessie Fauset,PERSON,384,397
mdp.39015086661694,6,10,12,New York,GPE,399,407
mdp.39015086661694,6,10,13,W. A. Jordan,PERSON,418,430
mdp.39015086661694,6,10,14,the Southern Aid Society,ORG,435,459
mdp.39015086661694,6,10,15,Richmond,GPE,461,469
mdp.39015086661694,6,10,16,Va.,GPE,471,474
mdp.39015086661694,6,10,17,W. T. Hamilton,PERSON,480,494
mdp.39015086661694,6,10,18,the Negro Chamber of Commerce,ORG,499,528
mdp.39015086661694,6,10,19,Dallas,GPE,530,536
mdp.39015086661694,6,10,20,Tex,GPE,538,541
mdp.39015086661694,6,10,21,W. W. Peter,PERSON,552,563
mdp.39015086661694,6,10,22,the Cleanliness Institute,ORG,568,593
mdp.39015086661694,6,10,23,New York,GPE,595,603
mdp.39015086661694,7,0,0,FIRST,ORDINAL,64,69
mdp.39015086661694,7,0,1,Ganiyasi,GPE,211,219
mdp.39015086661694,7,0,2,328,MONEY,221,224
mdp.39015086661694,7,0,3,BestCom Com,ORG,225,236
mdp.39015086661694,7,0,4,NATIONAL HEALTH WEEK,EVENT,338,358
mdp.39015086661694,7,0,5,1929,DATE,371,375
mdp.39015086661694,7,0,6,MARCH 31 TO APRIL 7,DATE,381,400
mdp.39015086661694,7,0,7,THE NATIONAL NEGRO BUSINESS LEAGUE,ORG,423,457
mdp.39015086661694,7,2,0,Organizing for Health Week,WORK_OF_ART,92,118
mdp.39015086661694,7,2,1,1,CARDINAL,127,128
mdp.39015086661694,7,2,2,9,CARDINAL,132,133
mdp.39015086661694,7,4,0,THE NATIONAL NEGRO HEALTH WEEK COMMITTEE Tuskegee Institute,ORG,33,92
mdp.39015086661694,7,4,1,Alabama,GPE,94,101
mdp.39015086661694,8,0,0,NATIONAL NEGRO HEALTH WEEK,EVENT,26,52
mdp.39015086661694,8,2,0,2,CARDINAL,91,92
mdp.39015086661694,8,2,1,1,CARDINAL,106,107
mdp.39015086661694,8,4,0,25 feet,QUANTITY,11,18
mdp.39015086661694,8,16,0,NATIONAL NEGRO,ORG,18,32
mdp.39015086661694,9,1,0,National Negro Health Week,EVENT,5,31
mdp.39015086661694,9,1,1,The Spirit af Helen,PERSON,32,51
mdp.39015086661694,9,2,0,"Sunday, March 31, to Sunday, April 7, 1929",DATE,27,69
mdp.39015086661694,9,5,0,Negro Health Week,EVENT,90,107
mdp.39015086661694,9,11,0,first,ORDINAL,27,32
mdp.39015086661694,9,14,0,Negro Health Week,EVENT,89,106
mdp.39015086661694,10,0,0,2,CARDINAL,0,1
mdp.39015086661694,10,3,0,6,CARDINAL,1,2
mdp.39015086661694,10,3,1,the special days,DATE,40,56
mdp.39015086661694,10,3,2,Negro Health Week,EVENT,60,77
mdp.39015086661694,10,4,0,day,DATE,121,124
mdp.39015086661694,10,5,0,weekly,DATE,103,109
mdp.39015086661694,10,5,1,daily,DATE,140,145
mdp.39015086661694,10,5,2,the Health Week,EVENT,153,168
mdp.39015086661694,10,16,0,Negro Health Week,EVENT,75,92
mdp.39015086661694,11,1,0,health week,DATE,100,111
mdp.39015086661694,11,1,1,the day,DATE,203,210
mdp.39015086661694,11,2,0,Negro Health Week,EVENT,104,121
mdp.39015086661694,11,3,0,March 31,DATE,81,89
mdp.39015086661694,11,4,0,The General Plan for the Week,WORK_OF_ART,2,31
mdp.39015086661694,11,5,0,Negro Health Week,EVENT,49,66
mdp.39015086661694,11,6,0,Each day,DATE,0,8
mdp.39015086661694,11,7,0,"Sunday, March 31, Mobilization Day",DATE,57,91
mdp.39015086661694,11,8,0,"Monday, April 1, Home Health Day",DATE,0,32
mdp.39015086661694,11,9,0,"Tuesday, April 2, Community Sanitation Day",DATE,0,42
mdp.39015086661694,11,10,0,"Wednesday, April 3, School Health Day",DATE,0,37
mdp.39015086661694,11,11,0,"Thursday, April 4, Adults' Health Day",DATE,0,37
mdp.39015086661694,11,12,0,"Friday, April 5, Special Campaign Day",DATE,0,37
mdp.39015086661694,11,13,0,"Saturday, April 6, General Clean-up Day",DATE,0,39
mdp.39015086661694,11,14,0,"Sunday, April 7, Report and Follow-up Day",DATE,0,41
mdp.39015086661694,11,15,0,these days,DATE,72,82
mdp.39015086661694,11,15,1,"Sunday, March 31, Mobilization Day.—This, the opening day",DATE,84,141
mdp.39015086661694,11,15,2,Negro Health Week,EVENT,145,162
mdp.39015086661694,11,15,3,State,ORG,240,245
mdp.39015086661694,11,21,0,Sunday,DATE,4,10
mdp.39015086661694,11,21,1,the day,DATE,51,58
mdp.39015086661694,11,22,0,Negro,NORP,102,107
mdp.39015086661694,12,0,0,NATIONAL NEGRO HEALTH WEEK,EVENT,2,28
mdp.39015086661694,12,1,0,State,ORG,93,98
mdp.39015086661694,12,1,1,State,ORG,133,138
mdp.39015086661694,12,2,0,The United States Public Health Service,ORG,0,39
mdp.39015086661694,12,2,1,the National Health Council,ORG,44,71
mdp.39015086661694,12,3,0,the afternoon,TIME,43,56
mdp.39015086661694,12,3,1,evening,TIME,60,67
mdp.39015086661694,12,4,0,more than one,CARDINAL,20,33
mdp.39015086661694,12,5,0,the entire week,DATE,21,36
mdp.39015086661694,12,7,0,week,DATE,94,98
mdp.39015086661694,12,8,0,Negro Health Week,EVENT,198,215
mdp.39015086661694,12,9,0,Mobilization Day,DATE,16,32
mdp.39015086661694,12,9,1,week,DATE,77,81
mdp.39015086661694,12,10,0,"Monday, April 1",DATE,0,15
mdp.39015086661694,12,10,1,Home Health Day.—This,EVENT,17,38
mdp.39015086661694,12,11,0,The National Tuberculosis Association,ORG,0,37
mdp.39015086661694,12,11,1,Home Health Day,EVENT,185,200
mdp.39015086661694,12,13,0,Health Week,EVENT,93,104
mdp.39015086661694,12,14,0,the evening,TIME,3,14
mdp.39015086661694,12,14,1,all over 16 years of age,DATE,67,91
mdp.39015086661694,12,17,0,the American Social Hygiene Association,ORG,56,95
mdp.39015086661694,12,17,1,the United States Public Health Service,ORG,110,149
mdp.39015086661694,12,18,0,one,CARDINAL,84,87
mdp.39015086661694,12,19,0,The Home Health Day,EVENT,0,19
mdp.39015086661694,13,0,0,HEALTH WEEK 5,DATE,15,28
mdp.39015086661694,13,0,1,a day,DATE,41,46
mdp.39015086661694,13,0,2,the winter,DATE,173,183
mdp.39015086661694,13,3,0,the day,DATE,71,78
mdp.39015086661694,13,5,0,"Tuesday, April 2",DATE,0,16
mdp.39015086661694,13,5,1,Community Sanitation Day.—This,DATE,18,48
mdp.39015086661694,13,5,2,a day,DATE,61,66
mdp.39015086661694,13,6,0,day,DATE,99,102
mdp.39015086661694,13,6,1,Monday,DATE,119,125
mdp.39015086661694,13,6,2,Thursday,DATE,129,137
mdp.39015086661694,13,8,0,Community Sanitation Day,DATE,0,24
mdp.39015086661694,13,16,0,day,DATE,27,30
mdp.39015086661694,13,16,1,the preceding day,DATE,49,66
mdp.39015086661694,13,16,2,one,CARDINAL,95,98
mdp.39015086661694,13,17,0,this Community Sanitation Day,EVENT,119,148
mdp.39015086661694,13,19,0,More than one,CARDINAL,0,13
mdp.39015086661694,13,19,1,one day,DATE,53,60
mdp.39015086661694,13,20,0,the United States Public Health Service,ORG,57,96
mdp.39015086661694,13,20,1,State,ORG,111,116
mdp.39015086661694,13,21,0,"Wednesday, April 3",DATE,0,18
mdp.39015086661694,13,21,1,School Health Day.—The,EVENT,20,42
mdp.39015086661694,13,21,2,School (Children's) Day,DATE,63,86
mdp.39015086661694,14,0,0,6 NATIONAL NEGRO HEALTH WEEK,DATE,0,28
mdp.39015086661694,14,2,0,State,GPE,78,83
mdp.39015086661694,14,2,1,the American Child Health Association,ORG,127,164
mdp.39015086661694,14,2,2,the American Red Cross,ORG,168,190
mdp.39015086661694,14,4,0,The Modern Health Crusade,ORG,0,25
mdp.39015086661694,14,5,0,the National Tuberculosis Association,ORG,39,76
mdp.39015086661694,14,6,0,6,CARDINAL,1,2
mdp.39015086661694,14,10,0,The Playground and Recreation Association of America,ORG,0,52
mdp.39015086661694,14,11,0,School Health Day,EVENT,61,78
mdp.39015086661694,14,13,0,School Health Day,EVENT,27,44
mdp.39015086661694,14,15,0,the afternoon,TIME,60,73
mdp.39015086661694,14,16,0,The National Tuberculosis Association,ORG,0,37
mdp.39015086661694,14,17,0,One,CARDINAL,0,3
mdp.39015086661694,14,17,1,State,ORG,162,167
mdp.39015086661694,14,17,2,the American Child Health Association,ORG,201,238
mdp.39015086661694,14,18,0,One,CARDINAL,0,3
mdp.39015086661694,14,18,1,School Health Day,EVENT,67,84
mdp.39015086661694,15,0,0,HEALTH WEEK 7,DATE,15,28
mdp.39015086661694,15,0,1,"Thursday, April 4",DATE,29,46
mdp.39015086661694,15,1,0,Adults' Health Day.—Talks,DATE,0,25
mdp.39015086661694,15,1,1,this day,DATE,160,168
mdp.39015086661694,15,4,0,later years,DATE,166,177
mdp.39015086661694,15,6,0,the National Medical Association,ORG,42,74
mdp.39015086661694,15,6,1,Durham,GPE,76,82
mdp.39015086661694,15,6,2,N. C.,GPE,84,89
mdp.39015086661694,15,6,3,the American Medical Association,ORG,95,127
mdp.39015086661694,15,6,4,Chicago,GPE,129,136
mdp.39015086661694,15,6,5,Ill.,GPE,138,142
mdp.39015086661694,15,7,0,this day,DATE,3,11
mdp.39015086661694,15,9,0,"Friday, April 5",DATE,0,15
mdp.39015086661694,15,11,0,this day,DATE,3,11
mdp.39015086661694,15,13,0,noonday,DATE,2,9
mdp.39015086661694,15,13,1,the year,DATE,204,212
mdp.39015086661694,15,15,0,noonday,DATE,102,109
mdp.39015086661694,15,16,0,the day,DATE,75,82
mdp.39015086661694,15,17,0,Friday,DATE,0,6
mdp.39015086661694,15,17,1,a suitable day,DATE,15,29
mdp.39015086661694,16,0,0,8 NATIONAL NEGRO HEALTH WEEK,DATE,0,28
mdp.39015086661694,16,0,1,the United States,GPE,43,60
mdp.39015086661694,16,0,2,"almost $500,000,000",MONEY,67,86
mdp.39015086661694,16,4,0,Special Campaign Day,DATE,0,20
mdp.39015086661694,16,5,0,"Saturday, April 6",DATE,0,17
mdp.39015086661694,16,5,1,General Clean-up Day,EVENT,19,39
mdp.39015086661694,16,6,0,the Health Week,EVENT,11,26
mdp.39015086661694,16,7,0,week,DATE,37,41
mdp.39015086661694,16,8,0,Special days,DATE,0,12
mdp.39015086661694,16,8,1,the week,DATE,69,77
mdp.39015086661694,16,8,2,Saturday,DATE,146,154
mdp.39015086661694,16,8,3,the final workday,DATE,156,173
mdp.39015086661694,16,9,0,this general clean-up day,DATE,122,147
mdp.39015086661694,16,10,0,this day,DATE,30,38
mdp.39015086661694,16,11,0,the preceding days,DATE,53,71
mdp.39015086661694,16,11,1,Saturday,DATE,123,131
mdp.39015086661694,16,12,0,the following day,DATE,172,189
mdp.39015086661694,16,13,0,one,CARDINAL,101,104
mdp.39015086661694,16,13,1,Health Week,EVENT,214,225
mdp.39015086661694,16,14,0,"Sunday, April 7",DATE,0,15
mdp.39015086661694,16,14,1,Report and Follow-up Day.—This,WORK_OF_ART,17,47
mdp.39015086661694,16,14,2,the Health Week's,DATE,106,123
mdp.39015086661694,16,16,0,day,DATE,64,67
mdp.39015086661694,16,16,1,week,DATE,106,110
mdp.39015086661694,16,19,0,week,DATE,20,24
mdp.39015086661694,17,3,0,Negro Health Week,EVENT,313,330
mdp.39015086661694,17,3,1,Negro Health Week,EVENT,384,401
mdp.39015086661694,17,4,0,6,CARDINAL,1,2
mdp.39015086661694,17,5,0,Negro Health Week,EVENT,96,113
mdp.39015086661694,17,7,0,State,ORG,112,117
mdp.39015086661694,17,9,0,Negro Health Week,EVENT,88,105
mdp.39015086661694,17,11,0,Negro Health Week,EVENT,6,23
mdp.39015086661694,17,12,0,Negro Health Week,EVENT,0,17
mdp.39015086661694,17,14,0,the many years,DATE,214,228
mdp.39015086661694,17,14,1,Health Week,EVENT,236,247
mdp.39015086661694,18,0,0,NATIONAL NEGRO HEALTH WEEK,EVENT,3,29
mdp.39015086661694,18,1,0,three,CARDINAL,20,25
mdp.39015086661694,18,1,1,1,CARDINAL,136,137
mdp.39015086661694,18,3,0,2,CARDINAL,1,2
mdp.39015086661694,18,3,1,one,CARDINAL,80,83
mdp.39015086661694,18,8,0,3,CARDINAL,1,2
mdp.39015086661694,18,14,0,The National Negro Health Week,EVENT,0,30
mdp.39015086661694,19,3,0,the Public Health Service,ORG,27,52
mdp.39015086661694,19,3,1,418.6,CARDINAL,150,155
mdp.39015086661694,19,3,2,"1,000",CARDINAL,160,165
mdp.39015086661694,19,4,0,second,ORDINAL,26,32
mdp.39015086661694,19,4,1,143.2,CARDINAL,48,53
mdp.39015086661694,19,4,2,"1,000",CARDINAL,58,63
mdp.39015086661694,19,4,3,96.5,CARDINAL,103,107
mdp.39015086661694,19,4,4,"1,000",CARDINAL,112,117
mdp.39015086661694,19,4,5,65.7,CARDINAL,148,152
mdp.39015086661694,19,4,6,46.4,CARDINAL,194,198
mdp.39015086661694,19,4,7,44.1,CARDINAL,253,257
mdp.39015086661694,19,4,8,39.5,CARDINAL,296,300
mdp.39015086661694,19,4,9,34.2,CARDINAL,311,315
mdp.39015086661694,19,4,10,22.6,CARDINAL,333,337
mdp.39015086661694,19,4,11,21.8,CARDINAL,363,367
mdp.39015086661694,19,4,12,18.3,CARDINAL,407,411
mdp.39015086661694,19,5,0,10,CARDINAL,18,20
mdp.39015086661694,19,5,1,11,CARDINAL,24,26
mdp.39015086661694,19,5,2,5.8,CARDINAL,109,112
mdp.39015086661694,19,5,3,each year,DATE,131,140
mdp.39015086661694,19,5,4,"1,000",CARDINAL,145,150
mdp.39015086661694,19,7,0,less then 5 per cent,PERCENT,21,41
mdp.39015086661694,19,7,1,one day,DATE,103,110
mdp.39015086661694,19,7,2,nearly 80 per cent,PERCENT,132,150
mdp.39015086661694,19,7,3,three days,DATE,156,166
mdp.39015086661694,19,7,4,60 per cent,PERCENT,182,193
mdp.39015086661694,19,7,5,eight days,DATE,199,209
mdp.39015086661694,19,8,0,Approximately 40 per cent,PERCENT,0,25
mdp.39015086661694,19,13,0,daily,DATE,71,76
mdp.39015086661694,19,13,1,State,ORG,303,308
mdp.39015086661694,19,13,2,Federal,ORG,314,321
mdp.39015086661694,20,0,0,NEGRO HEALTH WEEK,EVENT,12,29
mdp.39015086661694,20,1,0,the United States,GPE,63,80
mdp.39015086661694,20,1,1,"about $20,000,000",MONEY,92,109
mdp.39015086661694,20,2,0,"over $1,000,000,000",MONEY,244,263
mdp.39015086661694,20,3,0,"100 to 3,000 per cent",MONEY,198,219
mdp.39015086661694,20,4,0,The Bureau of the United States Public Health Service,ORG,0,53
mdp.39015086661694,20,5,0,United States Public Health Service,ORG,71,106
mdp.39015086661694,20,5,1,Washington,GPE,108,118
mdp.39015086661694,20,5,2,D. C.,GPE,120,125
mdp.39015086661694,20,13,0,1,CARDINAL,216,217
mdp.39015086661694,20,14,0,2,CARDINAL,0,1
mdp.39015086661694,20,15,0,3,CARDINAL,0,1
mdp.39015086661694,20,16,0,4,CARDINAL,0,1
mdp.39015086661694,20,17,0,5,CARDINAL,0,1
mdp.39015086661694,20,17,1,The United States Public Health Service,ORG,3,42
mdp.39015086661694,21,1,0,Dobell,PERSON,7,13
mdp.39015086661694,21,1,1,1861,DATE,17,21
mdp.39015086661694,21,2,0,Lectures on the Germs and Vestiges of Disease,WORK_OF_ART,16,61
mdp.39015086661694,21,2,1,Horace Dobell,PERSON,159,172
mdp.39015086661694,21,2,2,London,GPE,194,200
mdp.39015086661694,21,2,3,1861,DATE,204,208
mdp.39015086661694,21,3,0,thousands and thousands,CARDINAL,257,280
mdp.39015086661694,21,9,0,How to Make the Periodic Health Examination,WORK_OF_ART,143,186
mdp.39015086661694,21,9,1,E. L. Fisk,PERSON,192,202
mdp.39015086661694,21,9,2,J. R. Crawford,PERSON,207,221
mdp.39015086661694,21,10,0,Fisk,PERSON,57,61
mdp.39015086661694,21,10,1,a year or so ago,DATE,62,78
mdp.39015086661694,21,11,0,1909,DATE,3,7
mdp.39015086661694,21,11,1,Dobell,PERSON,25,31
mdp.39015086661694,21,11,2,Fisk,PERSON,45,49
mdp.39015086661694,21,11,3,the Journal of the American Medical Association,ORG,84,131
mdp.39015086661694,21,11,4,British,NORP,271,278
mdp.39015086661694,21,11,5,40 years previously,DATE,304,323
mdp.39015086661694,22,0,0,14 NATIONAL NEGRÓ HEALTH WEEK,DATE,0,29
mdp.39015086661694,22,1,0,THE YEAR ROUND,DATE,7,21
mdp.39015086661694,22,4,0,State,ORG,141,146
mdp.39015086661694,22,7,0,early years,DATE,107,118
mdp.39015086661694,22,9,0,National Negro Health Week,EVENT,16,42
mdp.39015086661694,22,10,0,the week,DATE,149,157
mdp.39015086661694,22,11,0,State,ORG,124,129
mdp.39015086661694,22,11,1,State,ORG,153,158
mdp.39015086661694,22,11,2,State,ORG,276,281
mdp.39015086661694,22,12,0,State,ORG,29,34
mdp.39015086661694,22,12,1,State,ORG,49,54
mdp.39015086661694,22,12,2,States,GPE,84,90
mdp.39015086661694,22,13,0,weeks,DATE,56,61
mdp.39015086661694,22,13,1,months,DATE,65,71
mdp.39015086661694,22,13,2,March 31,DATE,131,139
mdp.39015086661694,22,14,0,American Child Health Association,ORG,0,33
mdp.39015086661694,22,14,1,370 Seventh Avenue,FAC,35,53
mdp.39015086661694,22,14,2,New York City,GPE,55,68
mdp.39015086661694,23,0,0,15 66,CARDINAL,43,48
mdp.39015086661694,23,1,0,American Public Health Association,ORG,2,36
mdp.39015086661694,23,1,1,370 Seventh Avenue,FAC,38,56
mdp.39015086661694,23,1,2,New York City,GPE,58,71
mdp.39015086661694,23,4,0,American Red Cross,ORG,0,18
mdp.39015086661694,23,4,1,Seventeenth and D Streets NW,FAC,20,48
mdp.39015086661694,23,4,2,Washington,GPE,51,61
mdp.39015086661694,23,4,3,D.C.,GPE,63,67
mdp.39015086661694,23,5,0,American Social Hygiene Association,ORG,0,35
mdp.39015086661694,23,5,1,370 Seventh Avenue,FAC,37,55
mdp.39015086661694,23,5,2,New York City,GPE,57,70
mdp.39015086661694,23,5,3,5,MONEY,149,150
mdp.39015086661694,23,5,4,100,CARDINAL,155,158
mdp.39015086661694,23,5,5,25,MONEY,161,163
mdp.39015086661694,23,5,6,"1,000",CARDINAL,168,173
mdp.39015086661694,23,6,0,Youth and Life,WORK_OF_ART,18,32
mdp.39015086661694,23,6,1,Keeping Fit,WORK_OF_ART,39,50
mdp.39015086661694,23,6,2,48,CARDINAL,58,60
mdp.39015086661694,23,6,3,9 by 12 inches,QUANTITY,68,82
mdp.39015086661694,23,6,4,2,MONEY,85,86
mdp.39015086661694,23,7,0,National Negro Health Week,EVENT,51,77
mdp.39015086661694,23,8,0,National Negro Health Week,EVENT,32,58
mdp.39015086661694,23,9,0,Five thousand,CARDINAL,0,13
mdp.39015086661694,23,9,1,fifty,CARDINAL,38,43
mdp.39015086661694,23,9,2,first,ORDINAL,85,90
mdp.39015086661694,23,10,0,Associated Negro Press,ORG,0,22
mdp.39015086661694,23,10,1,Indiana Avenue,FAC,29,43
mdp.39015086661694,23,10,2,Chicago,GPE,45,52
mdp.39015086661694,23,10,3,Ill.,GPE,54,58
mdp.39015086661694,23,11,0,Health Week,EVENT,40,51
mdp.39015086661694,23,12,0,Cleanliness Institute,ORG,0,21
mdp.39015086661694,23,12,1,New York City,GPE,51,64
mdp.39015086661694,23,14,0,One,CARDINAL,0,3
mdp.39015086661694,23,14,1,After the Rain,WORK_OF_ART,38,52
mdp.39015086661694,23,14,2,one,CARDINAL,59,62
mdp.39015086661694,23,14,3,10,CARDINAL,70,72
mdp.39015086661694,23,15,0,Commission on Interracial Cooperation,ORG,0,37
mdp.39015086661694,23,15,1,Palmer Building,FAC,39,54
mdp.39015086661694,23,15,2,Atlanta,GPE,56,63
mdp.39015086661694,23,15,3,Ga.,GPE,65,68
mdp.39015086661694,23,16,0,week,DATE,129,133
mdp.39015086661694,23,17,0,Eastern Film Corporation,ORG,0,24
mdp.39015086661694,23,17,1,New York City,GPE,56,69
mdp.39015086661694,23,17,2,In Humanity's Service,WORK_OF_ART,72,93
mdp.39015086661694,23,17,3,15-minute,TIME,96,105
mdp.39015086661694,23,17,4,National Clean-Up and Paint-Up Compaign Bureau,ORG,134,180
mdp.39015086661694,23,18,0,1,CARDINAL,0,1
mdp.39015086661694,23,18,1,B. P. O. E. W. (Elks) Commission on Infant Mortality,ORG,3,55
mdp.39015086661694,23,18,2,Washington,GPE,76,86
mdp.39015086661694,23,18,3,D. C.,GPE,88,93
mdp.39015086661694,23,20,0,Metropolitan Life Insurance Co.,ORG,0,31
mdp.39015086661694,23,20,1,Welfare Division,ORG,33,49
mdp.39015086661694,23,20,2,1 Madison Avenue,FAC,51,67
mdp.39015086661694,23,20,3,New York City,GPE,69,82
mdp.39015086661694,23,24,0,National Association of Colored Graduate Nurses,ORG,0,47
mdp.39015086661694,23,24,1,L. Richardson Memorial Hospital,ORG,49,80
mdp.39015086661694,23,24,2,Greensboro,GPE,82,92
mdp.39015086661694,23,24,3,N. C.,GPE,94,99
mdp.39015086661694,23,24,4,State,ORG,156,161
mdp.39015086661694,23,25,0,National Association of Colored Women,ORG,0,37
mdp.39015086661694,23,25,1,Daytona-Cookman College,ORG,39,62
mdp.39015086661694,23,25,2,Daytona Beach,GPE,64,77
mdp.39015086661694,23,25,3,Fla.,GPE,79,83
mdp.39015086661694,23,25,4,State,ORG,116,121
mdp.39015086661694,24,0,0,NATIONAL NEGRO HEALTH WEEK,EVENT,3,29
mdp.39015086661694,24,0,1,New York City,GPE,108,121
mdp.39015086661694,24,1,0,Spotless Town Crusader,WORK_OF_ART,160,182
mdp.39015086661694,24,2,0,National Negro Health Week,EVENT,101,127
mdp.39015086661694,24,5,0,National Committee for Mental Hygiene,ORG,0,37
mdp.39015086661694,24,5,1,370 Seventh Avenue,FAC,39,57
mdp.39015086661694,24,5,2,New York City,GPE,59,72
mdp.39015086661694,24,7,0,National Dairy Council,ORG,0,22
mdp.39015086661694,24,7,1,Chicago,GPE,51,58
mdp.39015086661694,24,7,2,Ill.,GPE,60,64
mdp.39015086661694,24,10,0,National Health Council,ORG,0,23
mdp.39015086661694,24,10,1,370 Seventh Avenue,FAC,25,43
mdp.39015086661694,24,10,2,New York City,GPE,45,58
mdp.39015086661694,24,13,0,National Medical Association,ORG,0,28
mdp.39015086661694,24,13,1,Mutual Building,ORG,30,45
mdp.39015086661694,24,13,2,Durham,GPE,47,53
mdp.39015086661694,24,13,3,N. C.,GPE,55,60
mdp.39015086661694,24,16,0,National Organization for Public Health Nursing,ORG,0,47
mdp.39015086661694,24,16,1,370 Seventh Avenue,FAC,49,67
mdp.39015086661694,24,16,2,New York City,GPE,69,82
mdp.39015086661694,24,18,0,National Society for the Prevention of Blindness,ORG,0,48
mdp.39015086661694,24,18,1,370 Seventh Avenue,FAC,50,68
mdp.39015086661694,24,18,2,New York City,GPE,70,83
mdp.39015086661694,24,22,0,National Tuberculosis Association,ORG,0,33
mdp.39015086661694,24,22,1,370 Seventh Avenue,FAC,35,53
mdp.39015086661694,24,22,2,New York City,GPE,55,68
mdp.39015086661694,24,23,0,"April, 1929",DATE,7,18
mdp.39015086661694,24,23,1,the United States,GPE,49,66
mdp.39015086661694,24,27,0,State,ORG,29,34
mdp.39015086661694,24,29,0,National Urban League,ORG,0,21
mdp.39015086661694,24,29,1,New York City,GPE,42,55
mdp.39015086661694,24,30,0,North Carolina Mutual Life Insurance Co.,ORG,0,40
mdp.39015086661694,24,30,1,Durham,GPE,42,48
mdp.39015086661694,24,30,2,N. C.,GPE,50,55
mdp.39015086661694,24,31,0,Alabama,GPE,14,21
mdp.39015086661694,24,31,1,District of Columbia,GPE,23,43
mdp.39015086661694,24,31,2,Georgia,GPE,45,52
mdp.39015086661694,24,31,3,Maryland,GPE,54,62
mdp.39015086661694,24,31,4,North Carolina,GPE,64,78
mdp.39015086661694,24,31,5,South Carolina,GPE,80,94
mdp.39015086661694,24,31,6,Tennessee,GPE,96,105
mdp.39015086661694,24,31,7,Virginia,GPE,111,119
mdp.39015086661694,24,31,8,Durham,GPE,157,163
mdp.39015086661694,24,32,0,Playground and Recreation Association of America,ORG,0,48
mdp.39015086661694,24,32,1,New York City,GPE,68,81
mdp.39015086661694,25,1,0,United States Department of Agriculture,ORG,0,39
mdp.39015086661694,25,1,1,Washington,GPE,60,70
mdp.39015086661694,25,1,2,D. C.,GPE,72,77
mdp.39015086661694,25,2,0,State,ORG,21,26
mdp.39015086661694,25,3,0,United States Public Health Service,ORG,0,35
mdp.39015086661694,25,3,1,Washington,GPE,37,47
mdp.39015086661694,25,3,2,D. C.,GPE,49,54
mdp.39015086661694,25,4,0,Young Men's Christian Association,ORG,0,33
mdp.39015086661694,25,4,1,National Council,ORG,60,76
mdp.39015086661694,25,4,2,New York City,GPE,98,111
mdp.39015086661694,25,6,0,Young Women's Christian Association,ORG,0,35
mdp.39015086661694,25,6,1,National Board,ORG,37,51
mdp.39015086661694,25,6,2,New York City,GPE,75,88
mdp.39015086661694,25,8,0,WASHINGTON,GPE,122,132
mdp.39015086661694,25,8,1,D. C.,GPE,134,139
mdp.39015086661694,25,8,2,5 CENTS,MONEY,143,150
mdp.39015086661694,27,0,0,Negro Health Week,EVENT,125,142
mdp.39015086661694,27,1,0,AMERICAN CHILD HEALTH ASSOCIATION,ORG,0,33
mdp.39015086661694,27,1,1,370 Seventh Avenue,FAC,35,53
mdp.39015086661694,27,1,2,New York City,GPE,55,68
mdp.39015086661694,27,2,0,AMERICAN PUBLIC HEALTH ASSOCIATION,ORG,0,34
mdp.39015086661694,27,2,1,370 Seventh Avenue,FAC,36,54
mdp.39015086661694,27,2,2,New York City,GPE,56,69
mdp.39015086661694,27,3,0,AMERICAN RED CROSS,ORG,0,18
mdp.39015086661694,27,3,1,Seventeenth and D Streets NW,FAC,20,48
mdp.39015086661694,27,3,2,Washington,GPE,51,61
mdp.39015086661694,27,3,3,D. C.,GPE,63,68
mdp.39015086661694,27,3,4,AMERICAN SOCIAL HYGIENE ASSOCIATION,ORG,69,104
mdp.39015086661694,27,3,5,370 Seventh Avenue,FAC,106,124
mdp.39015086661694,27,3,6,New York City,GPE,126,139
mdp.39015086661694,27,4,0,ASSOCIATED NEGRO PRESS,ORG,0,22
mdp.39015086661694,27,4,1,3423 Indiana Avenue,FAC,24,43
mdp.39015086661694,27,4,2,Chicago,GPE,45,52
mdp.39015086661694,27,5,0,45,CARDINAL,23,25
mdp.39015086661694,27,5,1,East Seventeenth Street,FAC,26,49
mdp.39015086661694,27,5,2,New York City,GPE,51,64
mdp.39015086661694,27,6,0,COMMISSION ON INTERRACIAL COOPERATION,ORG,0,37
mdp.39015086661694,27,6,1,Palmer Building,FAC,39,54
mdp.39015086661694,27,6,2,Atlanta,GPE,56,63
mdp.39015086661694,27,7,0,UNITED STATES,GPE,19,32
mdp.39015086661694,27,7,1,Washington,GPE,60,70
mdp.39015086661694,27,7,2,Commission on Infant Mortality,ORG,104,134
mdp.39015086661694,27,7,3,Washington,GPE,155,165
mdp.39015086661694,27,7,4,D. C.,GPE,167,172
mdp.39015086661694,27,7,5,METROPOLITAN LIFE INSURANCE Co.,ORG,173,204
mdp.39015086661694,27,7,6,Welfare Department,ORG,206,224
mdp.39015086661694,27,7,7,New York City,GPE,244,257
mdp.39015086661694,27,8,0,L. Richardson Memorial Hospital,ORG,49,80
mdp.39015086661694,27,8,1,Greensboro,GPE,82,92
mdp.39015086661694,27,8,2,N. C.,GPE,94,99
mdp.39015086661694,27,9,0,Daytona-Cookman College,ORG,39,62
mdp.39015086661694,27,9,1,Daytona Beach,GPE,64,77
mdp.39015086661694,27,10,0,Lexington Avenue,FAC,33,49
mdp.39015086661694,27,10,1,New York City,GPE,51,64
mdp.39015086661694,27,11,0,243,CARDINAL,48,51
mdp.39015086661694,27,11,1,New York City,GPE,78,91
mdp.39015086661694,27,12,0,NATIONAL COMMITTEE FOR MENTAL HYGIENE,ORG,0,37
mdp.39015086661694,27,13,0,370,CARDINAL,0,3
mdp.39015086661694,27,13,1,New York City,GPE,20,33
mdp.39015086661694,27,14,0,NATIONAL COMMITTEE FOR THE PREVENTION OF BLINDNESS,ORG,0,50
mdp.39015086661694,27,14,1,370 Seventh Avenue,FAC,52,70
mdp.39015086661694,27,14,2,New York City,GPE,72,85
mdp.39015086661694,27,15,0,NATIONAL COUNCIL,ORG,0,16
mdp.39015086661694,27,15,1,347,CARDINAL,31,34
mdp.39015086661694,27,15,2,Madison Avenue,FAC,35,49
mdp.39015086661694,27,15,3,New York City,GPE,51,64
mdp.39015086661694,27,16,0,NATIONAL DAIRY COUNCIL,ORG,0,22
mdp.39015086661694,27,16,1,910,CARDINAL,24,27
mdp.39015086661694,27,16,2,Michigan Avenue,FAC,34,49
mdp.39015086661694,27,16,3,Chicago,GPE,51,58
mdp.39015086661694,27,16,4,Ill.,GPE,60,64
mdp.39015086661694,27,17,0,NATIONAL HEALTH COUNCIL,ORG,0,23
mdp.39015086661694,27,17,1,370 Seventh Avenue,FAC,25,43
mdp.39015086661694,27,17,2,New York City,GPE,45,58
mdp.39015086661694,27,18,0,NATIONAL MEDICAL ASSOCIATION,ORG,0,28
mdp.39015086661694,27,18,1,Mutual Building,ORG,30,45
mdp.39015086661694,27,18,2,Durham,GPE,47,53
mdp.39015086661694,27,18,3,N. C.,GPE,55,60
mdp.39015086661694,27,19,0,NATIONAL NEGRO BUSINESS,ORG,0,23
mdp.39015086661694,27,19,1,Tuskegee Institute,ORG,32,50
mdp.39015086661694,27,19,2,Ala.,GPE,52,56
mdp.39015086661694,27,20,0,Tuskegee Institute,ORG,38,56
mdp.39015086661694,27,20,1,Ala.,GPE,58,62
mdp.39015086661694,27,21,0,NATIONAL ORGANIZATION FOR PUBLIC HEALTH NURSING,ORG,0,47
mdp.39015086661694,27,21,1,370 Seventh Avenue,FAC,49,67
mdp.39015086661694,27,21,2,New York City,GPE,69,82
mdp.39015086661694,27,22,0,NATIONAL TUBERCULOSIS ASSOCIATION,ORG,0,33
mdp.39015086661694,27,22,1,New York City,GPE,55,68
mdp.39015086661694,27,24,0,the National Tuberculosis Association,ORG,37,74
mdp.39015086661694,27,25,0,NATIONAL URBAN LEAGUE,ORG,0,21
mdp.39015086661694,27,25,1,Madison Avenue,FAC,26,40
mdp.39015086661694,27,25,2,New York City,GPE,42,55
mdp.39015086661694,27,26,0,NORTH CAROLINA MUTUAL LIFE INSURANCE CO.,ORG,0,40
mdp.39015086661694,27,26,1,Durham,GPE,42,48
mdp.39015086661694,27,26,2,N. C.,GPE,50,55
mdp.39015086661694,27,26,3,PLAYGROUND AND RECREATION ASSOCIATION OF AMERICA,ORG,56,104
mdp.39015086661694,27,26,4,315,CARDINAL,106,109
mdp.39015086661694,27,26,5,Fourth Avenue,FAC,110,123
mdp.39015086661694,27,26,6,New York City,GPE,125,138
mdp.39015086661694,27,27,0,ROCKEFELLER FOUNDATION,ORG,0,22
mdp.39015086661694,27,27,1,New York City,GPE,37,50
mdp.39015086661694,27,28,0,RUSSELL SAGE FOUNDATION,ORG,0,23
mdp.39015086661694,27,28,1,130,CARDINAL,25,28
mdp.39015086661694,27,28,2,New York City,GPE,56,69
mdp.39015086661694,27,29,0,TUSKEGEE INSTITUTE,ORG,0,18
mdp.39015086661694,27,29,1,Tuskegee Institute,FAC,20,38
mdp.39015086661694,27,29,2,Ala.,GPE,40,44
mdp.39015086661694,27,31,0,STATE HEALTH DEPARTMENT,ORG,0,23
mdp.39015086661694,27,32,0,UNITED STATES PUBLIC HEALTH SERVICE,ORG,0,35
mdp.39015086661694,27,32,1,Washington,GPE,37,47
mdp.39015086661694,27,32,2,D. C.,GPE,49,54
mdp.39015086661694,27,34,0,National Negro Health Week,EVENT,57,83
mdp.39015086661694,27,34,1,the National Negro Health Week Committee,ORG,219,259
mdp.39015086661694,27,34,2,the Health Week,EVENT,318,333
mdp.39015086661694,27,35,0,the National Negro Health Week Committee,ORG,51,91
mdp.39015086661694,27,35,1,Tuskegee Institute,ORG,93,111
mdp.39015086661694,27,35,2,Ala.,GPE,113,117
mdp.39015086661694,28,0,0,3 9015,CARDINAL,24,30
mdp.39015086661694,28,1,0,a Hundred Years,DATE,12,27
mdp.39015086661694,28,2,0,1,CARDINAL,0,1
mdp.39015086661694,28,3,0,2,CARDINAL,0,1
mdp.39015086661694,28,3,1,every day,DATE,42,51
mdp.39015086661694,28,4,0,3,CARDINAL,0,1
mdp.39015086661694,28,5,0,at least eight hours,TIME,5,25
mdp.39015086661694,28,6,0,ten,TIME,59,62
mdp.39015086661694,28,7,0,4,CARDINAL,0,1
mdp.39015086661694,28,8,0,5,CARDINAL,0,1
mdp.39015086661694,28,10,0,6,CARDINAL,0,1
mdp.39015086661694,28,12,0,7,CARDINAL,0,1
mdp.39015086661694,28,15,0,8,CARDINAL,0,1
mdp.39015086661694,28,17,0,night,TIME,34,39
mdp.39015086661694,28,18,0,9,CARDINAL,0,1
mdp.39015086661694,28,22,0,10,CARDINAL,0,2
mdp.39015086661694,28,23,0,each year,DATE,44,53
