vol_id,page,sentence_id,ent_id,entity,entity_type,start_char,end_char
mdp.39015086660951,1,0,0,"Sunday, April 3, to Sunday, April 10, 1932",DATE,80,122
mdp.39015086660951,1,0,1,Kansas City,GPE,179,190
mdp.39015086660951,1,0,2,Mo.,GPE,192,195
mdp.39015086660951,1,0,3,THE YEAR 1932,DATE,232,245
mdp.39015086660951,1,0,4,THE UNITED STATES PUBLIC HEALTH SERVICE,ORG,307,346
mdp.39015086660951,1,0,5,Washington,GPE,348,358
mdp.39015086660951,1,0,6,D. C.,GPE,360,365
mdp.39015086660951,3,0,0,1932 1932,DATE,0,9
mdp.39015086660951,3,0,1,NATIONAL Negro Health Week,EVENT,10,36
mdp.39015086660951,3,0,2,"Sunday, April 3, to Sunday, April 10 18th",DATE,37,78
mdp.39015086660951,3,1,0,The National Negro Business League,ORG,77,111
mdp.39015086660951,3,1,1,The National Medical Association,ORG,112,144
mdp.39015086660951,3,1,2,The National Negro Insurance Association,ORG,145,185
mdp.39015086660951,3,1,3,The United States,ORG,206,223
mdp.39015086660951,3,1,4,THE UNITED STATES,ORG,374,391
mdp.39015086660951,3,2,0,United States,GPE,22,35
mdp.39015086660951,3,2,1,Washington,GPE,63,73
mdp.39015086660951,3,2,2,1932,DATE,76,80
mdp.39015086660951,3,3,0,the Superintendent of Documents,ORG,12,43
mdp.39015086660951,3,3,1,Washington,GPE,45,55
mdp.39015086660951,3,3,2,D. C.,GPE,57,62
mdp.39015086660951,3,3,3,5 cents,MONEY,69,76
mdp.39015086660951,4,0,0,15 NEGRO HEALTH WEEK,DATE,3,23
mdp.39015086660951,4,0,1,APRIL 12TH TO 1918,DATE,24,42
mdp.39015086660951,4,0,2,KANSAS City,GPE,64,75
mdp.39015086660951,4,0,3,Mo.,GPE,77,80
mdp.39015086660951,4,2,0,Attuck's School,ORG,9,24
mdp.39015086660951,4,2,1,1930,DATE,34,38
mdp.39015086660951,4,2,2,General Hospital,ORG,90,106
mdp.39015086660951,4,3,0,the Kansas City (Mo.) Tuberculosis Society,ORG,10,52
mdp.39015086660951,4,4,0,Kansas City,GPE,34,45
mdp.39015086660951,4,4,1,Mo.,GPE,47,50
mdp.39015086660951,5,0,0,THE UNITED STATES CF AMERICA,GPE,13,41
mdp.39015086660951,5,0,1,THE YEAR 1932,DATE,56,69
mdp.39015086660951,5,0,2,THE NATIONAL NEGRO HEALTH MOVEMENT,ORG,144,178
mdp.39015086660951,5,0,3,GEORGE W. Bowles,PERSON,183,199
mdp.39015086660951,5,0,4,National Medical Association,ORG,201,229
mdp.39015086660951,5,0,5,Numa P. G. Adams,PERSON,244,260
mdp.39015086660951,5,0,6,Howard University,ORG,262,279
mdp.39015086660951,5,0,7,M. O. BOUSFIELD,PERSON,295,310
mdp.39015086660951,5,0,8,National Negro Insurance Association,ORG,312,348
mdp.39015086660951,5,0,9,R. C. WILLIAMS,PERSON,353,367
mdp.39015086660951,5,0,10,United States Public Health Service,ORG,369,404
mdp.39015086660951,5,0,11,MONROE N. WORK,PERSON,409,423
mdp.39015086660951,5,0,12,Tuskegee Institute,ORG,425,443
mdp.39015086660951,5,0,13,ALGERNON B. JACKSON,PERSON,458,477
mdp.39015086660951,5,0,14,Roscoe C. BROWN,PERSON,499,514
mdp.39015086660951,5,0,15,"WEEK APRIL 3 TO 10, 1932",DATE,553,577
mdp.39015086660951,5,0,16,MONDAY,DATE,602,608
mdp.39015086660951,5,1,0,TUESDAY,DATE,16,23
mdp.39015086660951,5,2,0,WEDNESDAY,DATE,25,34
mdp.39015086660951,5,3,0,THURSDAY,DATE,18,26
mdp.39015086660951,5,3,1,FRIDAY Special Campaign Day,DATE,46,73
mdp.39015086660951,5,3,2,SATURDAY General Clean-up Day,DATE,74,103
mdp.39015086660951,5,3,3,SUNDAY Report and Follow-up Day,DATE,104,135
mdp.39015086660951,5,4,0,NATIONAL NEGRO HEALTH WEEK,DATE,0,26
mdp.39015086660951,5,4,1,1932,DATE,45,49
mdp.39015086660951,5,4,2,Roscoe C. Brown,PERSON,65,80
mdp.39015086660951,5,4,3,MONROE N. WORK,PERSON,95,109
mdp.39015086660951,5,4,4,F. RIVERS BARNWELL,PERSON,126,144
mdp.39015086660951,5,4,5,ALGERNON B. JACKSON,PERSON,149,168
mdp.39015086660951,5,4,6,R. MAURICE Moss,PERSON,169,184
mdp.39015086660951,5,4,7,THE NATIONAL NEGRO HEALTH MOVEMENT,ORG,215,249
mdp.39015086660951,5,4,8,Howard University Medical School,ORG,250,282
mdp.39015086660951,5,4,9,Washington,GPE,284,294
mdp.39015086660951,5,4,10,D. C.,GPE,296,301
mdp.39015086660951,5,5,0,National Negro Health Week,EVENT,0,26
mdp.39015086660951,5,5,1,5 cents,MONEY,52,59
mdp.39015086660951,5,5,2,100,CARDINAL,72,75
mdp.39015086660951,5,5,3,1.25,MONEY,86,90
mdp.39015086660951,5,5,4,100,CARDINAL,95,98
mdp.39015086660951,5,5,5,5 cents,MONEY,149,156
mdp.39015086660951,5,5,6,100 or more,CARDINAL,169,180
mdp.39015086660951,5,5,7,1.25,MONEY,183,187
mdp.39015086660951,5,5,8,100 970030—32 {,CARDINAL,192,207
mdp.39015086660951,6,2,0,PARINA,GPE,16,22
mdp.39015086660951,6,2,1,ALABAMA,GPE,44,51
mdp.39015086660951,6,2,2,MARYLAND,GPE,56,64
mdp.39015086660951,6,3,0,Anne Arundel County,GPE,20,39
mdp.39015086660951,6,4,0,the State of Maryland Department of Health,ORG,10,52
mdp.39015086660951,6,5,0,Birmingham,GPE,11,21
mdp.39015086660951,6,5,1,Tuggle Institute,ORG,38,54
mdp.39015086660951,6,5,2,the Enon Ridge Community,ORG,59,83
mdp.39015086660951,6,5,3,Birmingham,GPE,85,95
mdp.39015086660951,6,5,4,Ala.,GPE,97,101
mdp.39015086660951,7,0,0,NEGRO HEALTH WEEK,EVENT,85,102
mdp.39015086660951,7,0,1,"APRIL 3 TO 10, 1932",DATE,114,133
mdp.39015086660951,7,2,0,Health Week,EVENT,79,90
mdp.39015086660951,7,2,1,a Certificate of Merit,WORK_OF_ART,128,150
mdp.39015086660951,7,3,0,"Washington, D. C.",GPE,22,39
mdp.39015086660951,7,3,1,this day of 19,DATE,40,54
mdp.39015086660951,7,4,0,Committee on Health Week,ORG,64,88
mdp.39015086660951,7,6,0,13,CARDINAL,34,36
mdp.39015086660951,7,6,1,15,CARDINAL,41,43
mdp.39015086660951,7,7,0,7,CARDINAL,25,26
mdp.39015086660951,7,8,0,THE NATIONAL NEGRO HEALTH WEEK,ORG,33,63
mdp.39015086660951,7,8,1,WASHINGTON,GPE,107,117
mdp.39015086660951,7,8,2,D. C.,GPE,119,124
mdp.39015086660951,8,2,0,California,GPE,12,22
mdp.39015086660951,8,3,0,the National Negro Health Week Organization,ORG,10,53
mdp.39015086660951,8,3,1,the Golden State Guarantee Fund Insurance Co.,ORG,58,103
mdp.39015086660951,8,3,2,Los Angeles,GPE,105,116
mdp.39015086660951,8,3,3,Calif.,GPE,118,124
mdp.39015086660951,8,4,0,Detroit,GPE,44,51
mdp.39015086660951,8,4,1,Mich.,GPE,53,58
mdp.39015086660951,8,5,0,the Department of Health,ORG,10,34
mdp.39015086660951,8,5,1,the Sophia Wright Neighborhood Club,ORG,39,74
mdp.39015086660951,8,5,2,Detroit,GPE,76,83
mdp.39015086660951,8,5,3,Mich.,GPE,85,90
mdp.39015086660951,9,0,0,NATIONAL NEGRO HEALTH WEEK,EVENT,26,52
mdp.39015086660951,9,0,1,"APRIL 3 TO 10, 1932",DATE,53,72
mdp.39015086660951,9,1,0,the National Negro Health Week Committee,ORG,76,116
mdp.39015086660951,9,2,0,the Application for Entry,WORK_OF_ART,64,89
mdp.39015086660951,9,3,0,Health Week,EVENT,30,41
mdp.39015086660951,9,4,0,RURAL,GPE,48,53
mdp.39015086660951,9,4,1,HEALTH WEEK,DATE,110,121
mdp.39015086660951,9,7,0,25 feet,QUANTITY,79,86
mdp.39015086660951,9,27,0,Health Week,EVENT,20,31
mdp.39015086660951,9,27,1,THE NATIONAL NEGRO HEALTH WEEK,ORG,74,104
mdp.39015086660951,9,27,2,WASHINGTON,GPE,149,159
mdp.39015086660951,9,27,3,D. C.,GPE,161,166
mdp.39015086660951,10,1,0,Howard University,ORG,7,24
mdp.39015086660951,10,2,0,Howard University,ORG,10,27
mdp.39015086660951,10,4,0,the Tuberculosis Association of the District of Columbia,ORG,10,66
mdp.39015086660951,11,0,0,NATIONAL NEGRO HEALTH WEEK,EVENT,4,30
mdp.39015086660951,11,1,0,the year 1932,DATE,15,28
mdp.39015086660951,11,1,1,National Negro Health Week,EVENT,130,156
mdp.39015086660951,11,1,2,the ensuing year,DATE,168,184
mdp.39015086660951,11,2,0,Health Week,EVENT,50,61
mdp.39015086660951,11,2,1,Health Week,EVENT,175,186
mdp.39015086660951,11,4,0,1,CARDINAL,21,22
mdp.39015086660951,11,6,0,2,CARDINAL,0,1
mdp.39015086660951,11,9,0,3,CARDINAL,0,1
mdp.39015086660951,11,11,0,4,CARDINAL,0,1
mdp.39015086660951,11,13,0,5,CARDINAL,0,1
mdp.39015086660951,11,14,0,one,CARDINAL,23,26
mdp.39015086660951,11,14,1,one,CARDINAL,114,117
mdp.39015086660951,11,15,0,6,CARDINAL,0,1
mdp.39015086660951,11,17,0,7,CARDINAL,0,1
mdp.39015086660951,11,18,0,the National Negro Health Week Committee,ORG,80,120
mdp.39015086660951,11,18,1,Howard University Medical School,ORG,122,154
mdp.39015086660951,11,18,2,Washington,GPE,156,166
mdp.39015086660951,11,18,3,D. C.,GPE,168,173
mdp.39015086660951,11,18,4,Health Week,EVENT,211,222
mdp.39015086660951,11,18,5,"April 3, 1932",DATE,235,248
mdp.39015086660951,11,19,0,11,CARDINAL,29,31
mdp.39015086660951,11,19,1,8,CARDINAL,33,34
mdp.39015086660951,11,20,0,the National Negro Health Week Committee,ORG,40,80
mdp.39015086660951,11,20,1,"June 15, 1932",DATE,96,109
mdp.39015086660951,11,21,0,9,CARDINAL,0,1
mdp.39015086660951,11,22,0,the National Negro Health Week Committee,ORG,57,97
mdp.39015086660951,11,24,0,10,CARDINAL,0,2
mdp.39015086660951,11,25,0,the National Negro Health Week Committee,ORG,52,92
mdp.39015086660951,11,27,0,National Negro Health Week,EVENT,33,59
mdp.39015086660951,11,29,0,The National Negro Health Week ComMITTEE,WORK_OF_ART,31,71
mdp.39015086660951,11,29,1,Howard University Medical School,ORG,73,105
mdp.39015086660951,11,29,2,Washington,GPE,107,117
mdp.39015086660951,11,29,3,D. C.,GPE,119,124
mdp.39015086660951,12,0,0,"APRIL 3-10, 1932",DATE,27,43
mdp.39015086660951,12,1,0,JANUARY FEBRUARY DECEMBER NOVEMBER TUBERCULOSIS,DATE,1,48
mdp.39015086660951,12,1,1,OCTOBER,DATE,262,269
mdp.39015086660951,12,1,2,A12 Month,DATE,314,323
mdp.39015086660951,12,1,3,APRIL MAY,DATE,388,397
mdp.39015086660951,12,1,4,THE YEAR 1932,DATE,661,674
mdp.39015086660951,13,0,0,UVELLUNUBUHI MELALUDT,PERSON,14,35
mdp.39015086660951,13,1,0,THE National Negro Health Movement,ORG,51,85
mdp.39015086660951,13,2,0,2,CARDINAL,33,34
mdp.39015086660951,13,2,1,2,CARDINAL,35,36
mdp.39015086660951,13,2,2,the Better Babies Standard Score Card,WORK_OF_ART,215,252
mdp.39015086660951,13,3,0,Fostering Agency,ORG,33,49
mdp.39015086660951,13,4,0,the National Negro Health Movement,ORG,23,57
mdp.39015086660951,13,5,0,Vatronal Negro Health Week,ORG,10,36
mdp.39015086660951,13,5,1,Committee on Health Week,ORG,55,79
mdp.39015086660951,13,5,2,NEGRO HEALTH WEEK,EVENT,175,192
mdp.39015086660951,13,6,0,the Poster Contest,EVENT,89,107
mdp.39015086660951,13,6,1,the National Negro Health Week,EVENT,111,141
mdp.39015086660951,13,6,2,the year 1932,DATE,145,158
mdp.39015086660951,13,6,3,year 1933,DATE,199,208
mdp.39015086660951,13,6,4,the Health Week,EVENT,223,238
mdp.39015086660951,13,9,0,The NATIONAL NEGRO Health WEEK COMMITTEE,ORG,20,60
mdp.39015086660951,13,9,1,Howard University Medical School,ORG,62,94
mdp.39015086660951,13,9,2,Washington,GPE,96,106
mdp.39015086660951,14,1,0,RURAL MARYLAND,GPE,0,14
mdp.39015086660951,14,1,1,the State Board of Health,ORG,90,115
mdp.39015086660951,14,2,0,the State of Maryland Department of Health,ORG,10,52
mdp.39015086660951,15,0,0,450 NATIONAL CLEAN-UP AND PAINT-UP CAMPAIGN,ORG,72,115
mdp.39015086660951,15,0,1,Seventh Avenue,FAC,116,130
mdp.39015086660951,15,0,2,New York City,GPE,132,145
mdp.39015086660951,15,1,0,American HEART AssociATION,ORG,34,60
mdp.39015086660951,15,1,1,D. C. Avenue,FAC,86,98
mdp.39015086660951,15,1,2,New York City,GPE,100,113
mdp.39015086660951,15,2,0,NATIONAL COMMITTEE FOR MENTAL HYGIENE,ORG,0,37
mdp.39015086660951,15,2,1,AMERICAN HOSPITAL AssociATION,ORG,39,68
mdp.39015086660951,15,2,2,New York City,GPE,100,113
mdp.39015086660951,15,3,0,vision Street,FAC,0,13
mdp.39015086660951,15,3,1,Chicago,GPE,15,22
mdp.39015086660951,15,4,0,NATIONAL COMMITTEE FOR THE PREVENTION OF AMERICAN Public Health AssociATION,ORG,0,75
mdp.39015086660951,15,4,1,450 BLINDNESS,ORG,77,90
mdp.39015086660951,15,4,2,New York,GPE,112,120
mdp.39015086660951,15,4,3,Seventh Avenue,FAC,121,135
mdp.39015086660951,15,4,4,New York City,GPE,137,150
mdp.39015086660951,15,6,0,AMERICAN RED Cross,ORG,0,18
mdp.39015086660951,15,6,1,Seventeenth and D NATIONAL COUNCIL,FAC,20,54
mdp.39015086660951,15,6,2,Washington,GPE,94,104
mdp.39015086660951,15,6,3,New York City,GPE,120,133
mdp.39015086660951,15,7,0,AMERICAN SOCIAL HYGIENE ASSOCIATION,ORG,0,35
mdp.39015086660951,15,7,1,450 NATIONAL Dairy Council,ORG,37,63
mdp.39015086660951,15,7,2,New York City,GPE,100,113
mdp.39015086660951,15,8,0,Avenue,FAC,0,6
mdp.39015086660951,15,8,1,Chicago,GPE,8,15
mdp.39015086660951,15,8,2,American SocieTY FOR THE CONTROL OF,ORG,22,57
mdp.39015086660951,15,8,3,New York People,GPE,125,140
mdp.39015086660951,15,8,4,New York City,GPE,162,175
mdp.39015086660951,15,10,0,Associated NEGRO Press,ORG,0,22
mdp.39015086660951,15,10,1,3423 Indiana AveNATIONAL HEALTH Council,ORG,24,63
mdp.39015086660951,15,10,2,Chicago,GPE,85,92
mdp.39015086660951,15,10,3,Ill.,GPE,94,98
mdp.39015086660951,15,10,4,New York City,GPE,104,117
mdp.39015086660951,15,11,0,ATLANTA School of Social Service,ORG,0,32
mdp.39015086660951,15,11,1,Herndon NATIONAL MEDICAL ASSOCIATION,ORG,34,70
mdp.39015086660951,15,11,2,136 West Building,FAC,72,89
mdp.39015086660951,15,11,3,Atlanta,GPE,91,98
mdp.39015086660951,15,12,0,Kinney Street,FAC,0,13
mdp.39015086660951,15,12,1,Newark,GPE,15,21
mdp.39015086660951,15,12,2,N. J. CLEANLINESS INSTITUTE,ORG,23,50
mdp.39015086660951,15,12,3,Tuskegee Street,FAC,104,119
mdp.39015086660951,15,12,4,New York City,GPE,121,134
mdp.39015086660951,15,13,0,Ala.,GPE,11,15
mdp.39015086660951,15,14,0,COMMISSION ON INTERRACIAL COOPERATION,ORG,0,37
mdp.39015086660951,15,14,1,NATIONAL NEGRO INSURANCE AssociaTION,ORG,39,75
mdp.39015086660951,15,14,2,Palmer Building,FAC,77,92
mdp.39015086660951,15,14,3,Atlanta,GPE,94,101
mdp.39015086660951,15,14,4,Ga.,GPE,103,106
mdp.39015086660951,15,14,5,Chicago,GPE,127,134
mdp.39015086660951,15,14,6,Ill.,GPE,136,140
mdp.39015086660951,15,14,7,UNITED STATES,GPE,160,173
mdp.39015086660951,15,14,8,Washington,GPE,241,251
mdp.39015086660951,15,14,9,D. C. NURSING,GPE,253,266
mdp.39015086660951,15,14,10,New York,GPE,288,296
mdp.39015086660951,15,14,11,Hampton Institute,ORG,316,333
mdp.39015086660951,15,14,12,Va. City,GPE,335,343
mdp.39015086660951,15,15,0,Howard UNIVERSITY,ORG,0,17
mdp.39015086660951,15,15,1,Washington,GPE,19,29
mdp.39015086660951,15,15,2,D. C.,GPE,31,36
mdp.39015086660951,15,15,3,315 I. B. P. O. E. W. (Elks) COMMISSION,ORG,70,109
mdp.39015086660951,15,15,4,New York City,GPE,135,148
mdp.39015086660951,15,16,0,1500,CARDINAL,11,15
mdp.39015086660951,15,16,1,WashingNATIONAL TUBERCULOSIS Association,ORG,30,70
mdp.39015086660951,15,16,2,450 ton,QUANTITY,72,79
mdp.39015086660951,15,16,3,New York City,GPE,103,116
mdp.39015086660951,15,17,0,INTERNATIONAL Dental HEALTH FOUNDATION,ORG,6,44
mdp.39015086660951,15,18,0,130,CARDINAL,3,6
mdp.39015086660951,15,18,1,New York City.,GPE,24,38
mdp.39015086660951,15,18,2,the National Tuberculosis Association,ORG,73,110
mdp.39015086660951,15,19,0,Washington,GPE,49,59
mdp.39015086660951,15,19,1,D. C.,GPE,61,66
mdp.39015086660951,15,20,0,NATIONAL URBAN LEAGUE,ORG,0,21
mdp.39015086660951,15,20,1,New York City,GPE,38,51
mdp.39015086660951,15,21,0,Julius RosENWALD FUND,PERSON,0,21
mdp.39015086660951,15,21,1,Chicago,GPE,47,54
mdp.39015086660951,15,21,2,Negro Civic WELFARE AssocIATION,ORG,61,92
mdp.39015086660951,15,21,3,Cutter Street,FAC,99,112
mdp.39015086660951,15,21,4,Cincinnati,GPE,114,124
mdp.39015086660951,15,21,5,Ohio,GPE,126,130
mdp.39015086660951,15,22,0,METROPOLITAN LIFE INSURANCE Co.,ORG,0,31
mdp.39015086660951,15,22,1,Madison Avenue,FAC,55,69
mdp.39015086660951,15,22,2,New York,GPE,71,79
mdp.39015086660951,15,23,0,Fourth Street,FAC,0,13
mdp.39015086660951,15,23,1,Richmond,GPE,15,23
mdp.39015086660951,15,24,0,NATIONAL AssoCIATION OF COLORED GRADNorth,ORG,0,41
mdp.39015086660951,15,24,1,New Co.,GPE,106,113
mdp.39015086660951,15,24,2,Durham,GPE,115,121
mdp.39015086660951,15,24,3,N. C.,GPE,123,128
mdp.39015086660951,15,25,0,York City,GPE,0,9
mdp.39015086660951,15,26,0,ROCKEFELLER FOUNDATION,ORG,0,22
mdp.39015086660951,15,26,1,New NATIONAL AssoCIATION OF COLORED Women,ORG,37,78
mdp.39015086660951,15,26,2,York City,GPE,80,89
mdp.39015086660951,15,27,0,Washington,GPE,19,29
mdp.39015086660951,15,27,1,D. C.,GPE,31,36
mdp.39015086660951,15,28,0,Russell Sage FOUNDATION,ORG,0,23
mdp.39015086660951,15,28,1,New York City,GPE,98,111
mdp.39015086660951,15,29,0,New York City,GPE,8,21
mdp.39015086660951,15,30,0,TUSKEGEE INSTITUTE,ORG,0,18
mdp.39015086660951,15,30,1,Tuskegee Institute,ORG,20,38
mdp.39015086660951,15,30,2,Ala,GPE,40,43
mdp.39015086660951,15,31,0,STATE HEALTH DEPARTMENT,ORG,0,23
mdp.39015086660951,15,32,0,UNITED STATES,ORG,0,13
mdp.39015086660951,15,32,1,Washington,GPE,37,47
mdp.39015086660951,15,32,2,D. C.,GPE,49,54
mdp.39015086660951,15,33,0,the National Negro Health Week Committee,ORG,51,91
mdp.39015086660951,15,33,1,Howard University Medical School,ORG,93,125
mdp.39015086660951,15,33,2,Washington,GPE,127,137
mdp.39015086660951,15,33,3,D. C.,GPE,139,144
mdp.39015086660951,15,33,4,Health Week,DATE,198,209
mdp.39015086660951,15,33,5,year-round,DATE,214,224
mdp.39015086660951,15,38,0,13,CARDINAL,1,3
mdp.39015086660951,17,0,0,SUNDAY APRIL 3,DATE,43,57
mdp.39015086660951,17,0,1,MONDAY APRIL 4,DATE,58,72
mdp.39015086660951,17,0,2,TUESDAY 1 APRIL 5,DATE,73,90
mdp.39015086660951,17,0,3,WEDNESDAY APRIL 6,DATE,91,108
mdp.39015086660951,17,4,0,the Health Week,EVENT,147,162
mdp.39015086660951,17,15,0,sible,PRODUCT,8,13
mdp.39015086660951,17,17,0,conTHURSDAY APRIL 7,DATE,6,25
mdp.39015086660951,17,17,1,FRIDAY APRIL 8,DATE,26,40
mdp.39015086660951,17,17,2,SATURDAY APRIL 9,DATE,41,57
mdp.39015086660951,17,17,3,SUNDAY APRIL 10,DATE,58,73
mdp.39015086660951,17,19,0,1,CARDINAL,12,13
mdp.39015086660951,17,19,1,2,CARDINAL,27,28
mdp.39015086660951,17,19,2,3,CARDINAL,43,44
mdp.39015086660951,17,19,3,4,CARDINAL,59,60
mdp.39015086660951,17,19,4,5,CARDINAL,78,79
mdp.39015086660951,17,19,5,6,CARDINAL,103,104
mdp.39015086660951,17,23,0,Churches,ORG,44,52
mdp.39015086660951,17,23,1,Naboth,GPE,276,282
mdp.39015086660951,17,23,2,their own needs days,DATE,283,303
mdp.39015086660951,17,24,0,Negro Health,ORG,19,31
mdp.39015086660951,17,24,1,oriWeek Committee,ORG,73,90
mdp.39015086660951,17,28,0,last work day,DATE,33,46
mdp.39015086660951,17,30,0,this day,DATE,30,38
mdp.39015086660951,17,30,1,"Tuesday, April 5",DATE,40,56
mdp.39015086660951,17,30,2,Booker T. Washington,PERSON,121,141
mdp.39015086660951,17,30,3,National Health Week,EVENT,154,174
mdp.39015086660951,17,33,0,13,CARDINAL,9,11
mdp.39015086660951,17,34,0,THE NATIONAL NEGRO HEALTH WEEK COMMITTEE,ORG,72,112
mdp.39015086660951,17,34,1,Howard University Medical School,ORG,114,146
mdp.39015086660951,17,34,2,Washington,GPE,148,158
mdp.39015086660951,17,34,3,D. C.,GPE,160,165
mdp.39015086660951,17,35,0,the Year 1932,DATE,14,27
mdp.39015086660951,20,2,0,1915,DATE,12,16
mdp.39015086660951,20,2,1,TEXAS,GPE,77,82
mdp.39015086660951,20,2,2,the Texas Tuberculosis Association,ORG,117,151
mdp.39015086660951,20,2,3,Austin,GPE,153,159
mdp.39015086660951,20,2,4,Tex,GPE,161,164
