vol_id,page,sentence_id,ent_id,entity,entity_type,start_char,end_char
mdp.39015086661108,1,0,0,"Sunday, April 2, to Sunday, April 9, 1933",DATE,79,120
mdp.39015086661108,1,0,1,PROPEO 100,DATE,187,197
mdp.39015086661108,1,0,2,the Kent County (Maryland) Department of Health,ORG,225,272
mdp.39015086661108,1,0,3,THE YEAR 1933,DATE,351,364
mdp.39015086661108,1,1,0,THE UNITED STATES,ORG,10,27
mdp.39015086661108,1,1,1,Washington,GPE,51,61
mdp.39015086661108,1,1,2,D. C.,GPE,63,68
mdp.39015086661108,2,0,0,SUNDAY APRIL 2,DATE,107,121
mdp.39015086661108,2,0,1,MONDAY APRIL 3,DATE,122,136
mdp.39015086661108,2,0,2,TUESDAY APRIL 4,DATE,137,152
mdp.39015086661108,2,0,3,WEDNESDAY 1 APRIL 5,DATE,153,172
mdp.39015086661108,2,2,0,the Health Week,EVENT,147,162
mdp.39015086661108,2,12,0,sible,PRODUCT,8,13
mdp.39015086661108,2,14,0,THURSDAY APRIL 6,DATE,0,16
mdp.39015086661108,2,14,1,FRIDAY APRIL 7,DATE,17,31
mdp.39015086661108,2,14,2,SATURDAY APRIL 8,DATE,32,48
mdp.39015086661108,2,14,3,SUNDAY APRIL 9,DATE,49,63
mdp.39015086661108,2,15,0,This day,DATE,0,8
mdp.39015086661108,2,18,0,tuChurches,ORG,60,70
mdp.39015086661108,2,18,1,prothe Health Week,EVENT,96,114
mdp.39015086661108,2,19,0,1,CARDINAL,74,75
mdp.39015086661108,2,19,1,2,CARDINAL,89,90
mdp.39015086661108,2,19,2,3,CARDINAL,160,161
mdp.39015086661108,2,20,0,Negro Health,ORG,19,31
mdp.39015086661108,2,20,1,4,CARDINAL,40,41
mdp.39015086661108,2,20,2,oriWeek Committee,ORG,91,108
mdp.39015086661108,2,20,3,5,CARDINAL,116,117
mdp.39015086661108,2,20,4,6,CARDINAL,199,200
mdp.39015086661108,2,23,0,last work day,DATE,44,57
mdp.39015086661108,2,26,0,this day,DATE,30,38
mdp.39015086661108,2,26,1,"Wednesday, April 5",DATE,40,58
mdp.39015086661108,2,26,2,Booker T. Washington,PERSON,123,143
mdp.39015086661108,2,26,3,National Health Week,EVENT,156,176
mdp.39015086661108,2,27,0,the year,DATE,116,124
mdp.39015086661108,2,30,0,The NATIONAL NEGRO HEALTH WEEK COMMITTEE,ORG,72,112
mdp.39015086661108,2,30,1,United States Public Health Service,ORG,114,149
mdp.39015086661108,2,30,2,Washington,GPE,151,161
mdp.39015086661108,2,30,3,D.C.,GPE,163,167
mdp.39015086661108,2,30,4,the Year 1933,DATE,182,195
mdp.39015086661108,2,30,5,FIRST,ORDINAL,204,209
mdp.39015086661108,3,0,0,1933 1933,DATE,0,9
mdp.39015086661108,3,0,1,National Negro Health Week,EVENT,10,36
mdp.39015086661108,3,0,2,"Sunday, April 2, to Sunday, April 9",DATE,37,72
mdp.39015086661108,3,0,3,19th,ORDINAL,75,79
mdp.39015086661108,3,0,4,the National Negro Health Movement Advisory Committee,ORG,120,173
mdp.39015086661108,3,0,5,GEORGE W. Bowles,PERSON,178,194
mdp.39015086661108,3,0,6,National Medical Association,ORG,196,224
mdp.39015086661108,3,0,7,Numa P. G. Adams,PERSON,239,255
mdp.39015086661108,3,0,8,Howard University,ORG,257,274
mdp.39015086661108,3,0,9,M. O. BOUSFIELD,PERSON,290,305
mdp.39015086661108,3,0,10,National Negro Insurance Association,ORG,307,343
mdp.39015086661108,3,0,11,R. C. Williams,PERSON,348,362
mdp.39015086661108,3,0,12,United States,GPE,364,377
mdp.39015086661108,3,0,13,Monroe N. Work,PERSON,404,418
mdp.39015086661108,3,0,14,Tuskegee Institute,ORG,420,438
mdp.39015086661108,3,0,15,Roscoe C. Brown,PERSON,465,480
mdp.39015086661108,3,0,16,Monroe N. WORK,PERSON,495,509
mdp.39015086661108,3,0,17,F. RIVERS BARNWELL,PERSON,526,544
mdp.39015086661108,3,0,18,AlGERNON B. JACKSON,PERSON,549,568
mdp.39015086661108,3,0,19,R. MAURICE Moss,PERSON,569,584
mdp.39015086661108,3,0,20,United States,GPE,609,622
mdp.39015086661108,3,1,0,UNITED STATES,GPE,0,13
mdp.39015086661108,3,1,1,United States,GPE,38,51
mdp.39015086661108,3,1,2,Washington,GPE,79,89
mdp.39015086661108,3,1,3,the Superintendent of Documents,ORG,109,140
mdp.39015086661108,3,1,4,Washington,GPE,142,152
mdp.39015086661108,3,1,5,D. C.,GPE,154,159
mdp.39015086661108,3,1,6,5 cents,MONEY,166,173
mdp.39015086661108,3,1,7,100,CARDINAL,189,192
mdp.39015086661108,4,1,0,Southern,NORP,18,26
mdp.39015086661108,4,2,0,2.62,CARDINAL,1,5
mdp.39015086661108,4,3,0,RosenwALD NURSE,ORG,0,15
mdp.39015086661108,4,4,0,East Carroll Parish,GPE,0,19
mdp.39015086661108,4,4,1,Louisiana,GPE,21,30
mdp.39015086661108,4,5,0,Fairmont,GPE,0,8
mdp.39015086661108,4,5,1,West Virginia,GPE,10,23
mdp.39015086661108,4,5,2,12,CARDINAL,24,26
mdp.39015086661108,5,0,0,EACH DAY,DATE,91,99
mdp.39015086661108,5,0,1,2,CARDINAL,133,134
mdp.39015086661108,5,12,0,Special-day,DATE,4,15
mdp.39015086661108,5,12,1,the special days,DATE,39,55
mdp.39015086661108,5,12,2,the Health Week,EVENT,59,74
mdp.39015086661108,5,13,0,weekly,DATE,85,91
mdp.39015086661108,5,13,1,daily,DATE,122,127
mdp.39015086661108,5,13,2,the Health Week,EVENT,135,150
mdp.39015086661108,5,21,0,omong,NORP,125,130
mdp.39015086661108,5,22,0,Health Week,EVENT,63,74
mdp.39015086661108,5,26,0,Health Week,EVENT,100,111
mdp.39015086661108,5,26,1,the day,DATE,208,215
mdp.39015086661108,5,27,0,the Health Week,EVENT,105,120
mdp.39015086661108,5,34,0,Health Week Committee,EVENT,37,58
mdp.39015086661108,5,35,0,the Year-Round National Negro Health Movement,ORG,37,82
mdp.39015086661108,6,1,0,Baltimore,GPE,0,9
mdp.39015086661108,6,1,1,Maryland,GPE,11,19
mdp.39015086661108,6,3,0,Terre Haute,GPE,0,11
mdp.39015086661108,6,3,1,Indiana,GPE,13,20
mdp.39015086661108,6,4,0,Housing Project,ORG,7,22
mdp.39015086661108,6,4,1,Louisville,GPE,24,34
mdp.39015086661108,6,4,2,Kentucky,GPE,36,44
mdp.39015086661108,6,4,3,1,CARDINAL,45,46
mdp.39015086661108,7,0,0,7,CARDINAL,99,100
mdp.39015086661108,7,1,0,NEGRO HEALTH WEEK,EVENT,89,106
mdp.39015086661108,7,1,1,State,ORG,139,144
mdp.39015086661108,7,1,2,Health Week,EVENT,187,198
mdp.39015086661108,7,2,0,a Certificate of Merit,WORK_OF_ART,20,42
mdp.39015086661108,7,3,0,"Washington, D. C.",GPE,22,39
mdp.39015086661108,7,3,1,this day of 19.Chairman,DATE,40,63
mdp.39015086661108,7,3,2,National Negro Health Week Committee,ORG,65,101
mdp.39015086661108,7,3,3,SEAL,ORG,103,107
mdp.39015086661108,7,3,4,Committee on Health Il'eek Awards,ORG,118,151
mdp.39015086661108,7,3,5,the Health Week,EVENT,223,238
mdp.39015086661108,7,4,0,NEGRO HEALTH WEEK,EVENT,34,51
mdp.39015086661108,7,7,0,the Poster Contest,EVENT,66,84
mdp.39015086661108,7,7,1,the National Negro Health Week,EVENT,88,118
mdp.39015086661108,7,7,2,the year 1934,DATE,122,135
mdp.39015086661108,7,11,0,The NATIONAL NEGRO HEALTH WEEK COMMITTEE,ORG,20,60
mdp.39015086661108,7,11,1,United States Public Health Service,ORG,62,97
mdp.39015086661108,7,11,2,Washington,GPE,99,109
mdp.39015086661108,7,11,3,D. C.,GPE,111,116
mdp.39015086661108,8,0,0,FIRST,ORDINAL,21,26
mdp.39015086661108,8,2,0,Pope County,GPE,0,11
mdp.39015086661108,8,2,1,Arkansas,GPE,13,21
mdp.39015086661108,8,2,2,1933,DATE,42,46
mdp.39015086661108,8,3,0,Perry County,GPE,0,12
mdp.39015086661108,8,3,1,Alabama,GPE,14,21
mdp.39015086661108,8,3,2,16,CARDINAL,22,24
mdp.39015086661108,9,0,0,"APRIL 2 TO 9, 1933",DATE,53,71
mdp.39015086661108,9,1,0,the National Negro Health Week Committee,ORG,76,116
mdp.39015086661108,9,2,0,the Application for Entry,WORK_OF_ART,64,89
mdp.39015086661108,9,4,0,5,CARDINAL,9,10
mdp.39015086661108,9,5,0,HEALTH WEEK,DATE,110,121
mdp.39015086661108,9,6,0,25 feet,QUANTITY,59,66
mdp.39015086661108,9,37,0,Health Week,EVENT,20,31
mdp.39015086661108,9,37,1,THE NATIONAL NEGRO HEALTH WEEK,ORG,68,98
mdp.39015086661108,9,37,2,UNITED STATES PUBLIC HEALTH SERVICE,ORG,109,144
mdp.39015086661108,9,37,3,WASHINGTON,GPE,146,156
mdp.39015086661108,9,37,4,D. C.,GPE,158,163
mdp.39015086661108,11,0,0,450 NATIONAL COMMITTEE FOR Mental HYGIENE,ORG,72,113
mdp.39015086661108,11,0,1,Seventh Avenue,FAC,115,129
mdp.39015086661108,11,0,2,New York City,GPE,131,144
mdp.39015086661108,11,1,0,New York City,GPE,20,33
mdp.39015086661108,11,2,0,AMERICAN HEART ASSOCIATION,ORG,0,26
mdp.39015086661108,11,2,1,450 Seventh NATIONAL COMMITTEE FOR THE PREVENTION OF Avenue,ORG,28,87
mdp.39015086661108,11,2,2,New York City,GPE,89,102
mdp.39015086661108,11,3,0,New York,GPE,31,39
mdp.39015086661108,11,3,1,AMERICAN HOSPITAL ASSOCIATION,ORG,40,69
mdp.39015086661108,11,4,0,vision Street,FAC,0,13
mdp.39015086661108,11,4,1,Chicago,GPE,15,22
mdp.39015086661108,11,5,0,NATIONAL COUNCIL,ORG,0,16
mdp.39015086661108,11,5,1,347 Madison,ORG,31,42
mdp.39015086661108,11,5,2,New York City,GPE,91,104
mdp.39015086661108,11,6,0,Seventh Avenue,FAC,0,14
mdp.39015086661108,11,6,1,New York City,GPE,16,29
mdp.39015086661108,11,7,0,NATIONAL Dairy COUNCIL,ORG,0,22
mdp.39015086661108,11,7,1,910 South Michigan AMERICAN RED Cross,ORG,24,61
mdp.39015086661108,11,7,2,Seventeenth and D Avenue,FAC,63,87
mdp.39015086661108,11,7,3,Chicago,GPE,89,96
mdp.39015086661108,11,7,4,Washington,GPE,116,126
mdp.39015086661108,11,7,5,D. C.,GPE,128,133
mdp.39015086661108,11,8,0,NATIONAL DENTAL AssociATION,ORG,0,27
mdp.39015086661108,11,8,1,466 West AMERICAN SOCIAL HYGIENE ASSOCIATION,ORG,29,73
mdp.39015086661108,11,8,2,Westfield,GPE,93,102
mdp.39015086661108,11,8,3,N. J. Seventh Avenue,ORG,104,124
mdp.39015086661108,11,8,4,New York City,GPE,126,139
mdp.39015086661108,11,9,0,NATIONAL HEALTH CIRCLE COLORED AMERICAN SOCIETY,ORG,0,47
mdp.39015086661108,11,9,1,New York CER,GPE,98,110
mdp.39015086661108,11,9,2,New York City,GPE,140,153
mdp.39015086661108,11,11,0,NATIONAL HEALTH COUNCIL,ORG,0,23
mdp.39015086661108,11,11,1,Seventh AveASSOCIATED Negro Press,FAC,29,62
mdp.39015086661108,11,11,2,3423 Indiana Avenue,FAC,64,83
mdp.39015086661108,11,11,3,New York City,GPE,85,98
mdp.39015086661108,11,12,0,Chicago,GPE,5,12
mdp.39015086661108,11,13,0,NATIONAL MEDICAL ASSOCIATION,ORG,0,28
mdp.39015086661108,11,13,1,Howard ATLANTA SCHOOL OF SOCIAL SERVICE,ORG,30,69
mdp.39015086661108,11,13,2,Herndon University,ORG,71,89
mdp.39015086661108,11,13,3,Washington,GPE,106,116
mdp.39015086661108,11,13,4,D,GPE,118,119
mdp.39015086661108,11,13,5,Atlanta,GPE,134,141
mdp.39015086661108,11,14,0,New York City,GPE,92,105
mdp.39015086661108,11,15,0,"Forty-first Street, New York City.",CARDINAL,0,34
mdp.39015086661108,11,16,0,COMMISSION ON INTERRACIAL COOPERATION,ORG,0,37
mdp.39015086661108,11,16,1,NATIONAL NEGRO INSURANCE ASSOCIATION,ORG,39,75
mdp.39015086661108,11,16,2,Palmer Building,FAC,77,92
mdp.39015086661108,11,16,3,Atlanta,GPE,94,101
mdp.39015086661108,11,16,4,Ga.,GPE,103,106
mdp.39015086661108,11,17,0,3511,CARDINAL,0,4
mdp.39015086661108,11,17,1,South Parkway,FAC,5,18
mdp.39015086661108,11,17,2,Chicago,GPE,20,27
mdp.39015086661108,11,17,3,UNITED STATES,ORG,53,66
mdp.39015086661108,11,17,4,Washington,GPE,134,144
mdp.39015086661108,11,17,5,D. C.,GPE,146,151
mdp.39015086661108,11,17,6,New York City,GPE,180,193
mdp.39015086661108,11,18,0,New York,GPE,70,78
mdp.39015086661108,11,18,1,Fourth Avenue,FAC,122,135
mdp.39015086661108,11,18,2,New York City,GPE,137,150
mdp.39015086661108,11,19,0,HAMPTON INSTITUTE,ORG,0,17
mdp.39015086661108,11,19,1,Hampton,GPE,19,26
mdp.39015086661108,11,19,2,Va.,GPE,28,31
mdp.39015086661108,11,20,0,NATIONAL SOCIETY FOR THE PREVENTION OF HOWARD UNIVERSITY,ORG,0,56
mdp.39015086661108,11,20,1,Washington,GPE,58,68
mdp.39015086661108,11,20,2,D. C. BLINDNESS,GPE,70,85
mdp.39015086661108,11,20,3,New York City,GPE,107,120
mdp.39015086661108,11,21,0,WashingNATIONAL TUBERCULOSIS AssocIATION,ORG,76,116
mdp.39015086661108,11,21,1,New York City,GPE,138,151
mdp.39015086661108,11,22,0,INTERNATIONAL DENTAL HEALTH FOUNDATION,ORG,6,44
mdp.39015086661108,11,23,0,East End Avenue,FAC,7,22
mdp.39015086661108,11,23,1,New York City,GPE,24,37
mdp.39015086661108,11,24,0,the National Tuberculosis Association,ORG,34,71
mdp.39015086661108,11,25,0,Julius RosenwALD FUND,PERSON,0,21
mdp.39015086661108,11,25,1,NATIONAL URBAN LEAGUE,FAC,42,63
mdp.39015086661108,11,25,2,Chicago,GPE,80,87
mdp.39015086661108,11,26,0,New York City,GPE,0,13
mdp.39015086661108,11,27,0,METROPOLITAN LIFE INSURANCE CO.,ORG,0,31
mdp.39015086661108,11,27,1,Madison Avenue,FAC,55,69
mdp.39015086661108,11,27,2,New York,GPE,71,79
mdp.39015086661108,11,28,0,Cutter Street,FAC,0,13
mdp.39015086661108,11,28,1,Cincinnati,GPE,15,25
mdp.39015086661108,11,28,2,Ohio,GPE,27,31
mdp.39015086661108,11,29,0,NATIONAL AssoCIATION OF COLORED GRADNegro ORGANIZATION SOCIETY,ORG,0,62
mdp.39015086661108,11,29,1,Southern Aid UATE,ORG,64,81
mdp.39015086661108,11,29,2,Seventh Avenue,FAC,94,108
mdp.39015086661108,11,29,3,New Building,FAC,110,122
mdp.39015086661108,11,29,4,Richmond,GPE,124,132
mdp.39015086661108,11,30,0,York City,GPE,0,9
mdp.39015086661108,11,31,0,Durham,GPE,81,87
mdp.39015086661108,11,31,1,N. C.,GPE,89,94
mdp.39015086661108,11,31,2,Washington,GPE,114,124
mdp.39015086661108,11,31,3,D. C.,GPE,126,131
mdp.39015086661108,11,31,4,New NATIONAL BAR ASSOCIATION,ORG,169,197
mdp.39015086661108,11,31,5,3737,CARDINAL,199,203
mdp.39015086661108,11,31,6,York City,GPE,216,225
mdp.39015086661108,11,32,0,Chicago,GPE,8,15
mdp.39015086661108,11,32,1,Ill.,GPE,17,21
mdp.39015086661108,11,32,2,RUSSELL Sace FOUNDATION,ORG,22,45
mdp.39015086661108,11,32,3,Lexington Avenue,FAC,95,111
mdp.39015086661108,11,32,4,New York City,GPE,113,126
mdp.39015086661108,11,33,0,New York City,GPE,15,28
mdp.39015086661108,11,34,0,2201,CARDINAL,91,95
mdp.39015086661108,11,34,1,Austin,GPE,125,131
mdp.39015086661108,11,34,2,Tex,GPE,133,136
mdp.39015086661108,11,35,0,Washington,GPE,0,10
mdp.39015086661108,11,35,1,D. C.,GPE,12,17
mdp.39015086661108,11,35,2,Tuskegee Institute,FAC,38,56
mdp.39015086661108,11,35,3,Ala.,GPE,58,62
mdp.39015086661108,11,35,4,ton,GPE,63,66
mdp.39015086661108,11,35,5,D,GPE,68,69
mdp.39015086661108,11,38,0,UNITED States Public Health Service,ORG,0,35
mdp.39015086661108,11,38,1,Washington,GPE,37,47
mdp.39015086661108,11,38,2,D. C.,GPE,49,54
mdp.39015086661108,11,39,0,the National Negro Health Week Committee,ORG,51,91
mdp.39015086661108,11,39,1,U. S. Public Health Service,ORG,93,120
mdp.39015086661108,11,39,2,Washington,GPE,122,132
mdp.39015086661108,11,39,3,Health Week,DATE,193,204
mdp.39015086661108,11,39,4,year-round,DATE,209,219
mdp.39015086661108,12,1,0,NEGRO HEALTH WEEK,EVENT,54,71
mdp.39015086661108,12,1,1,the year 1932,DATE,126,139
mdp.39015086661108,12,1,2,National Negro Health Week,EVENT,241,267
mdp.39015086661108,12,1,3,the ensuing year,DATE,279,295
mdp.39015086661108,12,2,0,Health Week,EVENT,50,61
mdp.39015086661108,12,2,1,Health Week,EVENT,175,186
mdp.39015086661108,12,4,0,1,CARDINAL,21,22
mdp.39015086661108,12,6,0,2,CARDINAL,0,1
mdp.39015086661108,12,9,0,3,CARDINAL,0,1
mdp.39015086661108,12,11,0,4,CARDINAL,0,1
mdp.39015086661108,12,13,0,5,CARDINAL,0,1
mdp.39015086661108,12,14,0,one,CARDINAL,23,26
mdp.39015086661108,12,14,1,one,CARDINAL,114,117
mdp.39015086661108,12,15,0,6,CARDINAL,0,1
mdp.39015086661108,12,17,0,7,CARDINAL,0,1
mdp.39015086661108,12,18,0,the National Negro Health Week Committee,ORG,80,120
mdp.39015086661108,12,18,1,United States Public Health Service,ORG,122,157
mdp.39015086661108,12,18,2,Washington,GPE,159,169
mdp.39015086661108,12,18,3,D. C.,GPE,171,176
mdp.39015086661108,12,18,4,Health Week,EVENT,214,225
mdp.39015086661108,12,18,5,"April 2, 1933",DATE,238,251
mdp.39015086661108,12,19,0,5,CARDINAL,29,30
mdp.39015086661108,12,19,1,8,CARDINAL,32,33
mdp.39015086661108,12,20,0,the National Negro Health Week Committee,ORG,40,80
mdp.39015086661108,12,20,1,"June 15, 1933",DATE,96,109
mdp.39015086661108,12,21,0,9,CARDINAL,0,1
mdp.39015086661108,12,22,0,the National Negro Health Week Committee,ORG,57,97
mdp.39015086661108,12,24,0,10,CARDINAL,0,2
mdp.39015086661108,12,25,0,the National Negro Health Week Committee,ORG,52,92
mdp.39015086661108,12,27,0,the National Negro Health Week,EVENT,110,140
mdp.39015086661108,12,30,0,THE NATIONAL Negro Health Week ComMITTEE,WORK_OF_ART,31,71
mdp.39015086661108,12,30,1,United States Public Health Service,ORG,73,108
mdp.39015086661108,12,30,2,Washington,GPE,110,120
mdp.39015086661108,12,30,3,D.C.,GPE,122,126
