vol_id,page,sentence_id,ent_id,entity,entity_type,start_char,end_char
mdp.39015062317741,1,0,0,MAY 19 1924,DATE,21,32
mdp.39015062317741,1,1,0,National Negro Health Week,EVENT,0,26
mdp.39015062317741,1,1,1,"March 30 to April 5, 1924",DATE,27,52
mdp.39015062317741,1,1,2,Tenth,ORDINAL,57,62
mdp.39015062317741,1,1,3,The National Negro Business League,ORG,144,178
mdp.39015062317741,1,1,4,The United States,GPE,199,216
mdp.39015062317741,1,1,5,THE UNITED STATES,GPE,375,392
mdp.39015062317741,1,1,6,Washington Government,ORG,415,436
mdp.39015062317741,1,1,7,1924,DATE,451,455
mdp.39015062317741,1,1,8,the HEALTH RULES,WORK_OF_ART,499,515
mdp.39015062317741,1,1,9,12,CARDINAL,524,526
mdp.39015062317741,2,1,0,this day,DATE,30,38
mdp.39015062317741,2,1,1,"Saturday, April 5",DATE,40,57
mdp.39015062317741,2,1,2,Booker T. Washington,PERSON,122,142
mdp.39015062317741,2,1,3,National Health Week,EVENT,155,175
mdp.39015062317741,2,2,0,N. B.-It,ORG,0,8
mdp.39015062317741,2,4,0,R. R. Moton,PERSON,81,92
mdp.39015062317741,2,4,1,Tuskegee Institute,ORG,105,123
mdp.39015062317741,2,4,2,Alabama,GPE,125,132
mdp.39015062317741,2,5,0,HEALTH WEEK,DATE,4,15
mdp.39015062317741,2,6,0,"SUNDAY, MARCH 30",DATE,0,16
mdp.39015062317741,2,7,0,"MONDAY, MARCH 31",DATE,0,16
mdp.39015062317741,2,8,0,"TUESDAY, APRIL 1",DATE,0,16
mdp.39015062317741,2,9,0,"WEDNESDAY, APRIL 2",DATE,0,18
mdp.39015062317741,2,10,0,"THURSDAY, APRIL 3",DATE,0,17
mdp.39015062317741,2,11,0,"FRIDAY, APRIL 4",DATE,0,15
mdp.39015062317741,2,12,0,"SATURDAY, APRIL 5.3",DATE,0,19
mdp.39015062317741,2,12,1,SERMON AND LECTURE DAY.1,DATE,20,44
mdp.39015062317741,2,13,0,HYGIENE DAY,DATE,0,11
mdp.39015062317741,2,14,0,SWAT THE FLY,DATE,1,13
mdp.39015062317741,2,15,0,TUBERCULOSIS DAY,DATE,0,16
mdp.39015062317741,2,16,0,CHILDREN'S HEALTH DAY,DATE,0,21
mdp.39015062317741,2,17,0,CHURCH SANITATION DAY,DATE,0,21
mdp.39015062317741,2,18,0,GENERAL CLEAN-UP DAY,DATE,0,20
mdp.39015062317741,2,27,0,Health,ORG,89,95
mdp.39015062317741,2,29,0,Week,DATE,22,26
mdp.39015062317741,2,31,0,week,DATE,334,338
mdp.39015062317741,2,31,1,Health,ORG,356,362
mdp.39015062317741,2,31,2,agenin,ORG,378,384
mdp.39015062317741,2,33,0,Week,DATE,37,41
mdp.39015062317741,2,34,0,Health,ORG,10,16
mdp.39015062317741,2,35,0,1,CARDINAL,112,113
mdp.39015062317741,2,37,0,2,CARDINAL,73,74
mdp.39015062317741,2,39,0,3,CARDINAL,0,1
mdp.39015062317741,2,39,1,day,DATE,3,6
mdp.39015062317741,2,41,0,4,CARDINAL,0,1
mdp.39015062317741,3,0,0,National Negro Health Week,EVENT,0,26
mdp.39015062317741,3,0,1,"March 30 to April 5, 1924",DATE,27,52
mdp.39015062317741,3,0,2,Tenth,ORDINAL,57,62
mdp.39015062317741,3,0,3,Tuskegee Negro Conference,EVENT,114,139
mdp.39015062317741,3,0,4,The National Negro Business League,ORG,144,178
mdp.39015062317741,3,0,5,The United States,GPE,199,216
mdp.39015062317741,3,0,6,THE UNITED STATES,ORG,375,392
mdp.39015062317741,3,0,7,Washington Government Printing Office,ORG,415,452
mdp.39015062317741,3,0,8,1924,DATE,453,457
mdp.39015062317741,3,0,9,the HEALTH RULES,WORK_OF_ART,501,517
mdp.39015062317741,3,0,10,12,CARDINAL,526,528
mdp.39015062317741,4,0,0,WASHINGTON,GPE,118,128
mdp.39015062317741,4,0,1,D. C.,GPE,130,135
mdp.39015062317741,4,0,2,5 CENTS,MONEY,139,146
mdp.39015062317741,5,1,0,"March 30 to April 5, 1924",DATE,5,30
mdp.39015062317741,5,1,1,annual,DATE,36,42
mdp.39015062317741,5,1,2,Tuskegee Negro Conference,EVENT,43,68
mdp.39015062317741,5,1,3,the National Negro Business League,ORG,73,107
mdp.39015062317741,5,1,4,the United States Public Health Service,ORG,121,160
mdp.39015062317741,5,1,5,the Tenth National Negro Health Week,EVENT,217,253
mdp.39015062317741,5,2,0,nine such health weeks,DATE,16,38
mdp.39015062317741,5,2,1,1921,DATE,61,65
mdp.39015062317741,5,2,2,the United States Public Health Service,ORG,107,146
mdp.39015062317741,5,3,0,each year,DATE,44,53
mdp.39015062317741,5,4,0,each year,DATE,126,135
mdp.39015062317741,5,4,1,health week,DATE,161,172
mdp.39015062317741,5,5,0,a few years ago,DATE,32,47
mdp.39015062317741,5,5,1,Negro,NORP,102,107
mdp.39015062317741,5,5,2,South,LOC,129,134
mdp.39015062317741,5,6,0,79585°—24 [111],QUANTITY,0,15
mdp.39015062317741,7,0,0,NEGRO HEALTH WEEK,DATE,18,35
mdp.39015062317741,7,1,0,the United States,GPE,47,64
mdp.39015062317741,7,1,1,the past 25 to 50 years,DATE,72,95
mdp.39015062317741,7,1,2,the beginning of 1924,DATE,137,158
mdp.39015062317741,7,2,0,"2,000,000",CARDINAL,13,22
mdp.39015062317741,7,3,0,47 per cent,PERCENT,76,87
mdp.39015062317741,7,3,1,21 per cent,PERCENT,135,146
mdp.39015062317741,7,4,0,Nation,ORG,27,33
mdp.39015062317741,7,5,0,hundred,CARDINAL,102,109
mdp.39015062317741,7,5,1,10,CARDINAL,123,125
mdp.39015062317741,7,5,2,one year,DATE,156,164
mdp.39015062317741,7,6,0,the United States,GPE,14,31
mdp.39015062317741,7,6,1,"345,000,000",MONEY,44,55
mdp.39015062317741,7,6,2,"over $3,500,000,000",MONEY,148,167
mdp.39015062317741,7,8,0,"2,000,000",CARDINAL,37,46
mdp.39015062317741,7,8,1,one,CARDINAL,87,90
mdp.39015062317741,7,9,0,Americans,NORP,24,33
mdp.39015062317741,7,9,1,the two years,DATE,129,142
mdp.39015062317741,7,9,2,the months immediately following,DATE,193,225
mdp.39015062317741,7,10,0,South,LOC,93,98
mdp.39015062317741,7,12,0,Negro,NORP,85,90
mdp.39015062317741,7,13,0,1920,DATE,4,8
mdp.39015062317741,7,13,1,Florida,GPE,53,60
mdp.39015062317741,7,13,2,10.1,CARDINAL,80,84
mdp.39015062317741,7,13,3,16,CARDINAL,106,108
mdp.39015062317741,7,13,4,Maryland,GPE,113,121
mdp.39015062317741,7,13,5,11.74,CARDINAL,123,128
mdp.39015062317741,7,13,6,20.8,CARDINAL,143,147
mdp.39015062317741,7,14,0,States,GPE,42,48
mdp.39015062317741,7,15,0,South Carolina,GPE,17,31
mdp.39015062317741,7,15,1,1921,DATE,39,43
mdp.39015062317741,7,15,2,"1,000",CARDINAL,58,63
mdp.39015062317741,7,15,3,96,CARDINAL,105,107
mdp.39015062317741,7,15,4,1 year of age,DATE,129,142
mdp.39015062317741,7,16,0,only 69,CARDINAL,44,51
mdp.39015062317741,7,16,1,"1,000",CARDINAL,56,61
mdp.39015062317741,7,17,0,States,GPE,70,76
mdp.39015062317741,7,17,1,1920,DATE,111,115
mdp.39015062317741,7,17,2,1910,DATE,136,140
mdp.39015062317741,7,17,3,Negroes,NORP,164,171
mdp.39015062317741,8,0,0,COLOR,DATE,105,110
mdp.39015062317741,8,0,1,1910,DATE,112,116
mdp.39015062317741,8,0,2,1915,DATE,118,122
mdp.39015062317741,8,0,3,1920,DATE,128,132
mdp.39015062317741,8,1,0,"1,000",CARDINAL,10,15
mdp.39015062317741,8,2,0,1920,DATE,20,24
mdp.39015062317741,8,2,1,1910,DATE,30,34
mdp.39015062317741,8,4,0,1910 1915,DATE,0,9
mdp.39015062317741,8,6,0,0.9,CARDINAL,0,3
mdp.39015062317741,8,12,0,Kentucky,GPE,0,8
mdp.39015062317741,8,14,0,Maryland,GPE,0,8
mdp.39015062317741,8,14,1,White,ORG,10,15
mdp.39015062317741,8,16,0,North Carolina,GPE,0,14
mdp.39015062317741,8,18,0,Virginia,GPE,0,8
mdp.39015062317741,8,20,0,Five,CARDINAL,0,4
mdp.39015062317741,8,22,0,29,CARDINAL,0,2
mdp.39015062317741,8,32,0,only four years,DATE,28,43
mdp.39015062317741,8,32,1,Framingham,GPE,67,77
mdp.39015062317741,8,32,2,Mass.,GPE,79,84
mdp.39015062317741,8,32,3,half,CARDINAL,135,139
mdp.39015062317741,8,33,0,two,CARDINAL,3,6
mdp.39015062317741,8,33,1,Texas,GPE,7,12
mdp.39015062317741,8,33,2,"1,802",CARDINAL,139,144
mdp.39015062317741,8,33,3,"September, 1919",DATE,148,163
mdp.39015062317741,8,33,4,180,CARDINAL,168,171
mdp.39015062317741,8,33,5,"February, 1920",DATE,175,189
mdp.39015062317741,8,34,0,annual,DATE,103,109
mdp.39015062317741,8,34,1,only $1.01,MONEY,129,139
mdp.39015062317741,8,34,2,only 25 cents,MONEY,249,262
mdp.39015062317741,8,35,0,South,LOC,85,90
mdp.39015062317741,8,35,1,South,LOC,445,450
mdp.39015062317741,8,36,0,Theodore Roosevelt,PERSON,61,79
mdp.39015062317741,8,37,0,The United States Public Health Service,ORG,0,39
mdp.39015062317741,8,38,0,Service,ORG,4,11
mdp.39015062317741,9,2,0,the United States,GPE,72,89
mdp.39015062317741,9,3,0,South,LOC,61,66
mdp.39015062317741,9,4,0,about one-half inch,QUANTITY,33,52
mdp.39015062317741,9,8,0,thousands,CARDINAL,24,33
mdp.39015062317741,9,9,0,1,CARDINAL,84,85
mdp.39015062317741,9,9,1,2,CARDINAL,106,107
mdp.39015062317741,9,9,2,3,CARDINAL,156,157
mdp.39015062317741,9,14,0,South,LOC,38,43
mdp.39015062317741,9,19,0,1,CARDINAL,82,83
mdp.39015062317741,9,19,1,2,CARDINAL,210,211
mdp.39015062317741,9,19,2,3,CARDINAL,299,300
mdp.39015062317741,9,21,0,South,LOC,29,34
mdp.39015062317741,10,8,0,about 10 per cent,PERCENT,78,95
mdp.39015062317741,10,17,0,Years ago,DATE,0,9
mdp.39015062317741,10,19,0,recent years,DATE,3,15
mdp.39015062317741,10,20,0,5 years old,DATE,102,113
mdp.39015062317741,11,4,0,State,ORG,88,93
mdp.39015062317741,11,7,0,recent years,DATE,7,19
mdp.39015062317741,11,7,1,the World War,EVENT,161,174
mdp.39015062317741,11,9,0,600,CARDINAL,3,6
mdp.39015062317741,11,9,1,Sing Sing Prison,FAC,27,43
mdp.39015062317741,11,9,2,59 per cent,PERCENT,69,80
mdp.39015062317741,11,17,0,Army,ORG,47,51
mdp.39015062317741,11,21,0,about 25 per cent,PERCENT,20,37
mdp.39015062317741,12,4,0,early years,DATE,107,118
mdp.39015062317741,12,12,0,their first three years,DATE,39,62
mdp.39015062317741,12,13,0,Only about 50 per cent,PERCENT,0,22
mdp.39015062317741,12,14,0,Schick,PERSON,28,34
mdp.39015062317741,14,5,0,at least every month,DATE,40,60
mdp.39015062317741,14,6,0,at least one,CARDINAL,90,102
mdp.39015062317741,14,6,1,every day,DATE,119,128
mdp.39015062317741,14,9,0,3 months old,DATE,65,77
mdp.39015062317741,14,12,0,summer,DATE,97,103
mdp.39015062317741,14,13,0,100,CARDINAL,9,12
mdp.39015062317741,14,13,1,25,CARDINAL,32,34
mdp.39015062317741,14,13,2,the first year,DATE,42,56
mdp.39015062317741,14,13,3,100,CARDINAL,75,78
mdp.39015062317741,14,13,4,only 6,CARDINAL,98,104
mdp.39015062317741,14,13,5,the first year,DATE,112,126
mdp.39015062317741,14,15,0,the first year,DATE,45,59
mdp.39015062317741,14,15,1,the first months,DATE,74,90
mdp.39015062317741,15,0,0,Schick,PERSON,39,45
mdp.39015062317741,15,5,0,1,CARDINAL,0,1
mdp.39015062317741,15,5,1,three,CARDINAL,10,15
mdp.39015062317741,15,5,2,each day,DATE,48,56
mdp.39015062317741,15,7,0,2,CARDINAL,0,1
mdp.39015062317741,15,7,1,two,CARDINAL,36,39
mdp.39015062317741,15,7,2,three,CARDINAL,43,48
mdp.39015062317741,15,7,3,one,CARDINAL,71,74
mdp.39015062317741,15,9,0,3,CARDINAL,0,1
mdp.39015062317741,15,9,1,at least 1 pint,QUANTITY,12,27
mdp.39015062317741,15,9,2,each day,DATE,36,44
mdp.39015062317741,15,10,0,4,CARDINAL,0,1
mdp.39015062317741,15,10,1,at least three,CARDINAL,12,26
mdp.39015062317741,15,10,2,four,CARDINAL,42,46
mdp.39015062317741,15,10,3,every day,DATE,64,73
mdp.39015062317741,15,11,0,4,CARDINAL,110,111
mdp.39015062317741,15,11,1,at least 12 hours,TIME,131,148
mdp.39015062317741,15,12,0,6,CARDINAL,9,10
mdp.39015062317741,15,12,1,111 hours,TIME,30,39
mdp.39015062317741,15,13,0,8,CARDINAL,9,10
mdp.39015062317741,15,13,1,11 hours,TIME,30,38
mdp.39015062317741,15,14,0,10,CARDINAL,9,11
mdp.39015062317741,15,14,1,101 hours,TIME,32,41
mdp.39015062317741,15,15,0,12,CARDINAL,9,11
mdp.39015062317741,15,15,1,10 hours,TIME,32,40
mdp.39015062317741,15,16,0,6,CARDINAL,0,1
mdp.39015062317741,15,17,0,at least two hours,TIME,25,43
mdp.39015062317741,15,17,1,daily,DATE,69,74
mdp.39015062317741,15,21,0,every day,DATE,25,34
mdp.39015062317741,15,22,0,8,CARDINAL,0,1
mdp.39015062317741,15,24,0,9,CARDINAL,0,1
mdp.39015062317741,15,34,0,one,CARDINAL,25,28
mdp.39015062317741,15,35,0,9,CARDINAL,1,2
mdp.39015062317741,16,4,0,about 68°,QUANTITY,26,35
mdp.39015062317741,16,5,0,winter,DATE,3,9
mdp.39015062317741,16,27,0,2,CARDINAL,0,1
mdp.39015062317741,16,28,0,3,CARDINAL,0,1
mdp.39015062317741,16,29,0,4,CARDINAL,0,1
mdp.39015062317741,17,0,0,State,ORG,102,107
mdp.39015062317741,17,3,0,one,CARDINAL,25,28
mdp.39015062317741,17,11,0,three,CARDINAL,16,21
mdp.39015062317741,17,17,0,every year,DATE,38,48
mdp.39015062317741,18,4,0,1,CARDINAL,0,1
mdp.39015062317741,18,5,0,2,CARDINAL,0,1
mdp.39015062317741,18,6,0,3,CARDINAL,0,1
mdp.39015062317741,18,8,0,4,CARDINAL,0,1
mdp.39015062317741,18,9,0,5,CARDINAL,0,1
mdp.39015062317741,18,10,0,6,CARDINAL,0,1
mdp.39015062317741,18,11,0,7,CARDINAL,0,1
mdp.39015062317741,18,13,0,8,CARDINAL,0,1
mdp.39015062317741,18,15,0,9,CARDINAL,0,1
mdp.39015062317741,18,17,0,10,CARDINAL,0,2
mdp.39015062317741,18,17,1,6 to 8,CARDINAL,10,16
mdp.39015062317741,18,17,2,daily,DATE,34,39
mdp.39015062317741,18,20,0,12,CARDINAL,0,2
mdp.39015062317741,18,22,0,13,CARDINAL,0,2
mdp.39015062317741,18,24,0,14,CARDINAL,0,2
mdp.39015062317741,18,26,0,15,CARDINAL,0,2
mdp.39015062317741,18,28,0,16,CARDINAL,0,2
mdp.39015062317741,18,32,0,17,CARDINAL,0,2
mdp.39015062317741,18,35,0,18,CARDINAL,0,2
mdp.39015062317741,18,38,0,the United States Public Health Service,ORG,32,71
mdp.39015062317741,18,38,1,"Washington, D. C.",GPE,73,90
mdp.39015062317741,18,38,2,your State Department of Health,ORG,95,126
mdp.39015062317741,18,38,3,the State Capital,GPE,130,147
mdp.39015062317741,19,0,0,MICHIGAN,GPE,14,22
mdp.39015062317741,19,0,1,UNITED STATES,GPE,26,39
mdp.39015062317741,19,0,2,3,CARDINAL,52,53
mdp.39015062317741,19,0,3,7741,CARDINAL,65,69
mdp.39015062317741,19,2,0,U. S. Publio Health Service,ORG,126,153
mdp.39015062317741,19,2,1,16 Seventh Street SW,FAC,155,175
mdp.39015062317741,19,2,2,Washington,GPE,178,188
mdp.39015062317741,19,2,3,D. C.,GPE,190,195
mdp.39015062317741,19,4,0,1,CARDINAL,23,24
mdp.39015062317741,19,5,0,6,CARDINAL,42,43
mdp.39015062317741,19,7,0,260,CARDINAL,10,13
mdp.39015062317741,19,8,0,11,CARDINAL,78,80
mdp.39015062317741,19,9,0,358,CARDINAL,15,18
mdp.39015062317741,19,10,0,21,CARDINAL,20,22
mdp.39015062317741,19,11,0,31,CARDINAL,47,49
mdp.39015062317741,19,11,1,387,CARDINAL,52,55
mdp.39015062317741,19,12,0,42,CARDINAL,24,26
mdp.39015062317741,19,13,0,461,CARDINAL,15,18
mdp.39015062317741,19,14,0,The New Science of Industrial H. B. 68,WORK_OF_ART,30,68
mdp.39015062317741,19,15,0,513,CARDINAL,17,20
mdp.39015062317741,19,16,0,69,CARDINAL,24,26
mdp.39015062317741,19,17,0,532,CARDINAL,80,83
mdp.39015062317741,19,18,0,70,CARDINAL,6,8
mdp.39015062317741,19,19,0,655,CARDINAL,48,51
mdp.39015062317741,19,20,0,100,CARDINAL,21,24
mdp.39015062317741,19,21,0,707,CARDINAL,17,20
mdp.39015062317741,19,22,0,727,CARDINAL,55,58
mdp.39015062317741,19,23,0,150,CARDINAL,6,9
mdp.39015062317741,19,24,0,10,CARDINAL,30,32
mdp.39015062317741,19,25,0,164,CARDINAL,21,24
mdp.39015062317741,19,26,0,16,CARDINAL,29,31
mdp.39015062317741,19,27,0,183,CARDINAL,70,73
mdp.39015062317741,19,28,0,829,CARDINAL,12,15
mdp.39015062317741,19,29,0,213,CARDINAL,15,18
mdp.39015062317741,19,30,0,224,CARDINAL,53,56
mdp.39015062317741,19,31,0,840,CARDINAL,15,18
mdp.39015062317741,19,32,0,27,CARDINAL,55,57
mdp.39015062317741,19,33,0,225,CARDINAL,6,9
mdp.39015062317741,19,35,0,256,CARDINAL,78,81
mdp.39015062317741,19,36,0,28,CARDINAL,19,21
mdp.39015062317741,19,38,0,6,CARDINAL,13,14
mdp.39015062317741,19,39,0,31,CARDINAL,75,77
mdp.39015062317741,19,43,0,32,CARDINAL,56,58
mdp.39015062317741,19,45,0,Manual of Treatment of Venereal Diseases,WORK_OF_ART,0,40
mdp.39015062317741,19,46,0,The Public Health Nurse and Venereal Disease Control,WORK_OF_ART,0,52
mdp.39015062317741,19,46,1,43,CARDINAL,57,59
mdp.39015062317741,19,46,2,651,CARDINAL,118,121
mdp.39015062317741,19,47,0,688,CARDINAL,98,101
mdp.39015062317741,19,48,0,774,CARDINAL,73,76
mdp.39015062317741,19,51,0,7,CARDINAL,4,5
mdp.39015062317741,19,52,0,554,CARDINAL,32,35
mdp.39015062317741,19,53,0,1,CARDINAL,14,15
mdp.39015062317741,19,53,1,4,CARDINAL,22,23
mdp.39015062317741,20,0,0,References for Health Information and Materials,ORG,1,48
mdp.39015062317741,20,0,1,1,CARDINAL,49,50
mdp.39015062317741,20,1,0,1,CARDINAL,109,110
mdp.39015062317741,20,2,0,2,CARDINAL,0,1
mdp.39015062317741,20,3,0,3,CARDINAL,0,1
mdp.39015062317741,20,4,0,4,CARDINAL,0,1
mdp.39015062317741,20,5,0,5,CARDINAL,0,1
mdp.39015062317741,20,5,1,The United States Public Health Service,ORG,3,42
mdp.39015062317741,20,8,0,1798,CARDINAL,16,20
