vol_id,page,sentence_id,ent_id,entity,entity_type,start_char,end_char
mdp.39015086661546,1,0,0,"Sunday, April 5, to Sunday, April 12, 1931",DATE,82,124
mdp.39015086661546,1,1,0,National Negro Health Week,EVENT,26,52
mdp.39015086661546,1,1,1,Booker T. Washington,PERSON,56,76
mdp.39015086661546,1,1,2,Tuskegee Institute,ORG,78,96
mdp.39015086661546,1,1,3,Alabama,GPE,98,105
mdp.39015086661546,1,1,4,"March 21, 1915",DATE,107,121
mdp.39015086661546,1,2,0,THE YEAR 1931,DATE,14,27
mdp.39015086661546,1,2,1,the National Negro Health Week,EVENT,50,80
mdp.39015086661546,1,2,2,Year-Round,DATE,86,96
mdp.39015086661546,1,2,3,THE UNITED STATES PUBLIC HEALTH SERVICE,ORG,113,152
mdp.39015086661546,1,2,4,Washington,GPE,154,164
mdp.39015086661546,3,0,0,1931 1931,DATE,0,9
mdp.39015086661546,3,0,1,NATIONAL Negro Health Week,EVENT,10,36
mdp.39015086661546,3,0,2,"Sunday, April 5, to Sunday, April 12 17th",DATE,37,78
mdp.39015086661546,3,1,0,Tuskegee Negro Conference,EVENT,51,76
mdp.39015086661546,3,1,1,The National Negro Business League,ORG,77,111
mdp.39015086661546,3,1,2,The National Medical Association,ORG,112,144
mdp.39015086661546,3,1,3,The National Negro Insurance Association,ORG,145,185
mdp.39015086661546,3,1,4,The United States,GPE,206,223
mdp.39015086661546,3,1,5,THE UNITED STATES,ORG,374,391
mdp.39015086661546,3,1,6,United States,GPE,414,427
mdp.39015086661546,3,1,7,Washington,GPE,455,465
mdp.39015086661546,3,1,8,1931,DATE,468,472
mdp.39015086661546,3,1,9,Washington,GPE,527,537
mdp.39015086661546,3,2,0,5 cents,MONEY,6,13
mdp.39015086661546,4,0,0,370 NATIONAL COMMITTEE FOR THE PREVENTION OF Seventh Avenue,ORG,68,127
mdp.39015086661546,4,0,1,New York City,GPE,129,142
mdp.39015086661546,4,1,0,370,CARDINAL,11,14
mdp.39015086661546,4,1,1,New York,GPE,31,39
mdp.39015086661546,4,2,0,New York City,GPE,8,21
mdp.39015086661546,4,3,0,347 MadiAMERICAN PUBLIC HEALTH ASSOCIATION,ORG,31,73
mdp.39015086661546,4,3,1,370 son Avenue,FAC,75,89
mdp.39015086661546,4,3,2,New York City,GPE,91,104
mdp.39015086661546,4,4,0,Seventh Avenue,FAC,0,14
mdp.39015086661546,4,4,1,New York City,GPE,16,29
mdp.39015086661546,4,5,0,NATIONAL DAIRY COUNCIL,ORG,0,22
mdp.39015086661546,4,5,1,910,CARDINAL,24,27
mdp.39015086661546,4,5,2,Seventeenth and D gan Avenue,FAC,59,87
mdp.39015086661546,4,5,3,Chicago,GPE,89,96
mdp.39015086661546,4,5,4,Washington,GPE,116,126
mdp.39015086661546,4,5,5,D. C.,GPE,128,133
mdp.39015086661546,4,5,6,370,CARDINAL,206,209
mdp.39015086661546,4,5,7,370 Seventh Avenue,FAC,218,236
mdp.39015086661546,4,5,8,Seventh Avenue,FAC,247,261
mdp.39015086661546,4,5,9,New York City,GPE,263,276
mdp.39015086661546,4,7,0,AMERICAN SOCIETY FOR THE CONTROL OF CANNATIONAL HEALTH COUNCIL,ORG,0,62
mdp.39015086661546,4,7,1,370 Seventh CER,ORG,64,79
mdp.39015086661546,4,7,2,New York Avenue,FAC,109,124
mdp.39015086661546,4,7,3,New York City,GPE,126,139
mdp.39015086661546,4,8,0,City,GPE,0,4
mdp.39015086661546,4,9,0,NATIONAL MEDICAL ASSOCIATION,ORG,0,28
mdp.39015086661546,4,9,1,Indiana Ave,FAC,68,79
mdp.39015086661546,4,10,0,Kinney Street,FAC,0,13
mdp.39015086661546,4,10,1,Newark,GPE,15,21
mdp.39015086661546,4,10,2,N. J. nue,GPE,23,32
mdp.39015086661546,4,10,3,Chicago,GPE,34,41
mdp.39015086661546,4,11,0,Tuskegee Street,FAC,75,90
mdp.39015086661546,4,11,1,New York City,GPE,92,105
mdp.39015086661546,4,12,0,Ala.,GPE,11,15
mdp.39015086661546,4,12,1,COMMISSION ON INTERRACIAL COOPERATION,ORG,16,53
mdp.39015086661546,4,12,2,Palmer Building,FAC,93,108
mdp.39015086661546,4,12,3,Atlanta,GPE,110,117
mdp.39015086661546,4,12,4,Ga.,GPE,119,122
mdp.39015086661546,4,13,0,Chicago,GPE,20,27
mdp.39015086661546,4,13,1,Ill.,GPE,29,33
mdp.39015086661546,4,14,0,UNITED STATES DEPART,ORG,19,39
mdp.39015086661546,4,15,0,NATIONAL ORGANIZATION FOR PUBLIC HEALTH MENT OF AGRICULTURE,ORG,0,59
mdp.39015086661546,4,15,1,Washington,GPE,61,71
mdp.39015086661546,4,15,2,New York,GPE,107,115
mdp.39015086661546,4,15,3,Washington,GPE,135,145
mdp.39015086661546,4,15,4,D. C. City,GPE,147,157
mdp.39015086661546,4,16,0,Washing,GPE,115,122
mdp.39015086661546,4,17,0,Seventh Avenue,FAC,0,14
mdp.39015086661546,4,17,1,New York City,GPE,16,29
mdp.39015086661546,4,18,0,D. C.,GPE,11,16
mdp.39015086661546,4,19,0,300,CARDINAL,34,37
mdp.39015086661546,4,19,1,the Na. Street SW.,ORG,74,92
mdp.39015086661546,4,19,2,Washington,GPE,94,104
mdp.39015086661546,4,19,3,D. C.,GPE,106,111
mdp.39015086661546,4,20,0,METROPOLITAN LIFE INSURANCE Co.,ORG,0,31
mdp.39015086661546,4,20,1,Welfare NATIONAL URBAN LEAGUE,ORG,33,62
mdp.39015086661546,4,20,2,Madison Avenue,FAC,93,107
mdp.39015086661546,4,20,3,New York,GPE,109,117
mdp.39015086661546,4,20,4,New York City,GPE,118,131
mdp.39015086661546,4,21,0,City,GPE,0,4
mdp.39015086661546,4,22,0,NEGRO ORGANIZATION SOCIETY,ORG,0,26
mdp.39015086661546,4,22,1,Richmond,GPE,91,99
mdp.39015086661546,4,22,2,Va.,GPE,101,104
mdp.39015086661546,4,23,0,370,CARDINAL,13,16
mdp.39015086661546,4,23,1,York City,GPE,74,83
mdp.39015086661546,4,24,0,Durham,GPE,5,11
mdp.39015086661546,4,24,1,N. C.,GPE,13,18
mdp.39015086661546,4,25,0,1114 O Street NW,FAC,80,96
mdp.39015086661546,4,25,1,Washington,GPE,99,109
mdp.39015086661546,4,25,2,D.C.,GPE,111,115
mdp.39015086661546,4,25,3,600 Lexington AMERICA,ORG,144,165
mdp.39015086661546,4,25,4,New York Avenue,FAC,186,201
mdp.39015086661546,4,25,5,New York City,GPE,203,216
mdp.39015086661546,4,27,0,New York City,GPE,118,131
mdp.39015086661546,4,28,0,York City,GPE,0,9
mdp.39015086661546,4,29,0,RUSSELL Sage FOUNDATION,ORG,0,23
mdp.39015086661546,4,29,1,130 East Twenty NATIONAL COMMITTEE FOR MENTAL HYGIENE,ORG,25,78
mdp.39015086661546,4,29,2,New York City,GPE,95,108
mdp.39015086661546,4,30,0,370,CARDINAL,0,3
mdp.39015086661546,4,30,1,New York City,GPE,20,33
mdp.39015086661546,4,31,0,TUSKEGEE INSTITUTE,ORG,0,18
mdp.39015086661546,4,31,1,Tuskegee Institute,ORG,20,38
mdp.39015086661546,4,31,2,Ala.,GPE,40,44
mdp.39015086661546,4,33,0,STATE HEALTH DEPARTMENT,ORG,0,23
mdp.39015086661546,4,34,0,UNITED STATES PUBLIC HEALTH SERVICE,ORG,0,35
mdp.39015086661546,4,34,1,Washington,GPE,37,47
mdp.39015086661546,4,34,2,D. C.,GPE,49,54
mdp.39015086661546,4,35,0,the National Negro Health Week Committee,ORG,51,91
mdp.39015086661546,4,35,1,Howard University,ORG,93,110
mdp.39015086661546,4,35,2,Washington,GPE,112,122
mdp.39015086661546,4,35,3,D. C.,GPE,124,129
mdp.39015086661546,4,35,4,Health Week,DATE,183,194
mdp.39015086661546,4,35,5,year-round,DATE,199,209
mdp.39015086661546,5,0,0,NATIONAL NEGRO HBALTH Week,EVENT,21,47
mdp.39015086661546,5,0,1,Howard University,ORG,59,76
mdp.39015086661546,5,0,2,Washington,GPE,78,88
mdp.39015086661546,5,0,3,D. C.,GPE,90,95
mdp.39015086661546,5,0,4,the NATIONAL NEGRO HEALTH WEEK,EVENT,169,199
mdp.39015086661546,5,0,5,"APRIL 5 TO APRIL 12, 1931",DATE,212,237
mdp.39015086661546,5,1,0,90 to 100 per cent,PERCENT,20,38
mdp.39015086661546,5,1,1,100,CARDINAL,51,54
mdp.39015086661546,5,2,0,80 to 90 per cent,PERCENT,19,36
mdp.39015086661546,5,2,1,100,CARDINAL,49,52
mdp.39015086661546,5,3,0,70 to 80 per cent,PERCENT,18,35
mdp.39015086661546,5,3,1,100,CARDINAL,48,51
mdp.39015086661546,5,5,0,60 to 70 per cent,PERCENT,0,17
mdp.39015086661546,5,5,1,100,CARDINAL,30,33
mdp.39015086661546,5,6,0,Three,CARDINAL,0,5
mdp.39015086661546,5,6,1,the Committee on Awards,ORG,95,118
mdp.39015086661546,5,14,0,one,CARDINAL,59,62
mdp.39015086661546,5,15,0,the National Negro Health Week Committee,ORG,37,77
mdp.39015086661546,5,15,1,Howard University,ORG,79,96
mdp.39015086661546,5,15,2,Washington,GPE,98,108
mdp.39015086661546,5,15,3,D.C.,GPE,110,114
mdp.39015086661546,5,15,4,"May 15, 1931",DATE,131,143
mdp.39015086661546,5,16,0,Health Week,EVENT,16,27
mdp.39015086661546,5,17,0,the National Negro Business League,ORG,67,101
mdp.39015086661546,5,17,1,"August, 1931",DATE,105,117
mdp.39015086661546,5,21,0,5,CARDINAL,1,2
mdp.39015086661546,6,0,0,NEGRO HEALTH WEEK,EVENT,85,102
mdp.39015086661546,6,0,1,"APRIL 5 to 12, 1931",DATE,114,133
mdp.39015086661546,6,0,2,Application for Entry,WORK_OF_ART,178,199
mdp.39015086661546,6,0,3,5,CARDINAL,206,207
mdp.39015086661546,6,1,0,SEVENTEENTH ANNUAL,DATE,44,62
mdp.39015086661546,6,1,1,NEGRO HEALTH WEEK,EVENT,90,107
mdp.39015086661546,6,2,0,Health Week,EVENT,82,93
mdp.39015086661546,6,2,1,a Certificate of Merit,WORK_OF_ART,131,153
mdp.39015086661546,6,3,0,Washington,GPE,22,32
mdp.39015086661546,6,3,1,D. C.,GPE,34,39
mdp.39015086661546,6,3,2,this. .day of 19,DATE,41,57
mdp.39015086661546,6,4,0,National Negro Health Week Committee,ORG,10,46
mdp.39015086661546,6,4,1,Committee on Health Week Awards,ORG,63,94
mdp.39015086661546,6,6,0,3,CARDINAL,34,35
mdp.39015086661546,6,6,1,4,CARDINAL,40,41
mdp.39015086661546,6,6,2,First,ORDINAL,84,89
mdp.39015086661546,6,6,3,9,CARDINAL,109,110
mdp.39015086661546,6,7,0,7,CARDINAL,25,26
mdp.39015086661546,6,8,0,THE NATIONAL NEGRO HEALTH WEEK COMMITTEE HOWARD UNIVERSITY,ORG,33,91
mdp.39015086661546,6,8,1,WASHINGTON,GPE,93,103
mdp.39015086661546,6,8,2,D.C.,GPE,105,109
mdp.39015086661546,7,0,0,NATIONAL NEGRO HEALTH WEEK,EVENT,26,52
mdp.39015086661546,7,0,1,"APRIL 5 TO 12, 1931",DATE,54,73
mdp.39015086661546,7,2,0,the National Negro Health Week Committee,ORG,69,109
mdp.39015086661546,7,3,0,the Application for Entry,WORK_OF_ART,64,89
mdp.39015086661546,7,3,1,5,CARDINAL,96,97
mdp.39015086661546,7,6,0,HEALTH WEEK,DATE,47,58
mdp.39015086661546,7,10,0,25 feet,QUANTITY,45,52
mdp.39015086661546,7,55,0,Health Week,EVENT,20,31
mdp.39015086661546,7,55,1,THE NATIONAL NEGRO HEALTH WEEK,ORG,74,104
mdp.39015086661546,7,55,2,HOWARD UNIVERSITY,ORG,116,133
mdp.39015086661546,7,55,3,WASHINGTON,GPE,135,145
mdp.39015086661546,7,55,4,D. C.,GPE,147,152
mdp.39015086661546,8,0,0,THE UNITED STATES,GPE,24,41
mdp.39015086661546,8,0,1,"123,000,000 ONE-TENTH",CARDINAL,49,70
mdp.39015086661546,8,0,2,the UNITED STATES,GPE,98,115
mdp.39015086661546,8,1,0,America,GPE,104,111
mdp.39015086661546,9,0,0,National Negro Health Week,EVENT,14,40
mdp.39015086661546,9,0,1,"SUNDAY, APRIL 5, TO SUNDAY, APRIL 12, 1931 FIRST",DATE,67,115
mdp.39015086661546,9,12,0,the special days,DATE,40,56
mdp.39015086661546,9,12,1,the Health Week,EVENT,60,75
mdp.39015086661546,9,12,2,3,CARDINAL,94,95
mdp.39015086661546,9,13,0,weekly,DATE,85,91
mdp.39015086661546,9,13,1,daily,DATE,122,127
mdp.39015086661546,9,13,2,the Health Week,EVENT,135,150
mdp.39015086661546,9,22,0,Health Week,EVENT,75,86
mdp.39015086661546,9,26,0,Health Week,EVENT,100,111
mdp.39015086661546,9,26,1,the day,DATE,208,215
mdp.39015086661546,9,27,0,the Health Week,EVENT,105,120
mdp.39015086661546,9,34,0,Health Week Committee,EVENT,37,58
mdp.39015086661546,9,35,0,the Year Round National Negro Health Movement,ORG,37,82
mdp.39015086661546,10,1,0,1,CARDINAL,0,1
mdp.39015086661546,10,2,0,2,CARDINAL,0,1
mdp.39015086661546,10,3,0,3,CARDINAL,0,1
mdp.39015086661546,10,4,0,4,CARDINAL,0,1
mdp.39015086661546,10,5,0,5,CARDINAL,0,1
mdp.39015086661546,10,6,0,6,CARDINAL,0,1
mdp.39015086661546,10,6,1,7,CARDINAL,116,117
mdp.39015086661546,10,8,0,PRESS PUBLICITY Health Week,ORG,0,27
mdp.39015086661546,10,9,0,the many years,DATE,14,28
mdp.39015086661546,10,9,1,Health Week,EVENT,36,47
mdp.39015086661546,10,10,0,Health Week,EVENT,61,72
mdp.39015086661546,10,11,0,Health Week,EVENT,97,108
mdp.39015086661546,10,12,0,1,CARDINAL,19,20
mdp.39015086661546,10,13,0,2,CARDINAL,0,1
mdp.39015086661546,10,14,0,3,CARDINAL,0,1
mdp.39015086661546,10,15,0,4,CARDINAL,0,1
mdp.39015086661546,10,16,0,5,CARDINAL,0,1
mdp.39015086661546,10,16,1,6,CARDINAL,15,16
mdp.39015086661546,10,17,0,7,CARDINAL,11,12
mdp.39015086661546,10,19,0,8,CARDINAL,0,1
mdp.39015086661546,10,20,0,9,CARDINAL,0,1
mdp.39015086661546,10,22,0,10,CARDINAL,0,2
mdp.39015086661546,10,24,0,11,CARDINAL,0,2
mdp.39015086661546,10,25,0,Boy Scouts,ORG,0,10
mdp.39015086661546,10,26,0,12,CARDINAL,0,2
mdp.39015086661546,10,28,0,13,CARDINAL,0,2
mdp.39015086661546,10,28,1,4-H,ORG,4,7
mdp.39015086661546,10,29,0,14,CARDINAL,0,2
mdp.39015086661546,10,31,0,15,CARDINAL,0,2
mdp.39015086661546,10,33,0,16,CARDINAL,0,2
mdp.39015086661546,10,35,0,NATIONAL NEGRO HEALTH WEEK,EVENT,20,46
mdp.39015086661546,10,35,1,National Negro Health Week,EVENT,47,73
mdp.39015086661546,10,35,2,1915,DATE,91,95
mdp.39015086661546,10,35,3,Booker T. Washington,PERSON,108,128
mdp.39015086661546,10,37,0,The Negro Organization Society of Virginia,ORG,0,42
mdp.39015086661546,10,37,1,Hampton Institute,FAC,65,82
mdp.39015086661546,10,37,2,R. R. Moton,PERSON,108,119
mdp.39015086661546,10,37,3,Booker T. Washington,PERSON,143,163
mdp.39015086661546,10,37,4,Health Week,EVENT,187,198
mdp.39015086661546,10,38,0,Washington,PERSON,7,17
mdp.39015086661546,10,38,1,All-American,NORP,110,122
mdp.39015086661546,10,39,0,the American Negro,PERSON,143,161
mdp.39015086661546,10,39,1,the latter part of the nineteenth century,DATE,189,230
mdp.39015086661546,10,39,2,the twentieth century,DATE,255,276
mdp.39015086661546,10,39,3,Louis I. Dublin,PERSON,315,330
mdp.39015086661546,10,39,4,Frederick L. Hoffman,PERSON,362,382
mdp.39015086661546,10,39,5,the year 1914,DATE,424,437
mdp.39015086661546,10,39,6,Southern,NORP,443,451
mdp.39015086661546,10,39,7,New Orleans,GPE,495,506
mdp.39015086661546,10,39,8,La.,GPE,508,511
mdp.39015086661546,10,39,9,Oscar Dowling,PERSON,541,554
mdp.39015086661546,10,39,10,Negro,NORP,576,581
mdp.39015086661546,10,39,11,1905,DATE,620,624
mdp.39015086661546,10,39,12,Savannah,GPE,629,637
mdp.39015086661546,10,39,13,Ga.,GPE,639,642
mdp.39015086661546,10,39,14,Monroe N. Work,PERSON,670,684
mdp.39015086661546,10,39,15,the Men's Sunday Club,ORG,705,726
mdp.39015086661546,10,39,16,the National Medical Association,ORG,902,934
mdp.39015086661546,10,39,17,1895,DATE,938,942
mdp.39015086661546,10,39,18,. A. M. Brown,PERSON,985,998
mdp.39015086661546,10,39,19,A. Wilberforce Williams,PERSON,1000,1023
mdp.39015086661546,10,39,20,C. V. Roman,PERSON,1025,1036
mdp.39015086661546,10,40,0,a National Health Week,EVENT,30,52
mdp.39015086661546,10,40,1,Washington,PERSON,61,71
mdp.39015086661546,10,40,2,the Annual Tuskegee Negro Conference,EVENT,101,137
mdp.39015086661546,10,40,3,the United States,GPE,224,241
mdp.39015086661546,10,41,0,45 per cent,PERCENT,18,29
mdp.39015086661546,10,41,1,Negroes,NORP,50,57
mdp.39015086661546,10,41,2,"450,000",CARDINAL,90,97
mdp.39015086661546,10,41,3,Negroes,NORP,98,105
mdp.39015086661546,10,41,4,"75,000,000",MONEY,175,185
mdp.39015086661546,10,41,5,Negroes,NORP,216,223
mdp.39015086661546,10,41,6,"100,000,000",MONEY,234,245
mdp.39015086661546,10,42,0,Negro,NORP,63,68
mdp.39015086661546,10,42,1,"April 11 to April 17, inclusive,",DATE,170,202
mdp.39015086661546,10,42,2,1915,DATE,203,207
mdp.39015086661546,11,0,0,The National Medical Association,ORG,181,213
mdp.39015086661546,11,0,1,the National Association of Colored Graduate Nurses,ORG,215,266
mdp.39015086661546,11,0,2,the National Association of Colored Women's Clubs,ORG,268,317
mdp.39015086661546,11,0,3,the National Negro Business League,ORG,319,353
mdp.39015086661546,11,0,4,the National League on Urban Conditions among Negroes,ORG,355,408
mdp.39015086661546,11,0,5,the National Association of Teachers in Colored Schools,ORG,410,465
mdp.39015086661546,11,0,6,the National Negro Press Association,ORG,467,503
mdp.39015086661546,11,0,7,annual,DATE,597,603
mdp.39015086661546,11,3,0,annually,DATE,78,86
mdp.39015086661546,11,4,0,National Negro Health Week,EVENT,14,40
mdp.39015086661546,11,4,1,1931,DATE,143,147
mdp.39015086661546,11,4,2,National Negro Health Week,EVENT,157,183
mdp.39015086661546,11,4,3,1915,DATE,225,229
mdp.39015086661546,11,5,0,14,CARDINAL,47,49
mdp.39015086661546,11,5,1,first,ORDINAL,93,98
mdp.39015086661546,11,5,2,National Negro Health Week,EVENT,108,134
mdp.39015086661546,11,6,0,1931,DATE,4,8
mdp.39015086661546,11,6,1,36,CARDINAL,23,25
mdp.39015086661546,11,6,2,23,CARDINAL,64,66
mdp.39015086661546,11,7,0,36,CARDINAL,6,8
mdp.39015086661546,11,8,0,The U.S. Public Health Service,ORG,0,30
mdp.39015086661546,11,8,1,State,ORG,60,65
mdp.39015086661546,11,9,0,the 15 years,DATE,7,19
mdp.39015086661546,11,9,1,National Negro Health Week,EVENT,38,64
mdp.39015086661546,11,10,0,1929,DATE,86,90
mdp.39015086661546,11,10,1,1930,DATE,95,99
mdp.39015086661546,11,10,2,the week,DATE,115,123
mdp.39015086661546,11,11,0,the United States Public Health Service,ORG,53,92
mdp.39015086661546,11,11,1,the National Negro Health Week Bulletin,WORK_OF_ART,114,153
mdp.39015086661546,11,11,2,the year 1921,DATE,179,192
mdp.39015086661546,11,11,3,Health Week,EVENT,199,210
mdp.39015086661546,11,11,4,the Public Health Service,ORG,235,260
mdp.39015086661546,11,11,5,State,ORG,415,420
mdp.39015086661546,11,11,6,Health Week,EVENT,487,498
mdp.39015086661546,11,12,0,State,ORG,4,9
mdp.39015086661546,11,12,1,Alabama,GPE,28,35
mdp.39015086661546,11,12,2,the Health Week,EVENT,149,164
mdp.39015086661546,11,12,3,States,GPE,221,227
mdp.39015086661546,11,13,0,The Maryland State Department of Health,ORG,0,39
mdp.39015086661546,11,13,1,Health Week,EVENT,90,101
mdp.39015086661546,11,14,0,the Tennessee State Department of Health,ORG,23,63
mdp.39015086661546,11,14,1,State,ORG,110,115
mdp.39015086661546,11,14,2,Health Week,EVENT,135,146
mdp.39015086661546,11,15,0,the National Negro Health Week,EVENT,67,97
mdp.39015086661546,11,16,0,the Memphis (Tenn.) Department of Health,ORG,13,53
mdp.39015086661546,11,16,1,"30,000",CARDINAL,78,84
mdp.39015086661546,11,16,2,National Negro Health Week,EVENT,85,111
mdp.39015086661546,11,17,0,Cincinnati,GPE,3,13
mdp.39015086661546,11,17,1,the Negro Civic Welfare Association,ORG,63,98
mdp.39015086661546,11,17,2,Health Week,EVENT,128,139
mdp.39015086661546,11,18,0,Atlanta,GPE,3,10
mdp.39015086661546,11,18,1,Ga.,GPE,12,15
mdp.39015086661546,11,18,2,Health Week,EVENT,45,56
mdp.39015086661546,11,19,0,Baltimore,GPE,31,40
mdp.39015086661546,11,19,1,Md.,GPE,42,45
mdp.39015086661546,11,19,2,Richmond,GPE,51,59
mdp.39015086661546,11,19,3,Va.,GPE,61,64
mdp.39015086661546,11,19,4,Health Week,EVENT,125,136
mdp.39015086661546,11,20,0,Chicago,GPE,0,7
mdp.39015086661546,11,20,1,Ill.,GPE,9,13
mdp.39015086661546,11,20,2,"50,000",CARDINAL,23,29
mdp.39015086661546,11,20,3,one,CARDINAL,40,43
mdp.39015086661546,11,21,0,Louisville,GPE,45,55
mdp.39015086661546,11,21,1,Ky.,GPE,57,60
mdp.39015086661546,11,21,2,the Interracial Commission,ORG,78,104
mdp.39015086661546,11,22,0,Nashville,GPE,0,9
mdp.39015086661546,11,22,1,Tenn.,GPE,11,16
mdp.39015086661546,11,22,2,Texas,GPE,101,106
mdp.39015086661546,11,22,3,F. Rivers Barnwell,PERSON,144,162
mdp.39015086661546,11,22,4,the Texas Public Health (,ORG,169,194
mdp.39015086661546,11,22,5,Texas Tuberculosis,ORG,198,216
mdp.39015086661546,11,22,6,the Health Week,EVENT,254,269
mdp.39015086661546,11,23,0,Missouri,GPE,13,21
mdp.39015086661546,11,23,1,States,GPE,32,38
mdp.39015086661546,11,23,2,Negro,NORP,157,162
mdp.39015086661546,11,24,0,Health Week,EVENT,33,44
mdp.39015086661546,11,24,1,South,LOC,77,82
mdp.39015086661546,11,25,0,the United States Department of Agriculture Extension Service,ORG,87,148
mdp.39015086661546,11,25,1,Jeanes Fund,ORG,158,169
mdp.39015086661546,11,26,0,State,ORG,23,28
mdp.39015086661546,11,26,1,Health Week,EVENT,90,101
mdp.39015086661546,11,28,0,14,CARDINAL,40,42
mdp.39015086661546,11,28,1,National Negro Health Week,EVENT,95,121
mdp.39015086661546,11,28,2,the years 1925 to 1930,DATE,137,159
mdp.39015086661546,12,0,0,1930,DATE,4,8
mdp.39015086661546,12,0,1,NATIONAL NEGRO HEALTH WEEK,EVENT,9,35
mdp.39015086661546,12,0,2,National Negro Health Week,EVENT,47,73
mdp.39015086661546,12,0,3,31,CARDINAL,122,124
mdp.39015086661546,12,0,4,the District of Columbia,GPE,136,160
mdp.39015086661546,12,0,5,Alabama,GPE,174,181
mdp.39015086661546,12,0,6,Arkansas,GPE,183,191
mdp.39015086661546,12,0,7,California,GPE,193,203
mdp.39015086661546,12,0,8,Colorado,GPE,205,213
mdp.39015086661546,12,0,9,Connecticut,GPE,215,226
mdp.39015086661546,12,0,10,Dela.,GPE,228,233
mdp.39015086661546,12,0,11,District of Columbia,GPE,240,260
mdp.39015086661546,12,0,12,Florida,GPE,262,269
mdp.39015086661546,12,0,13,Georgia,GPE,271,278
mdp.39015086661546,12,0,14,Illinois,GPE,280,288
mdp.39015086661546,12,0,15,Indiana,GPE,290,297
mdp.39015086661546,12,0,16,Kansas,GPE,299,305
mdp.39015086661546,12,0,17,Kentucky,GPE,307,315
mdp.39015086661546,12,0,18,Louisiana,GPE,317,326
mdp.39015086661546,12,0,19,Mary.,GPE,328,333
mdp.39015086661546,12,0,20,Minnesota,GPE,340,349
mdp.39015086661546,12,0,21,Mississippi,GPE,351,362
mdp.39015086661546,12,0,22,Missouri,GPE,364,372
mdp.39015086661546,12,0,23,Nebraska,GPE,374,382
mdp.39015086661546,12,0,24,New Jersey,GPE,384,394
mdp.39015086661546,12,0,25,New York,GPE,396,404
mdp.39015086661546,12,0,26,North Carolina,GPE,406,420
mdp.39015086661546,12,0,27,Ohio,GPE,422,426
mdp.39015086661546,12,0,28,Oklahoma,GPE,428,436
mdp.39015086661546,12,0,29,Pennsylvania,GPE,438,450
mdp.39015086661546,12,0,30,South Carolina,GPE,452,466
mdp.39015086661546,12,0,31,Tennessee,GPE,468,477
mdp.39015086661546,12,0,32,Texas,GPE,479,484
mdp.39015086661546,12,0,33,Virginia,GPE,486,494
mdp.39015086661546,12,0,34,Washington,GPE,496,506
mdp.39015086661546,12,0,35,West Virginia,GPE,508,521
mdp.39015086661546,12,0,36,Wisconsin,GPE,527,536
mdp.39015086661546,12,1,0,year,DATE,30,34
mdp.39015086661546,12,1,1,New York State,GPE,72,86
mdp.39015086661546,12,1,2,Florida,GPE,151,158
mdp.39015086661546,12,1,3,Illinois,GPE,172,180
mdp.39015086661546,12,1,4,Missouri,GPE,185,193
mdp.39015086661546,12,1,5,Texas,GPE,216,221
mdp.39015086661546,12,1,6,Health Week,EVENT,236,247
mdp.39015086661546,12,1,7,Health Week,EVENT,382,393
mdp.39015086661546,12,2,0,three,CARDINAL,27,32
mdp.39015086661546,12,2,1,California,GPE,43,53
mdp.39015086661546,12,2,2,Colorado,GPE,55,63
mdp.39015086661546,12,2,3,Wasb. ington,PERSON,69,81
mdp.39015086661546,12,3,0,97 per cent,PERCENT,25,36
mdp.39015086661546,12,3,1,Nation,ORG,68,74
mdp.39015086661546,12,5,0,One,CARDINAL,0,3
mdp.39015086661546,12,5,1,Health Week,EVENT,38,49
mdp.39015086661546,12,7,0,Chicago's Health,WORK_OF_ART,14,30
mdp.39015086661546,12,7,1,"March 25, 1930",DATE,37,51
mdp.39015086661546,12,7,2,the Chicago Department of Health,ORG,66,98
mdp.39015086661546,12,7,3,Negro Health Week,EVENT,124,141
mdp.39015086661546,12,9,0,the National Clean-Up and Paint-Up Campaign Bureau,ORG,63,113
mdp.39015086661546,12,9,1,First,ORDINAL,135,140
mdp.39015086661546,12,9,2,"over 100,000",CARDINAL,162,174
mdp.39015086661546,12,9,3,Nashville,GPE,187,196
mdp.39015086661546,12,10,0,Second,ORDINAL,4,10
mdp.39015086661546,12,10,1,"under 100,000",CARDINAL,32,45
mdp.39015086661546,12,10,2,Wichita Falls,GPE,58,71
mdp.39015086661546,12,10,3,Tex,GPE,73,76
mdp.39015086661546,12,11,0,Third,ORDINAL,4,9
mdp.39015086661546,12,11,1,Kent County,GPE,40,51
mdp.39015086661546,12,12,0,Fourth,ORDINAL,4,10
mdp.39015086661546,12,12,1,Nashville,GPE,43,52
mdp.39015086661546,12,13,0,Health Week,EVENT,44,55
mdp.39015086661546,12,13,1,Nashville,GPE,111,120
mdp.39015086661546,12,13,2,Tenn.,GPE,122,127
mdp.39015086661546,12,13,3,Kent County,GPE,133,144
mdp.39015086661546,12,15,0,KENT COUNTY,GPE,38,49
mdp.39015086661546,12,15,1,MD,GPE,51,53
mdp.39015086661546,12,16,0,RALPH G. BEACHLEY,PERSON,3,20
mdp.39015086661546,12,17,0,1920,DATE,56,60
mdp.39015086661546,12,17,1,Maryland,GPE,106,114
mdp.39015086661546,12,17,2,Kent County,GPE,127,138
mdp.39015086661546,12,19,0,Kent County,GPE,42,53
mdp.39015086661546,12,19,1,"January, 1927",DATE,57,70
mdp.39015086661546,12,19,2,Kent County,GPE,117,128
mdp.39015086661546,12,19,3,State,ORG,149,154
mdp.39015086661546,12,20,0,Kent County,GPE,58,69
mdp.39015086661546,12,20,1,seventh,ORDINAL,76,83
mdp.39015086661546,12,22,0,State,ORG,74,79
mdp.39015086661546,12,22,1,Chestertown,GPE,117,128
mdp.39015086661546,12,22,2,Md.,GPE,130,133
mdp.39015086661546,12,27,0,State,ORG,28,33
mdp.39015086661546,12,27,1,annual,DATE,62,68
mdp.39015086661546,12,28,0,the past five years,DATE,126,145
mdp.39015086661546,12,29,0,Kent County,GPE,21,32
mdp.39015086661546,12,29,1,about 50 per cent,PERCENT,65,82
mdp.39015086661546,12,31,0,One,CARDINAL,0,3
mdp.39015086661546,12,32,0,the past four years,DATE,7,26
mdp.39015086661546,12,34,0,One,CARDINAL,0,3
mdp.39015086661546,12,34,1,each month,DATE,51,61
mdp.39015086661546,13,1,0,the Health Center,FAC,62,79
mdp.39015086661546,13,1,1,Chestertown,GPE,83,94
mdp.39015086661546,13,5,0,Caroline,GPE,42,50
mdp.39015086661546,13,5,1,Queen Anne's,GPE,52,64
mdp.39015086661546,13,5,2,Kent,GPE,70,74
mdp.39015086661546,13,5,3,four months out of each year,DATE,128,156
mdp.39015086661546,13,5,4,Kent County,GPE,161,172
mdp.39015086661546,13,8,0,the State Board of Mental Hygiene,ORG,80,113
mdp.39015086661546,13,10,0,One,CARDINAL,0,3
mdp.39015086661546,13,11,0,the Maryland League for Crippled Children,ORG,71,112
mdp.39015086661546,13,11,1,Baltimore,GPE,116,125
mdp.39015086661546,13,12,0,Baltimore,GPE,145,154
mdp.39015086661546,13,14,0,the Health Center,FAC,45,62
mdp.39015086661546,13,14,1,each month,DATE,63,73
mdp.39015086661546,13,16,0,each month,DATE,186,196
mdp.39015086661546,13,16,1,Chestertown,GPE,232,243
mdp.39015086661546,13,25,0,Kent County,GPE,21,32
mdp.39015086661546,13,25,1,four years,DATE,143,153
mdp.39015086661546,13,26,0,NATIONAL NEGRO HEALTH WEEK,EVENT,21,47
mdp.39015086661546,13,26,1,NASHVILLE,GPE,49,58
mdp.39015086661546,13,26,2,TENN,GPE,60,64
mdp.39015086661546,13,27,0,1,CARDINAL,0,1
mdp.39015086661546,13,28,0,The Health Week Committee,ORG,0,25
mdp.39015086661546,13,28,1,101,CARDINAL,29,32
mdp.39015086661546,13,28,2,Negro Health Council,ORG,63,83
mdp.39015086661546,13,29,0,2,CARDINAL,0,1
mdp.39015086661546,13,30,0,Tennessee A. & I. State College,ORG,57,88
mdp.39015086661546,13,30,1,summer 1930,DATE,93,104
mdp.39015086661546,13,30,2,State,ORG,108,113
mdp.39015086661546,13,31,0,3,CARDINAL,0,1
mdp.39015086661546,13,33,0,4,CARDINAL,0,1
mdp.39015086661546,13,34,0,the Negro Health Week Committee,ORG,27,58
mdp.39015086661546,13,34,1,the Council of Social Agencies,ORG,134,164
mdp.39015086661546,13,34,2,the Community Chest,ORG,192,211
mdp.39015086661546,13,34,3,the Community Chest,ORG,268,287
mdp.39015086661546,13,35,0,5,CARDINAL,0,1
mdp.39015086661546,13,36,0,Bethlehem Center,ORG,43,59
mdp.39015086661546,13,36,1,Meharry Medical College,ORG,63,86
mdp.39015086661546,13,37,0,6,CARDINAL,0,1
mdp.39015086661546,13,38,0,Health Week,EVENT,112,123
mdp.39015086661546,13,39,0,7,CARDINAL,0,1
mdp.39015086661546,13,40,0,600,CARDINAL,57,60
mdp.39015086661546,13,40,1,Washington Junior High School,ORG,73,102
mdp.39015086661546,13,40,2,Health Week,EVENT,110,121
mdp.39015086661546,13,40,3,500,CARDINAL,173,176
mdp.39015086661546,13,40,4,the Pearl High School,ORG,189,210
mdp.39015086661546,13,41,0,NATIONAL NEGRO HEALTH WEEK,EVENT,14,40
mdp.39015086661546,13,41,1,The National Negro Health Week,EVENT,41,71
mdp.39015086661546,13,42,0,The Health Week,EVENT,0,15
mdp.39015086661546,13,42,1,Health Week,EVENT,64,75
mdp.39015086661546,13,43,0,year-round,DATE,4,14
mdp.39015086661546,13,43,1,Health Week,EVENT,50,61
mdp.39015086661546,13,45,0,13,CARDINAL,2,4
mdp.39015086661546,14,0,0,the six years 1925–1930,DATE,33,56
mdp.39015086661546,14,1,0,1925 1928,DATE,34,43
mdp.39015086661546,14,2,0,Alabama,GPE,0,7
mdp.39015086661546,14,3,0,Arizona,GPE,0,7
mdp.39015086661546,14,4,0,Arkansas,GPE,0,8
mdp.39015086661546,14,5,0,California,GPE,0,10
mdp.39015086661546,14,6,0,Canada,GPE,0,6
mdp.39015086661546,14,7,0,Colorado,GPE,0,8
mdp.39015086661546,14,8,0,Connecticut,GPE,0,11
mdp.39015086661546,14,9,0,Delaware,GPE,0,8
mdp.39015086661546,14,10,0,District of Columbia,GPE,0,20
mdp.39015086661546,14,11,0,Florida,GPE,87,94
mdp.39015086661546,14,11,1,1 7,CARDINAL,99,102
mdp.39015086661546,14,11,2,Georgia,GPE,299,306
mdp.39015086661546,14,11,3,Idaho,GPE,307,312
mdp.39015086661546,14,12,0,Illinois,GPE,0,8
mdp.39015086661546,14,13,0,Indiana,GPE,0,7
mdp.39015086661546,14,13,1,Iowa,GPE,10,14
mdp.39015086661546,14,14,0,Kansas,GPE,0,6
mdp.39015086661546,14,15,0,Kentucky,GPE,0,8
mdp.39015086661546,14,16,0,Louisiana,GPE,0,9
mdp.39015086661546,14,16,1,Maine,GPE,10,15
mdp.39015086661546,14,17,0,Maryland,GPE,0,8
mdp.39015086661546,14,17,1,Massachusetts,GPE,11,24
mdp.39015086661546,14,18,0,Michigan,GPE,0,8
mdp.39015086661546,14,18,1,Minnesota,GPE,11,20
mdp.39015086661546,14,19,0,Mississippi,GPE,0,11
mdp.39015086661546,14,20,0,Missouri,GPE,0,8
mdp.39015086661546,14,21,0,Montana,GPE,0,7
mdp.39015086661546,14,22,0,Nebraska,GPE,0,8
mdp.39015086661546,14,23,0,Nevada,GPE,0,6
mdp.39015086661546,14,23,1,New Hampshire,GPE,10,23
mdp.39015086661546,14,23,2,New Jersey,GPE,24,34
mdp.39015086661546,14,24,0,New Mexico,GPE,0,10
mdp.39015086661546,14,25,0,New York,GPE,0,8
mdp.39015086661546,14,26,0,North Carolina,GPE,0,14
mdp.39015086661546,14,27,0,North Dakota,GPE,0,12
mdp.39015086661546,14,28,0,Ohio,GPE,0,4
mdp.39015086661546,14,29,0,Oklahoma,GPE,0,8
mdp.39015086661546,14,30,0,Oregon,GPE,0,6
mdp.39015086661546,14,31,0,Pennsylvania,GPE,0,12
mdp.39015086661546,14,32,0,Rhode Island,GPE,0,12
mdp.39015086661546,14,33,0,South Carolina,GPE,0,14
mdp.39015086661546,14,33,1,South Dakota,GPE,15,27
mdp.39015086661546,14,34,0,Tennessee,GPE,0,9
mdp.39015086661546,14,35,0,Texas,GPE,0,5
mdp.39015086661546,14,36,0,10 23,CARDINAL,0,5
mdp.39015086661546,14,37,0,6 19 0 7 0,CARDINAL,0,10
mdp.39015086661546,14,38,0,Virginia,GPE,0,8
mdp.39015086661546,14,38,1,Washington,GPE,11,21
mdp.39015086661546,14,39,0,West Virginia,GPE,0,13
mdp.39015086661546,14,39,1,Wisconsin,GPE,14,23
mdp.39015086661546,14,39,2,Wyoming,GPE,26,33
mdp.39015086661546,14,39,3,1,CARDINAL,35,36
mdp.39015086661546,14,41,0,139 329,CARDINAL,0,7
mdp.39015086661546,14,43,0,31 0,CARDINAL,30,34
mdp.39015086661546,14,44,0,Health Week,EVENT,77,88
mdp.39015086661546,14,44,1,the National Negro Health Week Committee,ORG,118,158
mdp.39015086661546,14,45,0,"no less than 2,500",CARDINAL,77,95
mdp.39015086661546,14,45,1,the Health Week,EVENT,116,131
mdp.39015086661546,14,45,2,the United States,GPE,135,152
mdp.39015086661546,14,45,3,each year,DATE,153,162
mdp.39015086661546,14,46,0,14,CARDINAL,2,4
mdp.39015086661546,15,2,0,MOND URBAN,ORG,0,10
mdp.39015086661546,15,2,1,RICHMOND,GPE,35,43
mdp.39015086661546,15,8,0,1 quart,QUANTITY,15,22
mdp.39015086661546,15,11,0,4,CARDINAL,7,8
mdp.39015086661546,15,11,1,12 hours,TIME,25,33
mdp.39015086661546,15,14,0,3,CARDINAL,6,7
mdp.39015086661546,15,15,0,daily,DATE,14,19
mdp.39015086661546,15,29,0,10,CARDINAL,0,2
mdp.39015086661546,15,30,0,40,CARDINAL,0,2
mdp.39015086661546,15,31,0,60,CARDINAL,0,2
mdp.39015086661546,15,31,1,100,CARDINAL,18,21
mdp.39015086661546,15,35,0,the National Negro Health Week Committee,ORG,100,140
mdp.39015086661546,15,35,1,Howard University,ORG,142,159
mdp.39015086661546,15,35,2,Washington,GPE,161,171
mdp.39015086661546,15,35,3,D. C.,GPE,173,178
mdp.39015086661546,15,39,0,Germany,GPE,221,228
mdp.39015086661546,15,40,0,Berlin,GPE,3,9
mdp.39015086661546,15,41,0,the Museum of Hygiene,ORG,27,48
mdp.39015086661546,15,41,1,Dresden,GPE,53,60
mdp.39015086661546,15,42,0,about 400,CARDINAL,74,83
mdp.39015086661546,15,42,1,Germany,GPE,94,101
mdp.39015086661546,15,43,0,Federal,ORG,57,64
mdp.39015086661546,15,43,1,State,ORG,69,74
mdp.39015086661546,15,43,2,Berlin,GPE,213,219
mdp.39015086661546,16,0,0,Whites,NORP,98,104
mdp.39015086661546,16,0,1,"1,000",CARDINAL,148,153
mdp.39015086661546,16,1,0,the Negro Year Book for 1930-31 by,WORK_OF_ART,13,47
mdp.39015086661546,16,1,1,Monroe N.Work,PERSON,52,65
mdp.39015086661546,16,1,2,Tuskegee Institute,ORG,67,85
mdp.39015086661546,16,1,3,Ala.,GPE,87,91
mdp.39015086661546,16,2,0,1910 1912,DATE,0,9
mdp.39015086661546,16,2,1,1920 1922,DATE,25,34
mdp.39015086661546,16,5,0,17.3,CARDINAL,114,118
mdp.39015086661546,16,7,0,0,CARDINAL,25,26
mdp.39015086661546,16,9,0,12,CARDINAL,0,2
mdp.39015086661546,16,9,1,1910-1927,DATE,112,121
mdp.39015086661546,16,9,2,26.0,CARDINAL,130,134
mdp.39015086661546,16,9,3,28.5,CARDINAL,143,147
mdp.39015086661546,16,10,0,1910-1927,DATE,19,28
mdp.39015086661546,16,10,1,25.6,CARDINAL,37,41
mdp.39015086661546,16,10,2,16.7,CARDINAL,50,54
mdp.39015086661546,16,11,0,1910-1927,DATE,21,30
mdp.39015086661546,16,11,1,23.9,CARDINAL,39,43
mdp.39015086661546,16,11,2,15.8,CARDINAL,52,56
mdp.39015086661546,17,0,0,Croan Teeth,PERSON,1,12
mdp.39015086661546,17,0,1,BALT,PERSON,13,17
mdp.39015086661546,17,0,2,Cleon Teeth,PERSON,18,29
mdp.39015086661546,18,0,0,1915,DATE,47,51
mdp.39015086661546,18,0,1,1915,DATE,75,79
mdp.39015086661546,18,0,2,1931,DATE,100,104
mdp.39015086661546,18,2,0,Jack,PERSON,27,31
mdp.39015086661546,18,2,1,Jill,PERSON,47,51
