vol_id,page,sentence_id,ent_id,entity,entity_type,start_char,end_char
mdp.39015062317717,1,0,0,NATIONAL NEGRO HEALTH WEEK,EVENT,17,43
mdp.39015062317717,1,0,1,"April 4 to 10, 1926",DATE,44,63
mdp.39015062317717,1,0,2,1926,DATE,87,91
mdp.39015062317717,1,0,3,THE UNITED STATES PUBLIC HEALTH SERVICE,ORG,127,166
mdp.39015062317717,1,0,4,WASHINGTON,GPE,167,177
mdp.39015062317717,1,0,5,D. C.,GPE,179,184
mdp.39015062317717,3,0,0,National Negro Health Week,EVENT,0,26
mdp.39015062317717,3,0,1,"April 4 to 10, 1926",DATE,27,46
mdp.39015062317717,3,0,2,Twelfth,ORDINAL,51,58
mdp.39015062317717,3,0,3,Tuskegee Negro Conference,EVENT,110,135
mdp.39015062317717,3,0,4,The National Negro Business League,ORG,140,174
mdp.39015062317717,3,0,5,The United States,GPE,195,212
mdp.39015062317717,3,0,6,THE UNITED STATES,GPE,363,380
mdp.39015062317717,3,0,7,Washington Government Printing Office,ORG,403,440
mdp.39015062317717,3,0,8,1926,DATE,441,445
mdp.39015062317717,4,0,0,1926,DATE,23,27
mdp.39015062317717,4,0,1,SundayMondayTuesday Wednesday--Thursday-Friday--Saturday Mobilization Day,DATE,54,127
mdp.39015062317717,4,1,0,Home Hygiene Day,DATE,0,16
mdp.39015062317717,4,2,0,Community Sanitation Day,DATE,0,24
mdp.39015062317717,4,3,0,Children's Day,DATE,0,14
mdp.39015062317717,4,4,0,Adults' Day,DATE,0,11
mdp.39015062317717,4,5,0,Special Campaign Day,DATE,0,20
mdp.39015062317717,4,6,0,Planning Day,DATE,0,12
mdp.39015062317717,4,7,0,II,CARDINAL,1,3
mdp.39015062317717,5,0,0,2-10-1926,DATE,14,23
mdp.39015062317717,5,1,0,twelfth,ORDINAL,4,11
mdp.39015062317717,5,1,1,National Negro Health Week,EVENT,33,59
mdp.39015062317717,5,1,2,"April 4, 1926",DATE,74,87
mdp.39015062317717,5,1,3,the Tuskegee Negro Conference,ORG,111,140
mdp.39015062317717,5,1,4,the National Negro Business League,ORG,145,179
mdp.39015062317717,5,1,5,Federal,ORG,204,211
mdp.39015062317717,5,1,6,State,ORG,213,218
mdp.39015062317717,5,2,0,National Negro Health Week,EVENT,0,26
mdp.39015062317717,5,2,1,1925,DATE,31,35
mdp.39015062317717,5,3,0,1926,DATE,49,53
mdp.39015062317717,5,4,0,Health Week,EVENT,47,58
mdp.39015062317717,5,4,1,the year,DATE,74,82
mdp.39015062317717,5,5,0,HEALTH WEEK,EVENT,0,11
mdp.39015062317717,5,5,1,1926,DATE,23,27
mdp.39015062317717,7,0,0,A NEGRO HEALTH WEEK,DATE,13,32
mdp.39015062317717,7,0,1,Year,DATE,33,37
mdp.39015062317717,7,0,2,year,DATE,41,45
mdp.39015062317717,7,0,3,the United States,GPE,72,89
mdp.39015062317717,7,3,0,Each year,DATE,0,9
mdp.39015062317717,7,3,1,"700,000",CARDINAL,29,36
mdp.39015062317717,7,3,2,the United States,GPE,57,74
mdp.39015062317717,7,4,0,the Potomac River,LOC,47,64
mdp.39015062317717,7,5,0,the United States,GPE,29,46
mdp.39015062317717,7,5,1,about 9 per cent,PERCENT,50,66
mdp.39015062317717,7,6,0,South,LOC,128,133
mdp.39015062317717,7,8,0,a few years' time,DATE,49,66
mdp.39015062317717,7,10,0,the United States,GPE,20,37
mdp.39015062317717,7,10,1,the period from 1910–1920,DATE,86,111
mdp.39015062317717,7,10,2,Southern States,LOC,144,159
mdp.39015062317717,7,12,0,1923,DATE,3,7
mdp.39015062317717,7,12,1,Maryland,GPE,47,55
mdp.39015062317717,7,12,2,12.8,CARDINAL,60,64
mdp.39015062317717,7,12,3,"1,000",CARDINAL,69,74
mdp.39015062317717,7,12,4,22.9,CARDINAL,116,120
mdp.39015062317717,7,13,0,South,LOC,23,28
mdp.39015062317717,7,15,0,each year,DATE,54,63
mdp.39015062317717,7,16,0,the National Negro Health Week,EVENT,16,46
mdp.39015062317717,7,16,1,11 years,DATE,51,59
mdp.39015062317717,8,0,0,2,CARDINAL,0,1
mdp.39015062317717,8,1,0,1921,DATE,6,10
mdp.39015062317717,8,1,1,the United States Public Health Service,ORG,70,109
mdp.39015062317717,8,2,0,twelfth,ORDINAL,4,11
mdp.39015062317717,8,2,1,Health Week,EVENT,26,37
mdp.39015062317717,8,2,2,"April 4 to 10, 1926",DATE,51,70
mdp.39015062317717,8,4,0,a few years ago,DATE,32,47
mdp.39015062317717,8,4,1,South,LOC,211,216
mdp.39015062317717,8,5,0,HEALTH WEEK,EVENT,34,45
mdp.39015062317717,8,6,0,Negro Health Week,EVENT,119,136
mdp.39015062317717,8,9,0,the middle of February,DATE,197,219
mdp.39015062317717,8,10,0,the chamber of commerce,ORG,199,222
mdp.39015062317717,8,10,1,Rotary,ORG,224,230
mdp.39015062317717,8,10,2,Kiwanis,ORG,232,239
mdp.39015062317717,8,10,3,Lions,ORG,241,246
mdp.39015062317717,8,11,0,Health Week,EVENT,157,168
mdp.39015062317717,8,11,1,April,DATE,176,181
mdp.39015062317717,8,11,2,the year,DATE,257,265
mdp.39015062317717,8,13,0,State,ORG,99,104
mdp.39015062317717,8,13,1,the central committee,ORG,167,188
mdp.39015062317717,8,13,2,week,DATE,325,329
mdp.39015062317717,9,0,0,3,CARDINAL,0,1
mdp.39015062317717,9,3,0,two,CARDINAL,9,12
mdp.39015062317717,9,4,0,First,ORDINAL,0,5
mdp.39015062317717,9,4,1,the seven days,DATE,47,61
mdp.39015062317717,9,4,2,a Mobilization Day Committee,ORG,89,117
mdp.39015062317717,9,4,3,a Home Hygiene Day Committee,ORG,119,147
mdp.39015062317717,9,4,4,a Community Sanitation Day Committee,ORG,149,185
mdp.39015062317717,9,4,5,a Children's Day Committee,ORG,187,213
mdp.39015062317717,9,4,6,an Adults' Day Committee,ORG,215,239
mdp.39015062317717,9,4,7,a Special Campaign Day Committee,ORG,241,273
mdp.39015062317717,9,4,8,a Planning Day Committee,ORG,279,303
mdp.39015062317717,9,5,0,daily,DATE,453,458
mdp.39015062317717,9,6,0,Health Week,EVENT,162,173
mdp.39015062317717,9,11,0,the various days of Health Week,DATE,23,54
mdp.39015062317717,9,12,0,"SUNDAY, APRIL 4",DATE,0,15
mdp.39015062317717,9,13,0,a day,DATE,8,13
mdp.39015062317717,9,14,0,the morning,TIME,30,41
mdp.39015062317717,9,15,0,the afternoon,TIME,3,16
mdp.39015062317717,9,15,1,one,CARDINAL,33,36
mdp.39015062317717,10,0,0,4,CARDINAL,0,1
mdp.39015062317717,10,1,0,several weeks,DATE,36,49
mdp.39015062317717,10,2,0,One,CARDINAL,0,3
mdp.39015062317717,10,3,0,One,CARDINAL,0,3
mdp.39015062317717,10,3,1,the week,DATE,116,124
mdp.39015062317717,10,4,0,"MONDAY, APRIL 5",DATE,0,15
mdp.39015062317717,10,4,1,HOME HYGIENE DAY,EVENT,16,32
mdp.39015062317717,10,4,2,Home Hygiene Day,EVENT,186,202
mdp.39015062317717,10,8,0,1,CARDINAL,73,74
mdp.39015062317717,10,8,1,2,CARDINAL,115,116
mdp.39015062317717,10,8,2,3,CARDINAL,147,148
mdp.39015062317717,10,8,3,4,CARDINAL,196,197
mdp.39015062317717,10,11,0,winter,DATE,183,189
mdp.39015062317717,10,11,1,summer,DATE,194,200
mdp.39015062317717,11,0,0,"2,000,000",MONEY,50,59
mdp.39015062317717,11,6,0,the State department,ORG,5,25
mdp.39015062317717,11,7,0,Home Hygiene Day,EVENT,15,31
mdp.39015062317717,11,7,1,April 5,DATE,33,40
mdp.39015062317717,11,7,2,Booker T. Washington,PERSON,131,151
mdp.39015062317717,11,7,3,National Health Week,EVENT,168,188
mdp.39015062317717,11,8,0,"TUESDAY, APRIL 6",DATE,0,16
mdp.39015062317717,11,8,1,COMMUNITY SANITATION DAY,EVENT,17,41
mdp.39015062317717,11,8,2,Monday,DATE,59,65
mdp.39015062317717,11,8,3,the day,DATE,194,201
mdp.39015062317717,11,10,0,the State department of health,ORG,105,135
mdp.39015062317717,11,11,0,this day,DATE,39,47
mdp.39015062317717,11,12,0,State,ORG,24,29
mdp.39015062317717,11,16,0,the State department of health,ORG,66,96
mdp.39015062317717,12,0,0,"6 WEDNESDAY, APRIL 7",DATE,0,20
mdp.39015062317717,12,0,1,CHILDREN'S DAY,DATE,21,35
mdp.39015062317717,12,1,0,this day,DATE,71,79
mdp.39015062317717,12,3,0,later years,DATE,73,84
mdp.39015062317717,12,8,0,10,CARDINAL,33,35
mdp.39015062317717,12,8,1,11,CARDINAL,40,42
mdp.39015062317717,12,12,0,"THURSDAY, APRIL 8",DATE,0,17
mdp.39015062317717,12,12,1,ADULT'S DAY,DATE,18,29
mdp.39015062317717,12,12,2,this day,DATE,170,178
mdp.39015062317717,12,15,0,later years,DATE,166,177
mdp.39015062317717,12,17,0,the American Medical Association,ORG,42,74
mdp.39015062317717,12,17,1,Chicago,GPE,103,110
mdp.39015062317717,12,17,2,Ill.,GPE,112,116
mdp.39015062317717,13,0,0,this day,DATE,5,13
mdp.39015062317717,13,2,0,"FRIDAY, APRIL 9",DATE,0,15
mdp.39015062317717,13,5,0,this day,DATE,3,11
mdp.39015062317717,13,7,0,noon-day,TIME,2,10
mdp.39015062317717,13,7,1,the year,DATE,204,212
mdp.39015062317717,13,9,0,noon-day,TIME,102,110
mdp.39015062317717,13,10,0,the day,DATE,75,82
mdp.39015062317717,13,11,0,Friday,DATE,0,6
mdp.39015062317717,13,11,1,a suitable day,DATE,15,29
mdp.39015062317717,13,12,0,the United States,GPE,44,61
mdp.39015062317717,13,12,1,"almost $500,000,000",MONEY,68,87
mdp.39015062317717,13,15,0,"SATURDAY, APRIL 10 PLANNING DAY",DATE,0,31
mdp.39015062317717,13,16,0,the week,DATE,55,63
mdp.39015062317717,13,16,1,Saturday,DATE,67,75
mdp.39015062317717,13,16,2,noon,TIME,76,80
mdp.39015062317717,14,0,0,week,DATE,21,25
mdp.39015062317717,14,0,1,Saturday,DATE,102,110
mdp.39015062317717,14,0,2,night,TIME,111,116
mdp.39015062317717,14,1,0,the year,DATE,160,168
mdp.39015062317717,14,5,0,the State department of health,ORG,38,68
mdp.39015062317717,14,8,0,Health Week,EVENT,37,48
mdp.39015062317717,14,10,0,the American Medical Association,ORG,52,84
mdp.39015062317717,14,10,1,the American Hospital Association,ORG,89,122
mdp.39015062317717,14,12,0,this final day,DATE,60,74
mdp.39015062317717,14,13,0,two,CARDINAL,3,6
mdp.39015062317717,14,14,0,the year,DATE,210,218
mdp.39015062317717,15,18,0,Saturday,DATE,138,146
mdp.39015062317717,15,24,0,minute,TIME,32,38
mdp.39015062317717,15,26,0,one,CARDINAL,8,11
mdp.39015062317717,16,0,0,10,CARDINAL,0,2
mdp.39015062317717,16,17,0,1,CARDINAL,0,1
mdp.39015062317717,16,17,1,three,CARDINAL,10,15
mdp.39015062317717,16,17,2,each day,DATE,48,56
mdp.39015062317717,16,19,0,2,CARDINAL,0,1
mdp.39015062317717,16,19,1,two,CARDINAL,36,39
mdp.39015062317717,16,19,2,three,CARDINAL,43,48
mdp.39015062317717,16,19,3,one,CARDINAL,71,74
mdp.39015062317717,16,21,0,3,CARDINAL,0,1
mdp.39015062317717,16,21,1,at least one,CARDINAL,12,24
mdp.39015062317717,16,21,2,each day,DATE,38,46
mdp.39015062317717,16,22,0,4,CARDINAL,0,1
mdp.39015062317717,16,22,1,at least three,CARDINAL,12,26
mdp.39015062317717,16,22,2,four,CARDINAL,42,46
mdp.39015062317717,16,22,3,every day,DATE,64,73
mdp.39015062317717,17,0,0,11 5,CARDINAL,0,4
mdp.39015062317717,17,1,0,hours,TIME,23,28
mdp.39015062317717,17,1,1,4,CARDINAL,107,108
mdp.39015062317717,17,1,2,at least 12 hours,TIME,128,145
mdp.39015062317717,17,2,0,6,CARDINAL,9,10
mdp.39015062317717,17,2,1,111/2 hours,TIME,30,41
mdp.39015062317717,17,3,0,8,CARDINAL,9,10
mdp.39015062317717,17,3,1,11 hours,TIME,30,38
mdp.39015062317717,17,4,0,10,CARDINAL,9,11
mdp.39015062317717,17,4,1,1012 hours,TIME,32,42
mdp.39015062317717,17,5,0,12,CARDINAL,9,11
mdp.39015062317717,17,5,1,10 hours,TIME,32,40
mdp.39015062317717,17,6,0,6,CARDINAL,0,1
mdp.39015062317717,17,7,0,at least two hours,TIME,25,43
mdp.39015062317717,17,7,1,daily,DATE,69,74
mdp.39015062317717,17,23,0,summer,DATE,97,103
mdp.39015062317717,17,24,0,the first year,DATE,45,59
mdp.39015062317717,17,26,0,the first year,DATE,45,59
mdp.39015062317717,17,26,1,the first months,DATE,74,90
mdp.39015062317717,18,0,0,12,CARDINAL,0,2
mdp.39015062317717,18,4,0,about one-half inch,QUANTITY,33,52
mdp.39015062317717,18,8,0,thousands,CARDINAL,24,33
mdp.39015062317717,18,9,0,1,CARDINAL,84,85
mdp.39015062317717,18,9,1,2,CARDINAL,106,107
mdp.39015062317717,18,9,2,3,CARDINAL,156,157
mdp.39015062317717,18,14,0,1,CARDINAL,72,73
mdp.39015062317717,18,14,1,2,CARDINAL,89,90
mdp.39015062317717,18,14,2,3,CARDINAL,121,122
mdp.39015062317717,18,14,3,4,CARDINAL,145,146
mdp.39015062317717,18,15,0,State,ORG,102,107
mdp.39015062317717,19,16,0,1,CARDINAL,54,55
mdp.39015062317717,19,16,1,Paris,GPE,171,176
mdp.39015062317717,19,16,2,2,CARDINAL,190,191
mdp.39015062317717,19,16,3,about 200 yards,QUANTITY,316,331
mdp.39015062317717,19,16,4,the day,DATE,399,406
mdp.39015062317717,19,16,5,3,CARDINAL,409,410
mdp.39015062317717,20,0,0,14,CARDINAL,0,2
mdp.39015062317717,20,12,0,a few months,DATE,88,100
mdp.39015062317717,21,13,0,Years ago,DATE,0,9
mdp.39015062317717,21,15,0,recent years,DATE,3,15
mdp.39015062317717,21,16,0,five years old,DATE,102,116
mdp.39015062317717,21,21,0,State,ORG,149,154
mdp.39015062317717,22,0,0,one,CARDINAL,97,100
mdp.39015062317717,22,9,0,recent years,DATE,7,19
mdp.39015062317717,22,11,0,600,CARDINAL,3,6
mdp.39015062317717,22,11,1,Sing Sing Prison,FAC,27,43
mdp.39015062317717,22,11,2,59 per cent,PERCENT,69,80
mdp.39015062317717,23,1,0,early years,DATE,107,118
mdp.39015062317717,23,9,0,Schick,PERSON,28,34
mdp.39015062317717,24,0,0,18,CARDINAL,0,2
mdp.39015062317717,24,9,0,State,ORG,141,146
mdp.39015062317717,24,20,0,1,CARDINAL,218,219
mdp.39015062317717,24,21,0,2,CARDINAL,0,1
mdp.39015062317717,25,0,0,19 3,CARDINAL,0,4
mdp.39015062317717,25,2,0,4,CARDINAL,0,1
mdp.39015062317717,25,3,0,State,ORG,5,10
mdp.39015062317717,25,4,0,5,CARDINAL,0,1
mdp.39015062317717,25,5,0,The United States Public Health Service,ORG,0,39
mdp.39015062317717,25,7,0,State,ORG,65,70
mdp.39015062317717,25,7,1,the United States Public Health Service,ORG,121,160
mdp.39015062317717,25,7,2,Washington,GPE,162,172
mdp.39015062317717,25,7,3,D. C.,GPE,174,179
mdp.39015062317717,25,37,0,"WASHINGTON, D. C.",GPE,118,135
mdp.39015062317717,25,37,1,6,CARDINAL,139,140
mdp.39015062317717,27,1,0,3 9015,CARDINAL,23,29
mdp.39015062317717,27,2,0,1,CARDINAL,20,21
mdp.39015062317717,27,5,0,2,CARDINAL,0,1
mdp.39015062317717,27,6,0,3,CARDINAL,0,1
mdp.39015062317717,27,8,0,4,CARDINAL,0,1
mdp.39015062317717,27,9,0,5,CARDINAL,0,1
mdp.39015062317717,27,11,0,6,CARDINAL,0,1
mdp.39015062317717,27,12,0,7,CARDINAL,0,1
mdp.39015062317717,27,13,0,8,CARDINAL,0,1
mdp.39015062317717,27,15,0,9,CARDINAL,0,1
mdp.39015062317717,27,17,0,10,CARDINAL,0,2
mdp.39015062317717,27,17,1,six to eight,CARDINAL,10,22
mdp.39015062317717,27,17,2,daily,DATE,40,45
mdp.39015062317717,27,20,0,12,CARDINAL,0,2
mdp.39015062317717,27,21,0,13,CARDINAL,0,2
mdp.39015062317717,27,23,0,14,CARDINAL,0,2
mdp.39015062317717,27,25,0,15,CARDINAL,0,2
mdp.39015062317717,27,25,1,16,CARDINAL,46,48
mdp.39015062317717,27,29,0,17,CARDINAL,0,2
mdp.39015062317717,27,30,0,18,CARDINAL,0,2
