vol_id,page,sentence_id,ent_id,entity,entity_type,start_char,end_char
mdp.39015062317733,1,0,0,FEB 26 1925,DATE,1,12
mdp.39015062317733,1,0,1,"April 5 to 11, 1925",DATE,56,75
mdp.39015062317733,1,0,2,Eleventh,ORDINAL,80,88
mdp.39015062317733,1,0,3,The National Negro Business League,ORG,170,204
mdp.39015062317733,1,0,4,The United States,GPE,225,242
mdp.39015062317733,1,0,5,THE UNITED STATES,GPE,401,418
mdp.39015062317733,1,1,0,Washington Government Printing Office,ORG,22,59
mdp.39015062317733,1,1,1,1925,DATE,60,64
mdp.39015062317733,1,2,0,the HEALTH RULES,WORK_OF_ART,37,53
mdp.39015062317733,2,0,0,"SATURDAY, APRIL 11.",DATE,0,19
mdp.39015062317733,2,1,0,GENERAL CLEAN-UP DAY,DATE,0,20
mdp.39015062317733,2,13,0,Week,DATE,22,26
mdp.39015062317733,2,16,0,week,DATE,334,338
mdp.39015062317733,2,16,1,Health,ORG,356,362
mdp.39015062317733,2,16,2,agenin,ORG,378,384
mdp.39015062317733,2,18,0,Week,DATE,37,41
mdp.39015062317733,2,19,0,Health,ORG,10,16
mdp.39015062317733,2,22,0,4,CARDINAL,0,1
mdp.39015062317733,2,28,0,"SUNDAY, APRIL 5",DATE,0,15
mdp.39015062317733,2,29,0,"MONDAY, APRIL 6",DATE,0,15
mdp.39015062317733,2,30,0,"TUESDAY, APRIL 7",DATE,0,16
mdp.39015062317733,2,31,0,"WEDNESDAY, APRIL 8",DATE,0,18
mdp.39015062317733,2,32,0,"THURSDAY, APRIL 9",DATE,0,17
mdp.39015062317733,2,33,0,"FRIDAY, APRIL 10",DATE,0,16
mdp.39015062317733,2,34,0,SERMON AND LECTURE DAY.1,DATE,0,24
mdp.39015062317733,2,35,0,HYGIENE DAY.,DATE,0,12
mdp.39015062317733,2,36,0,SWAT THE FLY” DAY,DATE,1,18
mdp.39015062317733,2,37,0,TUBERCULOSIS DAY,DATE,0,16
mdp.39015062317733,2,38,0,CHILDREN'S HEALTH DAY,DATE,0,21
mdp.39015062317733,2,39,0,RCH SANITATION DAY,DATE,0,18
mdp.39015062317733,2,41,0,1,CARDINAL,0,1
mdp.39015062317733,2,43,0,2,CARDINAL,20,21
mdp.39015062317733,2,45,0,3,CARDINAL,0,1
mdp.39015062317733,2,48,0,this day,DATE,30,38
mdp.39015062317733,2,48,1,"Sunday, April 5",DATE,40,55
mdp.39015062317733,2,48,2,Booker T. Washington,PERSON,120,140
mdp.39015062317733,2,48,3,National Health Week,EVENT,153,173
mdp.39015062317733,2,49,0,N. B.-It,ORG,0,8
mdp.39015062317733,2,50,0,12,CARDINAL,9,11
mdp.39015062317733,2,51,0,R. R. Moton,PERSON,81,92
mdp.39015062317733,2,51,1,Tuskegee Institute,ORG,105,123
mdp.39015062317733,2,51,2,Alabama,GPE,125,132
mdp.39015062317733,3,0,0,National Negro Health Week,EVENT,0,26
mdp.39015062317733,3,0,1,"April 5 to 11, 1925",DATE,27,46
mdp.39015062317733,3,0,2,Eleventh,ORDINAL,51,59
mdp.39015062317733,3,0,3,Tuskegee Negro Conference,EVENT,111,136
mdp.39015062317733,3,0,4,The National Negro Business League,ORG,141,175
mdp.39015062317733,3,0,5,The United States,GPE,196,213
mdp.39015062317733,3,0,6,THE UNITED STATES,GPE,372,389
mdp.39015062317733,3,0,7,Washington Government Printing Office,ORG,412,449
mdp.39015062317733,3,0,8,1925,DATE,450,454
mdp.39015062317733,4,0,0,WASHINGTON,GPE,138,148
mdp.39015062317733,4,0,1,D. C.,GPE,150,155
mdp.39015062317733,4,0,2,5 CENTS,MONEY,159,166
mdp.39015062317733,5,0,0,FOREWORD,PERSON,0,8
mdp.39015062317733,5,1,0,"April 5 to 11, 1925",DATE,5,24
mdp.39015062317733,5,1,1,annual,DATE,30,36
mdp.39015062317733,5,1,2,Tuskegee Negro Conference,EVENT,37,62
mdp.39015062317733,5,1,3,the National Negro Business League,ORG,67,101
mdp.39015062317733,5,1,4,the United States Public Health Service,ORG,115,154
mdp.39015062317733,5,1,5,Eleventh,ORDINAL,216,224
mdp.39015062317733,5,1,6,National Negro Health Week,EVENT,225,251
mdp.39015062317733,5,2,0,ten such health weeks,DATE,16,37
mdp.39015062317733,5,2,1,1921,DATE,60,64
mdp.39015062317733,5,2,2,the United States Public Health Service,ORG,106,145
mdp.39015062317733,5,3,0,each year,DATE,44,53
mdp.39015062317733,5,4,0,each year,DATE,126,135
mdp.39015062317733,5,4,1,health week,DATE,161,172
mdp.39015062317733,5,5,0,a few years ago,DATE,32,47
mdp.39015062317733,5,5,1,Negro,NORP,102,107
mdp.39015062317733,5,5,2,South,LOC,129,134
mdp.39015062317733,7,0,0,NEGRO HEALTH WEEK,DATE,18,35
mdp.39015062317733,7,1,0,the United States,GPE,47,64
mdp.39015062317733,7,1,1,the past 25 to 50 years,DATE,72,95
mdp.39015062317733,7,1,2,the beginning of 1925,DATE,137,158
mdp.39015062317733,7,2,0,"2,000,000",CARDINAL,13,22
mdp.39015062317733,7,3,0,47 per cent,PERCENT,76,87
mdp.39015062317733,7,3,1,21 per cent,PERCENT,135,146
mdp.39015062317733,7,4,0,Nation,ORG,27,33
mdp.39015062317733,7,5,0,hundred,CARDINAL,102,109
mdp.39015062317733,7,5,1,10,CARDINAL,123,125
mdp.39015062317733,7,5,2,one year,DATE,156,164
mdp.39015062317733,7,6,0,the United States,GPE,14,31
mdp.39015062317733,7,6,1,"345,000,000",MONEY,44,55
mdp.39015062317733,7,6,2,"over $3,500,000,000",MONEY,148,167
mdp.39015062317733,7,8,0,"2,000,000",CARDINAL,37,46
mdp.39015062317733,7,8,1,one,CARDINAL,87,90
mdp.39015062317733,7,9,0,Americans,NORP,24,33
mdp.39015062317733,7,9,1,the two years,DATE,129,142
mdp.39015062317733,7,9,2,the months immediately following,DATE,193,225
mdp.39015062317733,7,10,0,South,LOC,93,98
mdp.39015062317733,7,12,0,Negro,NORP,85,90
mdp.39015062317733,7,13,0,1920,DATE,4,8
mdp.39015062317733,7,13,1,Florida,GPE,53,60
mdp.39015062317733,7,13,2,10.1,CARDINAL,80,84
mdp.39015062317733,7,13,3,16,CARDINAL,106,108
mdp.39015062317733,7,13,4,Maryland,GPE,113,121
mdp.39015062317733,7,13,5,11.74,CARDINAL,123,128
mdp.39015062317733,7,13,6,20.8,CARDINAL,143,147
mdp.39015062317733,7,14,0,States,GPE,42,48
mdp.39015062317733,7,15,0,South Carolina,GPE,17,31
mdp.39015062317733,7,15,1,1921,DATE,39,43
mdp.39015062317733,7,15,2,"1,000",CARDINAL,58,63
mdp.39015062317733,7,15,3,96,CARDINAL,105,107
mdp.39015062317733,7,15,4,1 year of age,DATE,129,142
mdp.39015062317733,7,16,0,only 69,CARDINAL,44,51
mdp.39015062317733,7,16,1,"1,000",CARDINAL,56,61
mdp.39015062317733,7,17,0,States,GPE,70,76
mdp.39015062317733,7,17,1,1920,DATE,111,115
mdp.39015062317733,7,17,2,1910,DATE,136,140
mdp.39015062317733,7,17,3,Negroes,NORP,164,171
mdp.39015062317733,8,0,0,1910,DATE,112,116
mdp.39015062317733,8,0,1,1915,DATE,118,122
mdp.39015062317733,8,0,2,1920,DATE,128,132
mdp.39015062317733,8,1,0,"1,000",CARDINAL,10,15
mdp.39015062317733,8,2,0,1920,DATE,20,24
mdp.39015062317733,8,2,1,1910,DATE,30,34
mdp.39015062317733,8,4,0,1910 1915,DATE,0,9
mdp.39015062317733,8,6,0,0.9,CARDINAL,0,3
mdp.39015062317733,8,11,0,Kentucky,GPE,0,8
mdp.39015062317733,8,11,1,Maryland,GPE,24,32
mdp.39015062317733,8,11,2,White,NORP,34,39
mdp.39015062317733,8,13,0,North Carolina,GPE,0,14
mdp.39015062317733,8,14,0,Virginia,GPE,8,16
mdp.39015062317733,8,14,1,Five,CARDINAL,32,36
mdp.39015062317733,8,16,0,15,CARDINAL,0,2
mdp.39015062317733,8,19,0,only four years,DATE,28,43
mdp.39015062317733,8,19,1,Framingham,GPE,67,77
mdp.39015062317733,8,19,2,Mass.,GPE,79,84
mdp.39015062317733,8,19,3,half,CARDINAL,135,139
mdp.39015062317733,8,20,0,two,CARDINAL,3,6
mdp.39015062317733,8,20,1,Texas,GPE,7,12
mdp.39015062317733,8,20,2,"1,802",CARDINAL,139,144
mdp.39015062317733,8,20,3,"September, 1919",DATE,148,163
mdp.39015062317733,8,20,4,180,CARDINAL,168,171
mdp.39015062317733,8,20,5,"February, 1920",DATE,175,189
mdp.39015062317733,8,21,0,only $1.01,MONEY,129,139
mdp.39015062317733,8,21,1,only 25 cents,MONEY,249,262
mdp.39015062317733,8,22,0,South,LOC,85,90
mdp.39015062317733,8,22,1,South,LOC,445,450
mdp.39015062317733,8,23,0,Theodore Roosevelt,PERSON,61,79
mdp.39015062317733,8,24,0,The United States Public Health Service,ORG,0,39
mdp.39015062317733,8,25,0,Service,ORG,4,11
mdp.39015062317733,9,2,0,the United States,GPE,72,89
mdp.39015062317733,9,3,0,South,LOC,61,66
mdp.39015062317733,9,4,0,about one-half inch,QUANTITY,33,52
mdp.39015062317733,9,8,0,thousands,CARDINAL,24,33
mdp.39015062317733,9,9,0,1,CARDINAL,84,85
mdp.39015062317733,9,9,1,2,CARDINAL,106,107
mdp.39015062317733,9,9,2,3,CARDINAL,156,157
mdp.39015062317733,9,14,0,South,LOC,38,43
mdp.39015062317733,9,19,0,1,CARDINAL,82,83
mdp.39015062317733,9,19,1,2,CARDINAL,210,211
mdp.39015062317733,9,19,2,3,CARDINAL,299,300
mdp.39015062317733,9,21,0,South,LOC,29,34
mdp.39015062317733,10,6,0,about 10 per cent,PERCENT,72,89
mdp.39015062317733,10,15,0,Years ago,DATE,0,9
mdp.39015062317733,10,17,0,recent years,DATE,3,15
mdp.39015062317733,10,18,0,5 years,DATE,102,109
mdp.39015062317733,10,30,0,66,CARDINAL,0,2
mdp.39015062317733,11,4,0,State,ORG,88,93
mdp.39015062317733,11,7,0,recent years,DATE,7,19
mdp.39015062317733,11,7,1,the World War,EVENT,161,174
mdp.39015062317733,11,9,0,600,CARDINAL,3,6
mdp.39015062317733,11,9,1,Sing Sing Prison,FAC,27,43
mdp.39015062317733,11,9,2,59 per cent,PERCENT,69,80
mdp.39015062317733,11,17,0,Army,ORG,47,51
mdp.39015062317733,11,21,0,about 25 per cent,PERCENT,20,37
mdp.39015062317733,12,4,0,early years,DATE,107,118
mdp.39015062317733,12,12,0,their first three years,DATE,39,62
mdp.39015062317733,12,13,0,Only about 50 per cent,PERCENT,0,22
mdp.39015062317733,12,14,0,Schick,PERSON,28,34
mdp.39015062317733,14,5,0,at least every month,DATE,40,60
mdp.39015062317733,14,6,0,at least one,CARDINAL,90,102
mdp.39015062317733,14,6,1,every day,DATE,119,128
mdp.39015062317733,14,9,0,3 months old,DATE,65,77
mdp.39015062317733,14,12,0,summer,DATE,97,103
mdp.39015062317733,14,13,0,the first year,DATE,45,59
mdp.39015062317733,14,15,0,the first year,DATE,45,59
mdp.39015062317733,14,15,1,the first months,DATE,74,90
mdp.39015062317733,15,0,0,Schick,PERSON,39,45
mdp.39015062317733,15,5,0,1,CARDINAL,0,1
mdp.39015062317733,15,5,1,three,CARDINAL,10,15
mdp.39015062317733,15,5,2,each day,DATE,48,56
mdp.39015062317733,15,7,0,2,CARDINAL,0,1
mdp.39015062317733,15,7,1,two,CARDINAL,36,39
mdp.39015062317733,15,7,2,three,CARDINAL,43,48
mdp.39015062317733,15,7,3,one,CARDINAL,71,74
mdp.39015062317733,15,9,0,3,CARDINAL,0,1
mdp.39015062317733,15,9,1,at least 1 pint,QUANTITY,12,27
mdp.39015062317733,15,9,2,each day,DATE,36,44
mdp.39015062317733,15,10,0,4,CARDINAL,0,1
mdp.39015062317733,15,10,1,at least three,CARDINAL,12,26
mdp.39015062317733,15,10,2,four,CARDINAL,42,46
mdp.39015062317733,15,10,3,every day,DATE,64,73
mdp.39015062317733,15,11,0,4,CARDINAL,110,111
mdp.39015062317733,15,11,1,at least 12 hours,TIME,131,148
mdp.39015062317733,15,12,0,6,CARDINAL,9,10
mdp.39015062317733,15,12,1,111 hours,TIME,30,39
mdp.39015062317733,15,13,0,8,CARDINAL,9,10
mdp.39015062317733,15,13,1,11 hours,TIME,30,38
mdp.39015062317733,15,14,0,10,CARDINAL,9,11
mdp.39015062317733,15,14,1,101 hours,TIME,32,41
mdp.39015062317733,15,15,0,12,CARDINAL,9,11
mdp.39015062317733,15,15,1,10 hours,TIME,32,40
mdp.39015062317733,15,16,0,6,CARDINAL,0,1
mdp.39015062317733,15,17,0,at least two hours,TIME,25,43
mdp.39015062317733,15,17,1,daily,DATE,69,74
mdp.39015062317733,15,20,0,7,CARDINAL,0,1
mdp.39015062317733,15,21,0,every day,DATE,25,34
mdp.39015062317733,15,22,0,8,CARDINAL,0,1
mdp.39015062317733,15,23,0,9,CARDINAL,0,1
mdp.39015062317733,15,32,0,one,CARDINAL,25,28
mdp.39015062317733,16,4,0,about 68° F.,QUANTITY,26,38
mdp.39015062317733,16,5,0,winter,DATE,3,9
mdp.39015062317733,16,27,0,2,CARDINAL,0,1
mdp.39015062317733,16,28,0,3,CARDINAL,0,1
mdp.39015062317733,16,29,0,4,CARDINAL,0,1
mdp.39015062317733,17,0,0,State,ORG,102,107
mdp.39015062317733,17,3,0,one,CARDINAL,25,28
mdp.39015062317733,17,11,0,three,CARDINAL,16,21
mdp.39015062317733,17,17,0,every year,DATE,38,48
mdp.39015062317733,18,0,0,1,CARDINAL,48,49
mdp.39015062317733,18,1,0,1,CARDINAL,109,110
mdp.39015062317733,18,2,0,2,CARDINAL,0,1
mdp.39015062317733,18,3,0,3,CARDINAL,0,1
mdp.39015062317733,18,4,0,4,CARDINAL,0,1
mdp.39015062317733,18,5,0,5,CARDINAL,0,1
mdp.39015062317733,18,5,1,The United States Public Health Service,ORG,3,42
mdp.39015062317733,18,8,0,LEALTIT  ,ORG,0,9
mdp.39015062317733,19,0,0,MICHIGAN,GPE,14,22
mdp.39015062317733,19,0,1,UNITED STATES,ORG,23,36
mdp.39015062317733,19,0,2,3 9015,CARDINAL,50,56
mdp.39015062317733,19,2,0,U. S. Public Health Service,ORG,126,153
mdp.39015062317733,19,2,1,16 Seventh Street SW,FAC,155,175
mdp.39015062317733,19,2,2,Washington,GPE,178,188
mdp.39015062317733,19,2,3,D. C.,GPE,190,195
mdp.39015062317733,19,4,0,6,CARDINAL,10,11
mdp.39015062317733,19,5,0,461,CARDINAL,15,18
mdp.39015062317733,19,7,0,532,CARDINAL,14,17
mdp.39015062317733,19,8,0,11,CARDINAL,80,82
mdp.39015062317733,19,9,0,554,CARDINAL,0,3
mdp.39015062317733,19,10,0,16,CARDINAL,29,31
mdp.39015062317733,19,11,0,18,CARDINAL,107,109
mdp.39015062317733,19,12,0,625,CARDINAL,0,3
mdp.39015062317733,19,13,0,21,CARDINAL,20,22
mdp.39015062317733,19,14,0,30,CARDINAL,50,52
mdp.39015062317733,19,15,0,31,CARDINAL,50,52
mdp.39015062317733,19,16,0,626,CARDINAL,25,28
mdp.39015062317733,19,17,0,37,CARDINAL,89,91
mdp.39015062317733,19,18,0,654,CARDINAL,0,3
mdp.39015062317733,19,19,0,68,CARDINAL,70,72
mdp.39015062317733,19,20,0,672,CARDINAL,6,9
mdp.39015062317733,19,22,0,69,CARDINAL,24,26
mdp.39015062317733,19,23,0,707,CARDINAL,17,20
mdp.39015062317733,19,24,0,727,CARDINAL,58,61
mdp.39015062317733,19,24,1,70,CARDINAL,67,69
mdp.39015062317733,19,25,0,753,CARDINAL,15,18
mdp.39015062317733,19,25,1,100,CARDINAL,42,45
mdp.39015062317733,19,26,0,783,CARDINAL,87,90
mdp.39015062317733,19,27,0,150,CARDINAL,6,9
mdp.39015062317733,19,28,0,816,CARDINAL,77,80
mdp.39015062317733,19,29,0,183,CARDINAL,10,13
mdp.39015062317733,19,30,0,213,CARDINAL,45,48
mdp.39015062317733,19,31,0,829,CARDINAL,12,15
mdp.39015062317733,19,32,0,224,CARDINAL,23,26
mdp.39015062317733,19,33,0,832,CARDINAL,69,72
mdp.39015062317733,19,34,0,225,CARDINAL,6,9
mdp.39015062317733,19,35,0,840,CARDINAL,80,83
mdp.39015062317733,19,37,0,256,CARDINAL,6,9
mdp.39015062317733,19,38,0,27,CARDINAL,24,26
mdp.39015062317733,19,40,0,258,CARDINAL,45,48
mdp.39015062317733,19,41,0,28,CARDINAL,72,74
mdp.39015062317733,19,42,0,260,CARDINAL,6,9
mdp.39015062317733,19,45,0,6,CARDINAL,13,14
mdp.39015062317733,19,46,0,31,CARDINAL,76,78
mdp.39015062317733,19,48,0,60,CARDINAL,49,51
mdp.39015062317733,19,53,0,43,CARDINAL,57,59
mdp.39015062317733,19,54,0,651,CARDINAL,56,59
mdp.39015062317733,19,55,0,688,CARDINAL,97,100
mdp.39015062317733,19,56,0,774,CARDINAL,73,76
mdp.39015062317733,19,58,0,7,CARDINAL,48,49
mdp.39015062317733,19,59,0,554,CARDINAL,32,35
mdp.39015062317733,19,60,0,1,CARDINAL,28,29
mdp.39015062317733,19,60,1,3,CARDINAL,56,57
mdp.39015062317733,19,60,2,4,CARDINAL,75,76
mdp.39015062317733,20,5,0,1,CARDINAL,0,1
mdp.39015062317733,20,6,0,2,CARDINAL,0,1
mdp.39015062317733,20,7,0,3,CARDINAL,0,1
mdp.39015062317733,20,9,0,4,CARDINAL,0,1
mdp.39015062317733,20,10,0,5,CARDINAL,0,1
mdp.39015062317733,20,11,0,6,CARDINAL,0,1
mdp.39015062317733,20,13,0,7,CARDINAL,0,1
mdp.39015062317733,20,15,0,8,CARDINAL,0,1
mdp.39015062317733,20,17,0,9,CARDINAL,0,1
mdp.39015062317733,20,19,0,10,CARDINAL,0,2
mdp.39015062317733,20,19,1,6 to 8,CARDINAL,10,16
mdp.39015062317733,20,19,2,daily,DATE,34,39
mdp.39015062317733,20,20,0,11,CARDINAL,0,2
mdp.39015062317733,20,22,0,12,CARDINAL,0,2
mdp.39015062317733,20,24,0,13,CARDINAL,0,2
mdp.39015062317733,20,26,0,14,CARDINAL,0,2
mdp.39015062317733,20,28,0,15,CARDINAL,0,2
mdp.39015062317733,20,32,0,16,CARDINAL,0,2
mdp.39015062317733,20,35,0,17,CARDINAL,0,2
mdp.39015062317733,20,38,0,the United States Public Health Service,ORG,32,71
mdp.39015062317733,20,38,1,Washington,GPE,73,83
mdp.39015062317733,20,38,2,D. C.,GPE,85,90
mdp.39015062317733,20,38,3,your State Department of Health,ORG,95,126
mdp.39015062317733,20,38,4,the State Capital,FAC,130,147
