vol_id,page,sentence_id,ent_id,entity,entity_type,start_char,end_char
osu.32435031348568,2,0,0,Gaylord Bros.,ORG,28,41
osu.32435031348568,2,0,1,Syracuse,GPE,49,57
osu.32435031348568,2,0,2,N. Y.,GPE,59,64
osu.32435031348568,2,0,3,"JAN 21, 1908",DATE,70,82
osu.32435031348568,3,0,0,National Negro Health Week,EVENT,1,27
osu.32435031348568,3,0,1,"April 5 to 11, 1925",DATE,28,47
osu.32435031348568,3,0,2,Eleventh,ORDINAL,58,66
osu.32435031348568,3,0,3,The National Negro Business League,ORG,148,182
osu.32435031348568,3,0,4,The United States,GPE,203,220
osu.32435031348568,3,0,5,THE UNITED STATES,ORG,379,396
osu.32435031348568,3,0,6,Washington Government Printing Office,ORG,419,456
osu.32435031348568,3,0,7,the HEALTH RULES,WORK_OF_ART,506,522
osu.32435031348568,4,1,0,"SUNDAY, APRIL 5",DATE,0,15
osu.32435031348568,4,2,0,"MONDAY, APRIL 6",DATE,0,15
osu.32435031348568,4,3,0,"TUESDAY, APRIL 7",DATE,0,16
osu.32435031348568,4,4,0,"WEDNESDAY, APRIL 8",DATE,0,18
osu.32435031348568,4,5,0,"THURSDAY, APRIL 9",DATE,0,17
osu.32435031348568,4,6,0,"FRIDAY, APRIL 10",DATE,0,16
osu.32435031348568,4,7,0,"SATURDAY, APRIL 11",DATE,0,18
osu.32435031348568,4,8,0,SERMON AND LECTURE DAY.1,DATE,0,24
osu.32435031348568,4,9,0,HYGIENE DAY,DATE,0,11
osu.32435031348568,4,10,0,SWAT THE FLY” DAY,DATE,1,18
osu.32435031348568,4,11,0,TUBERCULOSIS DAY,DATE,0,16
osu.32435031348568,4,12,0,CHILDREN'S HEALTH DAY,DATE,0,21
osu.32435031348568,4,13,0,CHURCH SANITATION DAY,DATE,0,21
osu.32435031348568,4,14,0,GENERAL CLEAN-UP DAY,DATE,0,20
osu.32435031348568,4,17,0,nity hygione,ORG,66,78
osu.32435031348568,4,24,0,consumpday,DATE,35,45
osu.32435031348568,4,31,0,1,CARDINAL,79,80
osu.32435031348568,4,32,0,2,CARDINAL,35,36
osu.32435031348568,4,34,0,3,CARDINAL,0,1
osu.32435031348568,4,35,0,4,CARDINAL,0,1
osu.32435031348568,4,41,0,week,DATE,153,157
osu.32435031348568,4,41,1,Health,ORG,175,181
osu.32435031348568,4,41,2,Wock,ORG,198,202
osu.32435031348568,4,41,3,Saturday,DATE,215,223
osu.32435031348568,4,42,0,day,DATE,38,41
osu.32435031348568,4,46,0,this day,DATE,30,38
osu.32435031348568,4,46,1,"Sunday, April 5",DATE,40,55
osu.32435031348568,4,46,2,Booker T. Washington,PERSON,120,140
osu.32435031348568,4,46,3,National Health Week,EVENT,153,173
osu.32435031348568,4,47,0,N. B.-It,ORG,0,8
osu.32435031348568,4,48,0,12,CARDINAL,9,11
osu.32435031348568,4,49,0,R. R. Moton,PERSON,81,92
osu.32435031348568,4,49,1,Tuskegee Institute,ORG,105,123
osu.32435031348568,4,49,2,Alabama,GPE,125,132
osu.32435031348568,5,0,0,National Negro Health Week,EVENT,0,26
osu.32435031348568,5,0,1,"April 5 to 11, 1925",DATE,27,46
osu.32435031348568,5,0,2,Eleventh,ORDINAL,51,59
osu.32435031348568,5,0,3,Tuskegee Negro Conference,EVENT,111,136
osu.32435031348568,5,0,4,The National Negro Business League,ORG,141,175
osu.32435031348568,5,0,5,The United States,ORG,199,216
osu.32435031348568,5,0,6,THE UNITED STATES,GPE,375,392
osu.32435031348568,5,0,7,Washington Governmont Printing Office,ORG,418,455
osu.32435031348568,6,0,0,RA 431 U5 1925,LAW,1,15
osu.32435031348568,6,0,1,WASHINGTON,GPE,134,144
osu.32435031348568,6,0,2,D. C.,GPE,146,151
osu.32435031348568,6,0,3,5 CENTS,QUANTITY,155,162
osu.32435031348568,7,1,0,"April 5 to 11, 1925",DATE,5,24
osu.32435031348568,7,1,1,annual,DATE,30,36
osu.32435031348568,7,1,2,Tuskegee Negro Conference,EVENT,37,62
osu.32435031348568,7,1,3,the National Negro Business League,ORG,67,101
osu.32435031348568,7,1,4,the United States Public Health Service,ORG,115,154
osu.32435031348568,7,1,5,Eleventh,ORDINAL,216,224
osu.32435031348568,7,1,6,National Negro Health Week,EVENT,225,251
osu.32435031348568,7,2,0,ten such health weeks,DATE,16,37
osu.32435031348568,7,2,1,1921,DATE,60,64
osu.32435031348568,7,2,2,the United States Public Health Service,ORG,106,145
osu.32435031348568,7,3,0,each year,DATE,44,53
osu.32435031348568,7,4,0,each year,DATE,126,135
osu.32435031348568,7,4,1,health week,DATE,161,172
osu.32435031348568,7,5,0,a few years ago,DATE,32,47
osu.32435031348568,7,5,1,Negro,NORP,102,107
osu.32435031348568,7,5,2,South,LOC,129,134
osu.32435031348568,9,0,0,NEGRO HEALTH WEEK,DATE,18,35
osu.32435031348568,9,1,0,the United States,GPE,47,64
osu.32435031348568,9,1,1,the past 25 to 50 years,DATE,72,95
osu.32435031348568,9,1,2,the beginning of 1925,DATE,137,158
osu.32435031348568,9,2,0,"2,000,000",CARDINAL,13,22
osu.32435031348568,9,3,0,47 per cent,PERCENT,76,87
osu.32435031348568,9,3,1,21 per cent,PERCENT,135,146
osu.32435031348568,9,4,0,Nation,ORG,27,33
osu.32435031348568,9,5,0,hundred,CARDINAL,102,109
osu.32435031348568,9,5,1,10,CARDINAL,123,125
osu.32435031348568,9,5,2,one year,DATE,156,164
osu.32435031348568,9,6,0,the United States,GPE,14,31
osu.32435031348568,9,6,1,"345,000,000",MONEY,44,55
osu.32435031348568,9,6,2,"over $3,500,000,000",MONEY,148,167
osu.32435031348568,9,8,0,"2,000,000",CARDINAL,37,46
osu.32435031348568,9,8,1,one,CARDINAL,87,90
osu.32435031348568,9,9,0,Americans,NORP,24,33
osu.32435031348568,9,9,1,the two years,DATE,129,142
osu.32435031348568,9,9,2,the months immediately following,DATE,193,225
osu.32435031348568,9,10,0,South,LOC,93,98
osu.32435031348568,9,12,0,Negro,NORP,85,90
osu.32435031348568,9,12,1,1920,DATE,183,187
osu.32435031348568,9,12,2,Florida,GPE,232,239
osu.32435031348568,9,12,3,10.1,CARDINAL,259,263
osu.32435031348568,9,12,4,16,CARDINAL,285,287
osu.32435031348568,9,12,5,Maryland,GPE,292,300
osu.32435031348568,9,12,6,11.74,CARDINAL,302,307
osu.32435031348568,9,12,7,20.8,CARDINAL,322,326
osu.32435031348568,9,13,0,States,GPE,42,48
osu.32435031348568,9,14,0,South Carolina,GPE,17,31
osu.32435031348568,9,14,1,1921,DATE,39,43
osu.32435031348568,9,14,2,"1,000",CARDINAL,58,63
osu.32435031348568,9,14,3,96,CARDINAL,105,107
osu.32435031348568,9,14,4,1 year of age,DATE,129,142
osu.32435031348568,9,15,0,only 69,CARDINAL,44,51
osu.32435031348568,9,15,1,"1,000",CARDINAL,56,61
osu.32435031348568,9,16,0,States,GPE,70,76
osu.32435031348568,9,16,1,1920,DATE,111,115
osu.32435031348568,9,16,2,1910,DATE,136,140
osu.32435031348568,9,16,3,Negroes,NORP,164,171
osu.32435031348568,10,0,0,COLOR,DATE,106,111
osu.32435031348568,10,0,1,1910,DATE,113,117
osu.32435031348568,10,0,2,1915,DATE,119,123
osu.32435031348568,10,0,3,1920,DATE,129,133
osu.32435031348568,10,2,0,"1,000",CARDINAL,10,15
osu.32435031348568,10,3,0,1920,DATE,20,24
osu.32435031348568,10,3,1,1910,DATE,30,34
osu.32435031348568,10,4,0,1910 1915,DATE,7,16
osu.32435031348568,10,6,0,0.9,CARDINAL,0,3
osu.32435031348568,10,6,1,3,CARDINAL,37,38
osu.32435031348568,10,8,0,Kentucky,GPE,0,8
osu.32435031348568,10,9,0,Maryland,GPE,8,16
osu.32435031348568,10,10,0,North Carolina,GPE,0,14
osu.32435031348568,10,12,0,Virginia,GPE,0,8
osu.32435031348568,10,12,1,Five,CARDINAL,24,28
osu.32435031348568,10,13,0,15,CARDINAL,0,2
osu.32435031348568,10,17,0,only four years,DATE,28,43
osu.32435031348568,10,17,1,Framingham,GPE,67,77
osu.32435031348568,10,17,2,Mass.,GPE,79,84
osu.32435031348568,10,17,3,half,CARDINAL,135,139
osu.32435031348568,10,18,0,two,CARDINAL,3,6
osu.32435031348568,10,18,1,Texas,GPE,7,12
osu.32435031348568,10,18,2,"1,802",CARDINAL,139,144
osu.32435031348568,10,18,3,"September, 1919",DATE,148,163
osu.32435031348568,10,18,4,180,CARDINAL,168,171
osu.32435031348568,10,18,5,"February, 1920",DATE,175,189
osu.32435031348568,10,19,0,annual,DATE,103,109
osu.32435031348568,10,19,1,only $1.01,MONEY,129,139
osu.32435031348568,10,19,2,only 25 cents,MONEY,249,262
osu.32435031348568,10,20,0,South,LOC,85,90
osu.32435031348568,10,20,1,South,LOC,445,450
osu.32435031348568,10,21,0,Theodore Roosevelt,PERSON,61,79
osu.32435031348568,10,22,0,The United States Public Health Service,ORG,0,39
osu.32435031348568,10,23,0,Service,ORG,4,11
osu.32435031348568,11,2,0,the United States,GPE,72,89
osu.32435031348568,11,3,0,South,LOC,61,66
osu.32435031348568,11,4,0,about one-half inch,QUANTITY,33,52
osu.32435031348568,11,8,0,thousands,CARDINAL,24,33
osu.32435031348568,11,9,0,1,CARDINAL,84,85
osu.32435031348568,11,9,1,2,CARDINAL,106,107
osu.32435031348568,11,9,2,3,CARDINAL,156,157
osu.32435031348568,11,14,0,South,LOC,38,43
osu.32435031348568,11,19,0,1,CARDINAL,82,83
osu.32435031348568,11,19,1,2,CARDINAL,210,211
osu.32435031348568,11,19,2,3,CARDINAL,299,300
osu.32435031348568,11,21,0,South,LOC,29,34
osu.32435031348568,11,22,0,3,CARDINAL,53,54
osu.32435031348568,12,7,0,about 10 per cent,PERCENT,78,95
osu.32435031348568,12,16,0,Years ago,DATE,0,9
osu.32435031348568,12,18,0,recent years,DATE,3,15
osu.32435031348568,12,19,0,5 years old,DATE,102,113
osu.32435031348568,13,4,0,State,ORG,88,93
osu.32435031348568,13,7,0,recent years,DATE,7,19
osu.32435031348568,13,7,1,the World War,EVENT,161,174
osu.32435031348568,13,9,0,600,CARDINAL,3,6
osu.32435031348568,13,9,1,Sing Sing Prison,FAC,27,43
osu.32435031348568,13,9,2,59 per cent,PERCENT,69,80
osu.32435031348568,13,17,0,Army,ORG,47,51
osu.32435031348568,13,21,0,about 25 per cent,PERCENT,20,37
osu.32435031348568,14,4,0,early years,DATE,107,118
osu.32435031348568,14,12,0,their first three years,DATE,39,62
osu.32435031348568,14,13,0,Only about 50 per cent,PERCENT,0,22
osu.32435031348568,14,14,0,Schick,PERSON,28,34
osu.32435031348568,16,6,0,at least every month,DATE,40,60
osu.32435031348568,16,7,0,at least one,CARDINAL,90,102
osu.32435031348568,16,7,1,every day,DATE,119,128
osu.32435031348568,16,10,0,3 months old,DATE,65,77
osu.32435031348568,16,13,0,summer,DATE,97,103
osu.32435031348568,16,14,0,the first year,DATE,45,59
osu.32435031348568,16,16,0,the first year,DATE,45,59
osu.32435031348568,16,16,1,the first months,DATE,74,90
osu.32435031348568,17,0,0,Schick,PERSON,41,47
osu.32435031348568,17,5,0,1,CARDINAL,0,1
osu.32435031348568,17,5,1,three,CARDINAL,10,15
osu.32435031348568,17,5,2,each day,DATE,48,56
osu.32435031348568,17,7,0,2,CARDINAL,0,1
osu.32435031348568,17,7,1,two,CARDINAL,37,40
osu.32435031348568,17,7,2,three,CARDINAL,44,49
osu.32435031348568,17,7,3,one,CARDINAL,72,75
osu.32435031348568,17,9,0,3,CARDINAL,0,1
osu.32435031348568,17,9,1,at least 1 pint,QUANTITY,12,27
osu.32435031348568,17,9,2,each day,DATE,36,44
osu.32435031348568,17,10,0,at least three,CARDINAL,12,26
osu.32435031348568,17,10,1,four,CARDINAL,42,46
osu.32435031348568,17,10,2,every day,DATE,64,73
osu.32435031348568,17,11,0,4,CARDINAL,110,111
osu.32435031348568,17,11,1,at least 12 hours,TIME,131,148
osu.32435031348568,17,12,0,6,CARDINAL,9,10
osu.32435031348568,17,12,1,117 hours,TIME,30,39
osu.32435031348568,17,13,0,8,CARDINAL,9,10
osu.32435031348568,17,13,1,11 hours,TIME,30,38
osu.32435031348568,17,14,0,10,CARDINAL,9,11
osu.32435031348568,17,14,1,104 hours,TIME,32,41
osu.32435031348568,17,15,0,12,CARDINAL,9,11
osu.32435031348568,17,15,1,10 hours,TIME,32,40
osu.32435031348568,17,16,0,6,CARDINAL,0,1
osu.32435031348568,17,17,0,at least two hours,TIME,25,43
osu.32435031348568,17,17,1,daily,DATE,69,74
osu.32435031348568,17,21,0,every day,DATE,25,34
osu.32435031348568,17,32,0,one,CARDINAL,25,28
osu.32435031348568,17,33,0,9,CARDINAL,1,2
osu.32435031348568,18,5,0,about 68° F.,QUANTITY,26,38
osu.32435031348568,18,6,0,winter,DATE,3,9
osu.32435031348568,18,28,0,2,CARDINAL,0,1
osu.32435031348568,18,29,0,3,CARDINAL,0,1
osu.32435031348568,18,30,0,4,CARDINAL,0,1
osu.32435031348568,19,0,0,State,ORG,105,110
osu.32435031348568,19,3,0,one,CARDINAL,25,28
osu.32435031348568,19,11,0,three,CARDINAL,16,21
osu.32435031348568,19,17,0,every year,DATE,38,48
osu.32435031348568,20,0,0,References for Health Information and Materials,ORG,1,48
osu.32435031348568,20,0,1,1,CARDINAL,49,50
osu.32435031348568,20,1,0,1,CARDINAL,109,110
osu.32435031348568,20,2,0,2,CARDINAL,0,1
osu.32435031348568,20,3,0,3,CARDINAL,0,1
osu.32435031348568,20,4,0,4,CARDINAL,0,1
osu.32435031348568,20,5,0,5,CARDINAL,0,1
osu.32435031348568,20,5,1,The United States Public Health Service,ORG,3,42
osu.32435031348568,20,8,0,Oland SERVICES,ORG,0,14
osu.32435031348568,21,0,0,UNITED STATES PUBLIC HEALTH SERVICE,ORG,3,38
osu.32435031348568,21,3,0,U. S. Public Health Service,ORG,126,153
osu.32435031348568,21,3,1,16 Seventh Street SW,FAC,155,175
osu.32435031348568,21,3,2,Washington,GPE,178,188
osu.32435031348568,21,3,3,D. C.,GPE,190,195
osu.32435031348568,21,5,0,6,CARDINAL,10,11
osu.32435031348568,21,6,0,Pellagra,PERSON,0,8
osu.32435031348568,21,6,1,461,CARDINAL,15,18
osu.32435031348568,21,7,0,532,CARDINAL,95,98
osu.32435031348568,21,8,0,11,CARDINAL,83,85
osu.32435031348568,21,9,0,554,CARDINAL,0,3
osu.32435031348568,21,10,0,16,CARDINAL,29,31
osu.32435031348568,21,11,0,18,CARDINAL,107,109
osu.32435031348568,21,12,0,625,CARDINAL,0,3
osu.32435031348568,21,13,0,21,CARDINAL,20,22
osu.32435031348568,21,14,0,30,CARDINAL,50,52
osu.32435031348568,21,15,0,31,CARDINAL,50,52
osu.32435031348568,21,16,0,626,CARDINAL,25,28
osu.32435031348568,21,17,0,37,CARDINAL,89,91
osu.32435031348568,21,18,0,654,CARDINAL,0,3
osu.32435031348568,21,19,0,68,CARDINAL,70,72
osu.32435031348568,21,20,0,672,CARDINAL,6,9
osu.32435031348568,21,22,0,69,CARDINAL,24,26
osu.32435031348568,21,23,0,707,CARDINAL,17,20
osu.32435031348568,21,24,0,727,CARDINAL,58,61
osu.32435031348568,21,24,1,70,CARDINAL,67,69
osu.32435031348568,21,25,0,753,CARDINAL,15,18
osu.32435031348568,21,26,0,100,CARDINAL,21,24
osu.32435031348568,21,27,0,783,CARDINAL,87,90
osu.32435031348568,21,28,0,150,CARDINAL,6,9
osu.32435031348568,21,29,0,816,CARDINAL,77,80
osu.32435031348568,21,30,0,183,CARDINAL,10,13
osu.32435031348568,21,31,0,213,CARDINAL,45,48
osu.32435031348568,21,32,0,829,CARDINAL,12,15
osu.32435031348568,21,33,0,224,CARDINAL,23,26
osu.32435031348568,21,34,0,832,CARDINAL,69,72
osu.32435031348568,21,35,0,225,CARDINAL,6,9
osu.32435031348568,21,36,0,840,CARDINAL,80,83
osu.32435031348568,21,37,0,256,CARDINAL,6,9
osu.32435031348568,21,38,0,27,CARDINAL,24,26
osu.32435031348568,21,40,0,258,CARDINAL,45,48
osu.32435031348568,21,41,0,28,CARDINAL,72,74
osu.32435031348568,21,42,0,260,CARDINAL,6,9
osu.32435031348568,21,45,0,6,CARDINAL,13,14
osu.32435031348568,21,46,0,31,CARDINAL,76,78
osu.32435031348568,21,48,0,60,CARDINAL,49,51
osu.32435031348568,21,50,0,32,CARDINAL,56,58
osu.32435031348568,21,53,0,43,CARDINAL,57,59
osu.32435031348568,21,54,0,651,CARDINAL,56,59
osu.32435031348568,21,55,0,688,CARDINAL,97,100
osu.32435031348568,21,56,0,774,CARDINAL,73,76
osu.32435031348568,21,58,0,7,CARDINAL,48,49
osu.32435031348568,21,59,0,554,CARDINAL,32,35
osu.32435031348568,21,60,0,1,CARDINAL,33,34
osu.32435031348568,21,60,1,3,CARDINAL,61,62
osu.32435031348568,21,60,2,4,CARDINAL,80,81
osu.32435031348568,22,5,0,80,CARDINAL,29,31
osu.32435031348568,22,14,0,17,CARDINAL,0,2
osu.32435031348568,22,17,0,the United States Public Health Service,ORG,32,71
osu.32435031348568,22,17,1,Washington,GPE,73,83
osu.32435031348568,22,17,2,D. C.,GPE,85,90
osu.32435031348568,22,17,3,your State Department of Health,ORG,95,126
osu.32435031348568,22,17,4,the State Capital,FAC,130,147
osu.32435031348568,23,4,0,1,CARDINAL,0,1
osu.32435031348568,23,5,0,2,CARDINAL,0,1
osu.32435031348568,23,6,0,3,CARDINAL,0,1
osu.32435031348568,23,8,0,4,CARDINAL,0,1
osu.32435031348568,23,9,0,5,CARDINAL,0,1
osu.32435031348568,23,10,0,6,CARDINAL,0,1
osu.32435031348568,23,12,0,7,CARDINAL,0,1
osu.32435031348568,23,14,0,8,CARDINAL,0,1
osu.32435031348568,23,16,0,9,CARDINAL,0,1
osu.32435031348568,23,18,0,10,CARDINAL,0,2
osu.32435031348568,23,18,1,6 to 8,CARDINAL,10,16
osu.32435031348568,23,18,2,daily,DATE,34,39
osu.32435031348568,23,19,0,11,CARDINAL,0,2
osu.32435031348568,23,21,0,12,CARDINAL,0,2
osu.32435031348568,23,23,0,13,CARDINAL,0,2
osu.32435031348568,23,25,0,14,CARDINAL,0,2
osu.32435031348568,23,27,0,15,CARDINAL,0,2
osu.32435031348568,23,31,0,16,CARDINAL,0,2
osu.32435031348568,23,34,0,17,CARDINAL,0,2
osu.32435031348568,23,37,0,the United States Public Health Service,ORG,32,71
osu.32435031348568,23,37,1,Washington,GPE,73,83
osu.32435031348568,23,37,2,D. C.,GPE,85,90
osu.32435031348568,23,37,3,your State Department of Health,ORG,95,126
osu.32435031348568,23,37,4,the State Capital,FAC,130,147
osu.32435031348568,25,0,0,1925,CARDINAL,17,21
osu.32435031348568,26,0,0,The Ohio State University,ORG,1,26
